# Blender 5.0.1
# www.blender.org
mtllib policecar_blend.mtl
o purplecarrpro_7.001
v 0.626177 0.974108 -1.603790
v 0.622937 0.996507 -1.570200
v 0.669617 0.970232 -1.612970
v 0.644248 0.986456 -1.563430
v 0.617145 1.018910 -1.536620
v 0.652997 0.992630 -1.543250
v 0.688848 0.966355 -1.549890
v 0.631258 0.976112 -0.450218
v 0.658725 0.975130 -0.478278
v 0.644253 0.992774 -0.492288
v 0.622874 1.002090 -0.485263
v 0.688848 0.974149 -0.506338
v 0.652997 1.001100 -0.513324
v 0.617145 1.028060 -0.520308
v 0.932411 0.334915 -1.722850
v 0.969175 0.088241 -1.688000
v 0.921661 0.079286 -1.799140
v 0.899260 0.361622 -1.809810
v 0.851303 0.105769 -1.998884
v 0.806968 0.382827 -1.932540
v 0.945952 0.328321 -0.091869
v 0.907401 0.359907 -0.070299
v 0.869151 0.390982 -0.048676
v 0.000000 1.026120 -1.519180
v 0.000000 1.002290 -1.554900
v 0.000000 0.978471 -1.590630
v 0.691733 0.972987 -1.068440
v 0.691733 0.972987 -1.120640
v 0.000000 0.975074 -0.411605
v 0.000000 1.002700 -0.448878
v 0.000000 1.030330 -0.486152
v 0.937653 0.401400 -0.190437
v 0.945978 0.395985 -0.927769
v 0.892692 0.391570 -0.928962
v 0.884381 0.396825 -0.191173
v 0.000000 -0.364673 -1.986124
v 0.000000 0.087644 -1.997304
v 0.831068 -0.362214 -1.981184
v 0.601882 0.940762 -0.394200
v 0.000000 0.936736 -0.396009
v 0.628417 0.932623 -0.433491
v 0.000000 0.928743 -0.435092
v 0.954339 0.324107 -0.994260
v 0.954555 0.323025 -1.050350
v 0.927972 0.405224 -1.618550
v 0.706682 0.915184 -1.530950
v 0.889349 0.403826 -1.611770
v 0.684252 0.916798 -1.523370
v 0.705969 0.923713 -0.514494
v 0.711864 0.928053 -0.997196
v 0.946172 0.392773 -1.125400
v 0.710656 0.928092 -1.182520
v 0.726143 0.435288 -1.902230
v 0.000000 0.425007 -1.897640
v 0.000000 0.405748 -1.862710
v 0.726859 0.416209 -1.867300
v 0.805621 0.437690 -0.064955
v 0.000000 0.423144 -0.062786
v 0.000000 0.376384 -0.048570
v 0.434575 0.383683 -0.048623
v 0.000000 0.409945 -0.106200
v 0.806845 0.424847 -0.108226
v 0.663652 0.927013 -0.996424
v 0.892922 0.388109 -1.126590
v 0.662231 0.926971 -1.181920
v 0.657515 0.922782 -0.513246
v 0.416789 0.367453 0.103753
v 0.399003 0.351223 0.256130
v 0.833578 0.358910 0.136469
v 0.798006 0.326837 0.321614
v 0.917243 0.303981 0.350108
v 0.737646 0.285435 0.475046
v 0.530772 0.178256 0.730361
v 0.757790 0.108293 0.712290
v 0.677287 0.244033 0.628477
v 0.000000 -0.363657 0.885206
v 0.454808 -0.363657 0.886514
v 0.000000 -0.079458 0.871556
v 0.413469 -0.079122 0.887051
v 0.988745 0.274474 0.291332
v 0.917243 0.215933 0.609618
v 1.002140 0.186314 0.528448
v 0.940026 -0.003855 0.685759
v 0.760384 -0.363657 0.824565
v 0.898620 -0.357492 0.702606
v 0.759087 -0.127682 0.768427
v 0.969997 -0.357854 0.561594
v 0.990463 -0.185518 0.540506
v 1.036230 -0.020161 0.367050
v 1.033720 0.064181 0.129074
v 1.005510 0.110103 -0.125545
v 1.015550 0.109866 -0.933077
v 0.934819 -0.359358 -0.945169
v 1.016650 0.109871 -0.997265
v 0.931790 -0.361345 -0.863269
v 0.888216 -0.363657 -1.699170
v 0.973515 -0.358263 0.402383
v 0.911888 -0.359033 0.102161
v 0.918522 -0.359804 -0.198062
v 0.925156 -0.360574 -0.498284
v 0.000000 0.367912 -1.927300
v 0.907018 -0.363657 -1.788790
v 0.368823 0.313975 0.403172
v 0.338643 0.276726 0.550213
v 0.265386 0.226256 0.654934
v 0.000000 0.175786 0.759654
v 0.383803 0.110528 0.789522
v 0.000000 0.112478 0.847291
v 0.371497 0.377596 0.280029
v 0.399144 0.359407 0.257462
v 0.378856 0.385812 0.234001
v 0.301654 0.301664 0.568825
v 0.338783 0.284833 0.551532
v 0.320788 0.316441 0.527489
v 0.390942 0.397215 0.130515
v 0.416931 0.375661 0.105089
v 0.396415 0.402210 0.083622
v 0.341523 0.341830 0.426378
v 0.368964 0.322125 0.404498
v 0.350782 0.353257 0.381269
v 0.214002 0.261868 0.660774
v 0.265525 0.234330 0.656247
v 0.255807 0.271180 0.634925
v 0.000000 0.431468 -0.019679
v 0.408487 0.412544 -0.019857
v 0.000000 0.384618 -0.047231
v 0.434717 0.391905 -0.047286
v 0.000000 0.246732 0.728452
v 0.000000 0.183864 0.760968
v 0.578029 0.919562 -1.632600
v 0.000000 0.923307 -1.622040
v 0.578745 0.900483 -1.597680
v 0.000000 0.904227 -1.587110
v -0.626177 0.974108 -1.603790
v -0.669617 0.970232 -1.612970
v -0.622937 0.996507 -1.570200
v -0.644248 0.986456 -1.563430
v -0.617145 1.018910 -1.536620
v -0.652997 0.992630 -1.543250
v -0.688848 0.966355 -1.549890
v -0.631258 0.976112 -0.450218
v -0.622874 1.002090 -0.485263
v -0.644253 0.992774 -0.492288
v -0.658725 0.975130 -0.478278
v -0.688848 0.974149 -0.506338
v -0.652997 1.001100 -0.513324
v -0.617145 1.028060 -0.520308
v -0.932411 0.334915 -1.722850
v -0.899260 0.361622 -1.809810
v -0.921661 0.079286 -1.799140
v -0.969175 0.088241 -1.688000
v -0.806968 0.382827 -1.932540
v -0.851303 0.105769 -1.998884
v -0.945952 0.328321 -0.091869
v -0.907401 0.359907 -0.070299
v -0.869151 0.390982 -0.048676
v -0.691733 0.972987 -1.120640
v -0.691733 0.972987 -1.068440
v -0.937653 0.401400 -0.190437
v -0.884381 0.396825 -0.191173
v -0.892692 0.391570 -0.928962
v -0.945978 0.395985 -0.927769
v -0.831068 -0.362214 -1.981184
v -0.601882 0.940762 -0.394200
v -0.628417 0.932623 -0.433491
v -0.954555 0.323025 -1.050350
v -0.954339 0.324107 -0.994260
v -0.927972 0.405224 -1.618550
v -0.889349 0.403826 -1.611770
v -0.706682 0.915184 -1.530950
v -0.684252 0.916798 -1.523370
v -0.705969 0.923713 -0.514494
v -0.711864 0.928053 -0.997196
v -0.946172 0.392773 -1.125400
v -0.710656 0.928092 -1.182520
v -0.726143 0.435288 -1.902230
v -0.726859 0.416209 -1.867300
v -0.805621 0.437690 -0.064955
v -0.434575 0.383683 -0.048623
v -0.806845 0.424847 -0.108226
v -0.663652 0.927013 -0.996424
v -0.892922 0.388109 -1.126590
v -0.662231 0.926971 -1.181920
v -0.657515 0.922782 -0.513246
v -0.416789 0.367453 0.103753
v -0.833578 0.358910 0.136469
v -0.399003 0.351223 0.256130
v -0.798006 0.326837 0.321614
v -0.917243 0.303981 0.350108
v -0.737646 0.285435 0.475046
v -0.530772 0.178256 0.730361
v -0.677287 0.244033 0.628477
v -0.757790 0.108293 0.712290
v -0.454808 -0.363657 0.886514
v -0.413469 -0.079122 0.887051
v -0.988745 0.274474 0.291332
v -0.917243 0.215933 0.609618
v -1.002140 0.186314 0.528448
v -0.940026 -0.003855 0.685759
v -0.898620 -0.357492 0.702606
v -0.760384 -0.363657 0.824565
v -0.759087 -0.127682 0.768427
v -0.969997 -0.357854 0.561594
v -0.990463 -0.185518 0.540506
v -1.036230 -0.020161 0.367050
v -1.033720 0.064181 0.129074
v -1.005510 0.110103 -0.125545
v -1.015550 0.109866 -0.933077
v -0.934819 -0.359358 -0.945169
v -0.931790 -0.361345 -0.863269
v -1.016650 0.109871 -0.997265
v -0.888216 -0.363657 -1.699170
v -0.973515 -0.358263 0.402383
v -0.911888 -0.359033 0.102161
v -0.918522 -0.359804 -0.198062
v -0.925156 -0.360574 -0.498284
v -0.907018 -0.363657 -1.788790
v -0.338643 0.276726 0.550213
v -0.368823 0.313975 0.403172
v -0.383803 0.110528 0.789522
v -0.265386 0.226256 0.654934
v -0.371497 0.377596 0.280029
v -0.378856 0.385812 0.234001
v -0.399144 0.359407 0.257462
v -0.301654 0.301664 0.568825
v -0.320788 0.316441 0.527489
v -0.338783 0.284833 0.551532
v -0.390942 0.397215 0.130515
v -0.396415 0.402210 0.083622
v -0.416931 0.375661 0.105089
v -0.341523 0.341830 0.426378
v -0.350782 0.353257 0.381269
v -0.368964 0.322125 0.404498
v -0.214002 0.261868 0.660774
v -0.255807 0.271180 0.634925
v -0.265525 0.234330 0.656247
v -0.408487 0.412544 -0.019857
v -0.434717 0.391905 -0.047286
v -0.578029 0.919562 -1.632600
v -0.578745 0.900483 -1.597680
v 0.143301 0.817290 -0.322064
v 0.000000 0.815414 -0.322260
v 0.130689 0.963196 -0.436610
v 0.000000 0.962099 -0.437137
v 0.714172 0.822918 -0.393238
v 0.523882 0.821042 -0.346896
v 0.663723 0.966486 -0.483998
v 0.486045 0.965389 -0.449106
v 0.333591 0.819166 -0.321868
v 0.308367 0.964293 -0.436285
v 0.865518 0.392213 -0.138307
v 0.637391 0.388000 -0.097745
v 0.599555 0.532347 -0.168358
v 0.815070 0.535782 -0.219639
v 0.764621 0.679350 -0.306691
v 0.561718 0.676695 -0.257586
v 0.409264 0.383787 -0.065669
v 0.384040 0.528913 -0.136912
v 0.358816 0.674040 -0.229390
v 0.181137 0.379573 -0.064971
v 0.168525 0.525479 -0.136595
v 0.155913 0.671385 -0.229330
v 0.000000 0.375360 -0.062935
v 0.000000 0.522045 -0.136279
v 0.000000 0.668729 -0.229270
v 0.749610 0.753638 -0.770793
v 0.656131 0.941962 -0.824689
v 0.751110 0.754016 -0.971772
v 0.656414 0.943459 -0.995640
v 0.834530 0.564617 -1.308080
v 0.828384 0.562110 -1.153380
v 0.896951 0.371458 -1.133800
v 0.901234 0.377019 -1.305460
v 0.830589 0.569632 -1.617500
v 0.836285 0.567125 -1.462800
v 0.900306 0.382579 -1.477120
v 0.892140 0.388140 -1.648780
v 0.679321 0.932616 -1.554950
v 0.673558 0.936215 -1.434140
v 0.760702 0.751670 -1.448470
v 0.759407 0.751124 -1.586230
v 0.665431 0.939815 -1.313340
v 0.755929 0.752216 -1.310710
v 0.655305 0.943414 -1.192530
v 0.750440 0.752762 -1.172950
v 0.898459 0.376990 -0.663002
v 0.830389 0.565314 -0.716898
v 0.896036 0.375131 -0.924035
v 0.827234 0.564574 -0.947904
v 0.874639 0.380709 -0.140934
v 0.810407 0.566795 -0.254885
v 0.894678 0.378849 -0.401968
v 0.827705 0.566055 -0.485891
v 0.733105 0.752881 -0.368836
v 0.747182 0.753260 -0.569815
v 0.650864 0.938967 -0.482788
v 0.653109 0.940465 -0.653738
v 0.578745 0.900483 -1.597680
v 0.726859 0.416209 -1.867300
v 0.000000 0.405748 -1.862710
v 0.000000 0.904227 -1.587110
v -0.143301 0.817290 -0.322064
v -0.130689 0.963196 -0.436610
v -0.714172 0.822918 -0.393238
v -0.663723 0.966486 -0.483998
v -0.523882 0.821042 -0.346896
v -0.486045 0.965389 -0.449106
v -0.333591 0.819166 -0.321868
v -0.308367 0.964293 -0.436285
v -0.865518 0.392213 -0.138307
v -0.815070 0.535782 -0.219639
v -0.599555 0.532347 -0.168358
v -0.637391 0.388000 -0.097745
v -0.764621 0.679350 -0.306691
v -0.561718 0.676695 -0.257586
v -0.384040 0.528913 -0.136912
v -0.409264 0.383787 -0.065669
v -0.358816 0.674040 -0.229390
v -0.181137 0.379573 -0.064971
v -0.168525 0.525479 -0.136595
v -0.155913 0.671385 -0.229330
v -0.749610 0.753638 -0.770793
v -0.751110 0.754016 -0.971772
v -0.656131 0.941962 -0.824689
v -0.656414 0.943459 -0.995640
v -0.834530 0.564617 -1.308080
v -0.901234 0.377019 -1.305460
v -0.896951 0.371458 -1.133800
v -0.828384 0.562110 -1.153380
v -0.830589 0.569632 -1.617500
v -0.892140 0.388140 -1.648780
v -0.900306 0.382579 -1.477120
v -0.836285 0.567125 -1.462800
v -0.679321 0.932616 -1.554950
v -0.759407 0.751124 -1.586230
v -0.760702 0.751670 -1.448470
v -0.673558 0.936215 -1.434140
v -0.755929 0.752216 -1.310710
v -0.665431 0.939815 -1.313340
v -0.750440 0.752762 -1.172950
v -0.655305 0.943414 -1.192530
v -0.898459 0.376990 -0.663002
v -0.896036 0.375131 -0.924035
v -0.830389 0.565314 -0.716898
v -0.827234 0.564574 -0.947904
v -0.874639 0.380709 -0.140934
v -0.894678 0.378849 -0.401968
v -0.810407 0.566795 -0.254885
v -0.827705 0.566055 -0.485891
v -0.733105 0.752881 -0.368836
v -0.747182 0.753260 -0.569815
v -0.650864 0.938967 -0.482788
v -0.653109 0.940465 -0.653738
v -0.578745 0.900483 -1.597680
v -0.726859 0.416209 -1.867300
v 1.006730 -0.064658 -1.018720
v 1.027430 -0.219939 -1.040190
v 1.042140 -0.057470 -1.040060
v 1.011080 -0.440484 -1.174830
v 1.024510 -0.507925 -1.325090
v 1.043000 -0.427091 -1.191110
v 1.083740 -0.267481 -0.394370
v 1.083630 -0.411007 -0.231776
v 1.029410 -0.322183 -0.456697
v 1.042110 -0.429180 -0.346602
v -0.850446 -0.047485 -1.613680
v -0.850446 -0.216929 -1.593210
v -0.781805 -0.183355 -1.613680
v -0.781816 -0.013910 -1.593210
v 0.781776 0.057810 -1.353670
v 0.850446 0.053966 -1.339900
v 0.781841 -0.003693 -1.277320
v 0.850446 0.068253 -0.165216
v 0.850446 0.061233 -0.041008
v 0.781806 0.068253 -0.053465
v 0.781706 0.061232 -0.177675
v 0.850446 -0.059544 -1.246590
v 0.781805 -0.095136 -1.241940
v -0.781755 -0.410768 -1.646010
v -0.781595 -0.211852 -1.790150
v -0.781805 -0.299092 -1.486140
v 1.029550 0.232536 0.094204
v 1.083830 0.159055 0.060492
v 1.042110 0.274786 -0.051208
v 1.009080 0.294437 -0.053314
v 0.780881 0.235349 -1.327870
v 0.781774 0.071583 -1.473710
v 0.781805 -0.299092 -1.486140
v 0.781744 -0.406521 -1.653630
v 0.781745 -0.479063 -1.469430
v 0.781805 -0.183355 -1.613680
v 0.781643 -0.199294 -1.791270
v -1.009450 0.281028 -1.359950
v -1.041790 0.263304 -1.369030
v -1.027200 0.226424 -1.216820
v -1.082930 0.182729 -1.299340
v 1.011080 -0.174096 -1.839490
v 1.025790 -0.015103 -1.822920
v 1.042110 -0.164015 -1.820620
v 0.834758 -0.215357 -1.823970
v 0.836976 -0.112460 -1.836900
v 1.029410 -0.322183 -1.777620
v 1.083660 -0.342860 -1.657700
v 1.027960 -0.406819 -1.711010
v 1.009080 -0.498033 -1.587190
v 0.834757 -0.506351 -1.540570
v 0.834758 -0.464481 -1.637990
v 0.836976 -0.405049 -1.144820
v 0.833222 -0.468539 -1.230050
v 1.027960 -0.311181 -1.076130
v 1.083630 -0.237855 -1.134680
v 1.083720 -0.021705 -1.121100
v 1.027430 0.086499 -1.080530
v -0.781745 -0.400249 -0.338780
v -0.781755 -0.247373 -0.450464
v -0.781805 -0.205786 -0.278727
v -0.781805 -0.299092 -0.165216
v 1.026580 0.267716 -1.534950
v 1.083980 0.154260 -1.618330
v 1.027900 0.228780 -1.637810
v 1.028230 0.165077 -1.721150
v 1.027970 0.080270 -1.784410
v 0.833222 -0.315628 -1.783380
v 0.836976 -0.400863 -1.719890
v 0.836156 -0.522493 -1.432410
v 0.781763 -0.452426 -1.290670
v 0.832824 -0.507219 -1.327500
v 0.833222 -0.321126 -1.080320
v 0.781625 -0.311375 -1.115700
v 0.834773 0.171810 -1.142710
v 0.781783 0.114349 -1.145570
v 0.836131 0.086265 -1.076660
v 0.832180 0.268700 -1.321800
v 0.833659 0.232931 -1.224740
v 0.827092 0.279148 -1.485220
v 1.083310 -0.242202 0.184212
v 1.083860 -0.417151 0.016156
v 1.083680 -0.035776 0.203622
v 1.083480 0.191426 -0.232667
v 1.083720 -0.028684 -0.419396
v 0.781811 -0.013910 -1.593210
v 0.781400 0.211208 -1.603450
v 0.781745 0.032574 -1.764740
v 0.781805 -0.299092 -0.165216
v 0.781571 -0.438070 -0.295623
v 0.781642 -0.470103 -0.002022
v 0.781805 -0.292072 -0.041008
v 0.782066 -0.140235 0.077919
v 0.782532 -0.300831 0.210712
v 0.789947 -0.065227 0.253477
v 0.781406 -0.025199 0.060130
v 0.781410 0.142625 0.154386
v 0.781485 0.257213 -0.109687
v 0.780665 0.171909 -0.336639
v 0.781883 0.003402 -0.256843
v 0.850446 -0.299092 -1.374390
v 0.850446 -0.292072 -1.498590
v 0.781805 -0.292072 -1.361930
v 0.781805 -0.086271 -0.296492
v 0.850446 -0.047485 -0.292756
v 0.781805 -0.205786 -0.278727
v 0.781755 -0.247373 -0.450464
v 1.011080 -0.446279 -0.357219
v 1.011080 -0.524649 -0.050663
v 1.025790 -0.508081 -0.209657
v 1.042110 -0.505774 -0.060745
v 1.033360 -0.015351 0.283017
v 1.041150 0.120688 0.207256
v 1.007300 0.139777 0.217502
v 0.850446 -0.216929 -1.593210
v 0.850446 -0.047485 -1.613680
v 1.011070 -0.065637 -0.519801
v 1.027690 0.084673 -0.460895
v 1.042990 -0.063450 -0.498809
v 0.834701 -0.114473 -0.515586
v 0.833214 -0.007191 -0.500572
v -1.009080 -0.498033 -1.587190
v -1.040290 -0.483703 -1.574450
v -1.027960 -0.406819 -1.711010
v -1.084080 -0.383431 -1.620200
v 0.833222 -0.465364 -0.315047
v 0.836976 -0.400863 -0.398970
v 1.022730 0.280699 -0.208018
v 0.833222 -0.508324 -0.007349
v 0.834757 -0.521580 -0.114709
v 1.030880 -0.464153 0.091952
v 1.026640 -0.400802 0.179158
v 1.037440 -0.115521 0.293701
v 0.839048 0.089085 0.241814
v 0.831497 0.171024 0.176622
v 0.836873 0.278267 -0.007379
v 0.834556 0.291625 -0.111349
v 1.002980 0.220795 -0.354498
v 0.832910 0.178375 -0.390843
v 0.830280 0.240487 -0.308257
v 0.833222 -0.315628 -0.462459
v 0.836976 -0.217807 -0.502889
v 0.846457 -0.008373 0.282757
v 0.853051 -0.115273 0.298330
v 0.833113 0.280016 -0.215021
v 0.781784 -0.020931 -0.465938
v 0.834420 0.093165 -0.457806
v -1.029410 -0.519621 -1.424880
v -0.781805 -0.197077 -1.252530
v -0.781745 -0.247369 -1.089150
v -0.781643 -0.430000 -1.234300
v -0.781805 -0.292072 -1.361930
v 0.850446 -0.205786 -1.260870
v 0.781805 -0.216929 -1.267310
v 0.850446 -0.299092 -0.053465
v 0.850446 -0.292072 -0.177673
v -1.040200 0.043516 -1.792550
v -1.008730 0.034332 -1.815570
v -1.083790 -0.115421 -1.754980
v -1.029410 -0.120804 -1.834460
v -0.781783 0.114349 -1.145570
v -0.781806 -0.047087 -1.253610
v -0.781743 0.062312 -1.348600
v -0.783082 -0.090188 0.083320
v -0.790231 -0.066049 0.253847
v -0.783383 -0.269340 0.222629
v -0.781473 -0.230929 0.041542
v -0.850446 -0.292072 -0.177673
v -0.850446 -0.299092 -0.053465
v -0.781829 -0.292072 -0.041007
v -0.781746 0.032537 -1.764750
v -0.781463 0.211046 -1.603910
v -0.781771 0.061232 -1.498600
v -1.028230 0.165077 -1.721150
v -1.025790 -0.224874 -1.820470
v -0.832259 0.268694 -1.321610
v -0.827196 0.279109 -1.486120
v -1.026560 0.267703 -1.535080
v -1.029410 -0.322183 -1.777620
v -1.042110 -0.164015 -0.499695
v -1.011080 -0.174096 -0.518569
v -1.083950 -0.305495 -0.377554
v -1.029410 -0.322183 -0.456697
v -0.834757 -0.506351 -1.540570
v -0.834758 -0.464481 -1.637990
v -1.083970 -0.417102 -1.305300
v -1.025790 -0.505633 -1.320810
v -1.043000 -0.427091 -1.191110
v -0.836976 -0.405049 -1.144820
v -1.011080 -0.440484 -1.174830
v -0.833222 -0.468539 -1.230050
v -1.083630 -0.237855 -1.134680
v -1.027960 -0.311181 -1.076130
v -1.027430 -0.219939 -1.040190
v -1.083720 -0.021601 -1.121130
v -1.043000 -0.064142 -1.040770
v -1.027410 0.086652 -1.080590
v -1.027750 0.164540 -1.137620
v 1.040290 -0.483703 -1.574450
v 1.009560 0.280942 -1.359840
v -1.083960 0.154287 -1.618340
v -1.027900 0.228780 -1.637810
v -0.834701 -0.009361 -1.822420
v -0.834666 0.088516 -1.781570
v -0.834758 -0.215357 -1.823970
v -0.836976 -0.112460 -1.836900
v -0.834758 -0.313851 -1.784690
v -0.834757 -0.398823 -1.721260
v -0.781745 -0.479063 -1.469430
v -0.834757 -0.521580 -1.435630
v -0.834757 -0.509130 -1.330330
v -0.833222 -0.321126 -1.080320
v -0.838427 -0.220875 -1.036700
v -0.833222 -0.112245 -1.024350
v -0.781755 -0.059132 -1.068860
v -0.835023 -0.010456 -1.038530
v -0.834733 0.171859 -1.142790
v -0.836120 0.086278 -1.076670
v -0.780860 0.235742 -1.329010
v -0.833688 0.232928 -1.224700
v -0.833857 0.234578 -1.631720
v -0.834259 0.172117 -1.716560
v 1.038770 0.197820 -0.351034
v -0.781625 -0.485819 -0.121760
v -0.781597 -0.410012 0.107488
v -0.781410 0.142625 0.154386
v -0.781656 0.047515 -0.007803
v -0.850446 0.053966 -1.339900
v -0.850446 0.068253 -1.486140
v -0.781755 0.071582 -0.152793
v -0.781491 0.257220 -0.109698
v -0.780665 0.171909 -0.336639
v -0.781883 0.003402 -0.256843
v -0.781805 -0.086271 -0.296492
v -0.781784 -0.020931 -0.465938
v -0.850446 -0.292072 -1.498590
v -0.850446 -0.299092 -1.374390
v -0.850446 -0.013910 0.053612
v -0.850446 -0.047485 -0.292756
v -0.850446 -0.183355 0.074075
v -1.042130 -0.432205 0.125747
v -1.027430 -0.505491 -0.004821
v -1.006690 -0.442331 0.145749
v -0.836976 -0.217807 -0.502889
v -0.834701 -0.114473 -0.515586
v -1.083700 -0.031297 -0.419815
v -1.032790 0.016791 -0.491073
v -1.011080 -0.446279 -0.357219
v -1.042110 -0.429180 -0.346602
v -0.833222 -0.465364 -0.315047
v -0.836976 -0.400864 -0.398970
v -1.029410 -0.519621 -0.103956
v -1.083880 -0.439969 -0.109341
v -1.025790 -0.508081 -0.209657
v -1.083730 -0.339082 0.122924
v -1.026030 -0.311234 0.245457
v -0.852825 -0.115547 0.298298
v -1.021110 -0.166877 0.299630
v -0.843670 -0.222417 0.282735
v -1.083870 -0.071195 0.216071
v -1.047600 -0.160712 0.281288
v -1.044640 0.025107 0.259584
v -1.043030 0.247380 0.041240
v -1.083750 0.159173 0.060567
v -1.024610 0.171410 0.178529
v -0.838304 0.278259 -0.004264
v -1.013310 0.264982 0.049094
v -0.834701 0.235926 0.094602
v -1.083530 0.191013 -0.233793
v -1.027300 0.290030 -0.105881
v -1.022710 0.280745 -0.207761
v -1.027710 0.223590 -0.336016
v -0.834447 0.093171 -0.457823
v -1.008110 0.134517 -0.438461
v -0.832930 0.178411 -0.390802
v -0.833214 -0.007191 -0.500572
v -0.833222 -0.315628 -0.462459
v -0.834757 -0.521580 -0.114709
v -0.836976 -0.507436 -0.217445
v -0.834624 -0.508378 -0.004048
v -0.830952 -0.401764 0.176682
v -0.836938 -0.466057 0.096597
v -0.836046 -0.319653 0.241934
v -0.846457 -0.008373 0.282757
v -0.831497 0.171024 0.176622
v -0.839048 0.089085 0.241814
v -0.834536 0.291615 -0.111418
v -0.833159 0.280062 -0.214943
v -0.830329 0.240562 -0.308185
v 1.030880 -0.518075 -1.430260
v 0.850446 0.068253 -1.486140
v 0.781744 -0.067526 -1.066480
v 0.834701 -0.009361 -1.822420
v 1.082950 0.182623 -1.299570
v 1.083790 -0.115417 -1.754980
v 1.083620 -0.430557 -1.479340
v 1.083760 -0.400411 -1.278220
v 1.041780 0.263341 -1.370030
v 0.836156 -0.218707 -1.036500
v 0.834176 -0.062102 -1.025280
v 1.027850 0.164727 -1.137820
v 1.027320 0.226771 -1.217410
v 0.833590 0.234830 -1.631220
v 0.834167 0.172301 -1.716340
v 0.834693 0.088562 -1.781580
v 0.781813 -0.231098 0.041411
v 0.850446 -0.183355 0.074075
v 0.850446 -0.013910 0.053612
v 0.850446 -0.216929 -0.272293
v 1.025790 -0.224874 -0.499553
v 0.836976 -0.507436 -0.217445
v 0.838399 -0.468259 0.094406
v 0.831055 -0.401773 0.176727
v 1.025460 -0.312513 0.244875
v 0.836526 -0.319288 0.242281
v 0.844201 -0.221758 0.283028
v 1.031380 -0.216690 0.282857
v 0.836156 0.238188 0.092339
v -1.008850 -0.061298 -1.019170
v -0.850446 -0.183355 -1.246850
v -0.850446 -0.038826 -1.257030
v -0.850446 -0.216929 -0.272293
v -0.850446 0.061233 -0.041008
v -0.850446 0.068253 -0.165216
v -1.013830 0.038910 0.274280
v 0.760276 0.121848 0.735112
v 0.387722 0.123772 0.812393
v 0.410242 0.116771 0.832212
v 0.746253 0.115746 0.763239
v 0.433637 -0.040020 0.913597
v 0.416442 -0.065637 0.909918
v 0.781462 -0.049388 0.836899
v 0.763092 -0.025628 0.846681
v 0.757790 0.108293 0.712290
v 0.383803 0.110528 0.789522
v 0.779939 -0.063084 0.814079
v 0.413469 -0.079122 0.887051
v -0.760276 0.121848 0.735112
v -0.746253 0.115746 0.763239
v -0.410242 0.116771 0.832212
v -0.387722 0.123772 0.812393
v -0.433637 -0.040020 0.913597
v -0.416442 -0.065637 0.909918
v -0.763092 -0.025628 0.846681
v -0.781462 -0.049388 0.836899
v -0.757790 0.108293 0.712290
v -0.383803 0.110528 0.789522
v -0.779939 -0.063084 0.814079
v -0.413469 -0.079122 0.887051
vn 0.1697 0.7425 -0.6480
vn 0.1763 0.8548 -0.4881
vn 0.6484 0.6347 -0.4204
vn 0.3883 0.8639 -0.3208
vn 0.2724 0.9276 -0.2558
vn 0.5292 0.8339 -0.1569
vn 0.7592 0.6393 -0.1222
vn 0.3440 0.7235 0.5985
vn 0.5610 0.6738 0.4809
vn 0.4711 0.7478 0.4678
vn 0.2582 0.7981 0.5445
vn 0.7250 0.6457 0.2399
vn 0.5373 0.8074 0.2437
vn 0.2828 0.9234 0.2596
vn 0.9514 0.2246 -0.2109
vn 0.9885 0.0011 -0.1514
vn 0.9490 -0.0008 -0.3154
vn 0.8533 0.2982 -0.4277
vn 0.9160 0.0553 -0.3974
vn 0.3940 0.3904 -0.8321
vn 0.8764 0.4700 0.1055
vn 0.6148 0.7193 0.3234
vn 0.4859 0.7462 0.4551
vn -0.0000 0.9577 -0.2878
vn -0.0000 0.8317 -0.5552
vn -0.0000 0.6800 -0.7332
vn 0.7758 0.6305 -0.0246
vn 0.7731 0.6341 0.0181
vn -0.0000 0.7505 0.6608
vn -0.0000 0.8050 0.5932
vn -0.0000 0.9477 0.3191
vn -0.0839 0.9964 -0.0082
vn -0.0840 0.9964 -0.0082
vn -0.0000 -0.0314 -0.9995
vn -0.0000 0.1013 -0.9949
vn -0.0033 0.1013 -0.9948
vn 0.0024 -0.0314 -0.9995
vn 0.0057 -0.9791 0.2035
vn -0.0000 -0.9791 0.2035
vn 0.9562 0.2923 -0.0160
vn 0.9611 0.2763 -0.0005
vn 0.2282 -0.0720 0.9710
vn 0.2282 -0.0720 0.9709
vn 0.9472 0.3060 0.0953
vn 0.8962 0.4310 0.1052
vn 0.9268 0.3695 -0.0669
vn 0.9160 0.3882 -0.1014
vn 0.9645 0.2466 -0.0947
vn 0.9676 0.2425 -0.0698
vn 0.9667 0.2499 0.0548
vn 0.9231 0.3803 0.0562
vn -0.0095 0.8766 0.4812
vn -0.0000 0.8766 0.4812
vn 0.2112 0.6632 0.7180
vn 0.1940 0.4830 0.8539
vn -0.0000 0.6931 0.7209
vn -0.0000 0.3077 0.9515
vn -0.0041 0.3077 0.9515
vn -0.0000 0.9577 -0.2879
vn -0.0182 0.9575 -0.2879
vn -0.0000 0.9576 -0.2879
vn -0.0107 0.1226 0.9924
vn -0.0640 0.9975 0.0301
vn -0.0031 -0.9994 0.0334
vn 0.0113 -0.0992 -0.9950
vn 0.0237 -0.5170 -0.8556
vn 0.0202 -0.9998 -0.0086
vn 0.0203 -0.9998 -0.0086
vn -0.8756 -0.4480 -0.1806
vn 0.0095 0.9897 0.1431
vn 0.0214 0.9792 0.2018
vn 0.1641 0.9758 0.1443
vn 0.0761 0.9715 0.2247
vn 0.3485 0.9069 0.2369
vn 0.0749 0.9554 0.2856
vn 0.1133 0.6660 0.7373
vn 0.3135 0.4015 0.8606
vn 0.1148 0.8406 0.5294
vn -0.0000 0.0216 0.9998
vn 0.1423 0.0786 0.9867
vn -0.0000 0.1666 0.9860
vn 0.1411 0.2019 0.9692
vn 0.8134 0.5762 0.0800
vn 0.3855 0.6742 0.6300
vn 0.8244 0.4286 0.3697
vn 0.7202 0.1127 0.6845
vn 0.3565 0.1216 0.9263
vn 0.6971 0.0304 0.7163
vn 0.3636 0.1754 0.9149
vn 0.9636 -0.0953 0.2498
vn 0.9727 -0.1006 0.2093
vn 0.9968 -0.0560 0.0564
vn 0.9986 0.0090 -0.0516
vn 0.9969 0.0633 -0.0457
vn 0.9986 0.0512 0.0154
vn 0.9848 -0.1732 -0.0145
vn 0.9991 0.0387 -0.0192
vn 0.9845 -0.1744 0.0201
vn 0.9851 -0.1406 -0.0990
vn 0.9833 -0.1701 -0.0649
vn 0.9665 -0.2510 -0.0536
vn 0.9786 -0.2042 -0.0235
vn 0.9839 -0.1779 0.0158
vn -0.0000 0.3558 -0.9345
vn 0.9685 -0.0744 -0.2375
vn 0.9379 -0.0459 -0.3439
vn 0.0037 -1.0000 0.0020
vn 0.0054 -1.0000 0.0017
vn 0.0045 -1.0000 0.0008
vn -0.0000 -1.0000 0.0001
vn 0.0001 -1.0000 0.0002
vn 0.0040 -1.0000 0.0001
vn -0.0040 0.9900 0.1410
vn 0.0242 0.9653 0.2600
vn 0.0095 0.9231 0.3845
vn 0.0180 0.8114 0.5843
vn -0.0000 0.7998 0.6003
vn 0.0587 0.6010 0.7971
vn -0.0000 0.5764 0.8172
vn 0.6857 0.6708 0.2827
vn 0.9081 0.3625 0.2097
vn 0.6985 0.6926 0.1800
vn 0.2979 0.8405 0.4526
vn 0.8362 0.3046 0.4561
vn 0.3611 0.8754 0.3214
vn 0.7146 0.6817 0.1568
vn 0.9252 0.3506 0.1452
vn 0.7132 0.6837 0.1548
vn 0.7056 0.6389 0.3063
vn 0.9086 0.3210 0.2672
vn 0.6983 0.6476 0.3049
vn 0.2811 0.4469 0.8493
vn 0.5836 0.1740 0.7932
vn 0.4811 0.5375 0.6926
vn -0.0000 0.6336 -0.7737
vn 0.0085 0.6336 -0.7736
vn -0.0000 0.4088 -0.9126
vn 0.0015 0.3499 -0.9368
vn 0.9631 0.2321 0.1364
vn 0.7116 0.6855 0.1542
vn -0.0000 0.4307 0.9025
vn -0.0000 0.1000 0.9950
vn -0.0028 0.1606 -0.9870
vn -0.0000 0.1605 -0.9870
vn 0.9876 -0.0416 0.1512
vn 0.9931 -0.0354 0.1121
vn 0.9808 -0.0478 0.1892
vn 0.9183 -0.0790 0.3879
vn 0.6105 -0.1355 0.7804
vn -0.0000 -0.1641 0.9864
vn -0.0160 0.4839 -0.8750
vn -0.0000 0.4859 -0.8740
vn -0.0000 0.4726 -0.8813
vn -0.0157 0.4772 -0.8787
vn -0.9659 -0.2350 -0.1086
vn -0.0003 -0.8776 -0.4794
vn -0.0144 -0.8776 -0.4792
vn -0.0000 -0.8776 -0.4794
vn -0.0000 0.9757 0.2189
vn -0.0275 0.9754 0.2188
vn -0.0276 0.9754 0.2188
vn -0.1697 0.7425 -0.6480
vn -0.6484 0.6347 -0.4204
vn -0.1763 0.8548 -0.4881
vn -0.3883 0.8639 -0.3208
vn -0.2723 0.9276 -0.2558
vn -0.5292 0.8339 -0.1569
vn -0.7592 0.6393 -0.1222
vn -0.3440 0.7235 0.5985
vn -0.2582 0.7981 0.5445
vn -0.4711 0.7478 0.4678
vn -0.5610 0.6738 0.4809
vn -0.7250 0.6457 0.2399
vn -0.5373 0.8074 0.2437
vn -0.2828 0.9234 0.2596
vn -0.9514 0.2246 -0.2109
vn -0.8534 0.2981 -0.4277
vn -0.9490 -0.0008 -0.3154
vn -0.9885 0.0011 -0.1514
vn -0.3940 0.3904 -0.8321
vn -0.9160 0.0553 -0.3974
vn -0.8764 0.4700 0.1055
vn -0.6148 0.7193 0.3234
vn -0.4859 0.7462 0.4551
vn -0.7731 0.6341 0.0181
vn -0.7758 0.6305 -0.0246
vn 0.0840 0.9964 -0.0082
vn 0.0839 0.9964 -0.0082
vn -0.0024 -0.0314 -0.9995
vn 0.0033 0.1013 -0.9948
vn -0.0057 -0.9791 0.2035
vn -0.9611 0.2763 -0.0005
vn -0.9562 0.2923 -0.0160
vn -0.2282 -0.0720 0.9710
vn -0.2282 -0.0720 0.9709
vn -0.9472 0.3060 0.0953
vn -0.8962 0.4310 0.1052
vn -0.9268 0.3695 -0.0669
vn -0.9160 0.3882 -0.1014
vn -0.9645 0.2466 -0.0947
vn -0.9676 0.2425 -0.0698
vn -0.9667 0.2499 0.0548
vn -0.9231 0.3803 0.0562
vn 0.0095 0.8766 0.4812
vn -0.2112 0.6632 0.7180
vn -0.1940 0.4830 0.8539
vn 0.0041 0.3077 0.9515
vn 0.0182 0.9575 -0.2879
vn 0.0107 0.1226 0.9924
vn 0.0640 0.9975 0.0301
vn 0.0031 -0.9994 0.0334
vn -0.0113 -0.0992 -0.9950
vn -0.0237 -0.5170 -0.8556
vn -0.0203 -0.9998 -0.0086
vn -0.0202 -0.9998 -0.0086
vn 0.8756 -0.4480 -0.1806
vn 0.8756 -0.4480 -0.1805
vn -0.0095 0.9897 0.1431
vn -0.1641 0.9758 0.1443
vn -0.0214 0.9792 0.2018
vn -0.0761 0.9715 0.2247
vn -0.3485 0.9069 0.2369
vn -0.0749 0.9554 0.2856
vn -0.1133 0.6660 0.7373
vn -0.1148 0.8406 0.5294
vn -0.3135 0.4015 0.8606
vn -0.1423 0.0786 0.9867
vn -0.1411 0.2019 0.9692
vn -0.8134 0.5762 0.0800
vn -0.3855 0.6742 0.6300
vn -0.8244 0.4286 0.3697
vn -0.7202 0.1127 0.6845
vn -0.6971 0.0304 0.7163
vn -0.3566 0.1216 0.9263
vn -0.3636 0.1754 0.9149
vn -0.9636 -0.0953 0.2498
vn -0.9727 -0.1006 0.2093
vn -0.9968 -0.0560 0.0564
vn -0.9986 0.0090 -0.0516
vn -0.9969 0.0633 -0.0457
vn -0.9986 0.0512 0.0154
vn -0.9848 -0.1732 -0.0145
vn -0.9845 -0.1744 0.0201
vn -0.9991 0.0387 -0.0192
vn -0.9851 -0.1406 -0.0990
vn -0.9833 -0.1701 -0.0649
vn -0.9665 -0.2510 -0.0536
vn -0.9786 -0.2042 -0.0235
vn -0.9839 -0.1779 0.0158
vn -0.9379 -0.0459 -0.3439
vn -0.9685 -0.0744 -0.2375
vn 0.0106 -0.9999 0.0012
vn -0.0054 -1.0000 0.0017
vn -0.0055 -1.0000 0.0011
vn -0.0121 -0.9999 0.0003
vn -0.0029 -1.0000 0.0001
vn -0.0028 -1.0000 0.0001
vn -0.0037 -1.0000 0.0002
vn -0.0038 -1.0000 0.0001
vn -0.0039 -1.0000 0.0001
vn -0.0042 -1.0000 0.0002
vn -0.0040 -1.0000 0.0002
vn -0.0040 -1.0000 0.0001
vn 0.0040 0.9900 0.1410
vn -0.0095 0.9231 0.3845
vn -0.0242 0.9653 0.2600
vn -0.0587 0.6010 0.7971
vn -0.0180 0.8114 0.5843
vn -0.6856 0.6708 0.2827
vn -0.6985 0.6926 0.1800
vn -0.9081 0.3625 0.2097
vn -0.2979 0.8405 0.4526
vn -0.3611 0.8754 0.3214
vn -0.8362 0.3046 0.4561
vn -0.7146 0.6817 0.1568
vn -0.7132 0.6837 0.1548
vn -0.9252 0.3506 0.1452
vn -0.7056 0.6389 0.3063
vn -0.6983 0.6476 0.3049
vn -0.9086 0.3211 0.2672
vn -0.2811 0.4469 0.8493
vn -0.4811 0.5375 0.6926
vn -0.5836 0.1740 0.7932
vn -0.0085 0.6336 -0.7736
vn -0.0015 0.3499 -0.9368
vn -0.7116 0.6855 0.1542
vn -0.9631 0.2321 0.1364
vn 0.0028 0.1606 -0.9870
vn -0.9876 -0.0416 0.1512
vn -0.9931 -0.0354 0.1121
vn -0.9808 -0.0478 0.1892
vn -0.9183 -0.0790 0.3879
vn -0.6105 -0.1355 0.7804
vn 0.0160 0.4839 -0.8750
vn 0.0157 0.4772 -0.8787
vn 0.9659 -0.2350 -0.1086
vn 0.0144 -0.8775 -0.4793
vn -0.0000 -0.8777 -0.4793
vn 0.0144 -0.8776 -0.4792
vn 0.0275 0.9754 0.2188
vn -0.2691 0.3443 0.8995
vn 0.2691 0.3443 0.8995
vn 0.0066 -0.6178 -0.7863
vn 0.0088 -0.6168 -0.7871
vn 0.0087 -0.6173 -0.7867
vn 0.0087 -0.6168 -0.7871
vn -0.1705 -0.5841 -0.7936
vn -0.1703 -0.5842 -0.7935
vn -0.0764 -0.6080 -0.7902
vn 0.0061 -0.6178 -0.7863
vn -0.1673 -0.4998 -0.8498
vn -0.1866 -0.5540 -0.8114
vn -0.1867 -0.5539 -0.8114
vn -0.1884 -0.5530 -0.8116
vn -0.1886 -0.5544 -0.8106
vn -0.1903 -0.5537 -0.8107
vn -0.1905 -0.5536 -0.8107
vn -0.1183 -0.4576 -0.8813
vn -0.1183 -0.4576 -0.8812
vn -0.1105 -0.5455 -0.8308
vn -0.1086 -0.5462 -0.8306
vn -0.1082 -0.5446 -0.8317
vn -0.1064 -0.5452 -0.8315
vn -0.1063 -0.5453 -0.8315
vn 0.0055 -0.4402 -0.8979
vn 0.0056 -0.4417 -0.8971
vn 0.0055 -0.4400 -0.8980
vn 0.0036 -0.4439 -0.8961
vn 0.0071 -0.5363 -0.8440
vn 0.0070 -0.5360 -0.8442
vn 0.0069 -0.5364 -0.8439
vn 0.0078 -0.5359 -0.8442
vn 0.0065 -0.5363 -0.8440
vn 0.0084 -0.5359 -0.8442
vn -0.0000 -0.4407 -0.8977
vn -0.0000 -0.4425 -0.8968
vn 0.0091 -0.5356 -0.8444
vn 0.0087 -0.5355 -0.8445
vn 0.0082 -0.5354 -0.8446
vn -0.8916 -0.4525 -0.0149
vn -0.8931 -0.4497 -0.0086
vn -0.8946 -0.4469 -0.0066
vn -0.8946 -0.4469 -0.0065
vn 0.9401 0.3386 0.0386
vn 0.9402 0.3385 0.0384
vn 0.9402 0.3384 0.0383
vn 0.9442 0.3279 -0.0320
vn 0.9435 0.3311 0.0106
vn 0.9100 0.4146 0.0091
vn 0.9271 0.3742 -0.0197
vn 0.9023 0.4295 0.0381
vn 0.9239 0.3820 0.0232
vn 0.9239 0.3820 0.0231
vn 0.8956 0.4423 0.0470
vn 0.9225 0.3841 0.0393
vn -0.9409 -0.3384 0.0125
vn -0.9409 -0.3386 0.0127
vn -0.9238 -0.3829 0.0039
vn -0.9292 -0.3631 -0.0685
vn -0.9292 -0.3631 -0.0684
vn -0.9397 -0.3418 -0.0105
vn -0.9397 -0.3418 -0.0106
vn -0.9397 -0.3419 -0.0104
vn -0.9062 -0.4178 -0.0654
vn -0.9062 -0.4178 -0.0655
vn -0.9174 -0.3979 -0.0105
vn -0.9174 -0.3979 -0.0106
vn -0.8948 -0.4446 -0.0415
vn -0.8922 -0.4513 -0.0153
vn -0.0126 0.4836 -0.8752
vn -0.0125 0.4835 -0.8753
vn -0.0000 0.4837 -0.8752
vn -0.0000 0.4839 -0.8751
vn -0.0061 -0.6175 -0.7865
vn -0.0086 -0.6173 -0.7867
vn -0.0088 -0.6168 -0.7871
vn -0.0087 -0.6168 -0.7871
vn 0.1705 -0.5841 -0.7936
vn 0.1704 -0.5841 -0.7936
vn 0.0764 -0.6080 -0.7902
vn 0.0763 -0.6081 -0.7902
vn 0.0764 -0.6081 -0.7902
vn -0.0061 -0.6178 -0.7863
vn 0.1673 -0.4998 -0.8498
vn 0.1866 -0.5540 -0.8114
vn 0.1884 -0.5530 -0.8116
vn 0.1866 -0.5539 -0.8114
vn 0.1880 -0.5545 -0.8107
vn 0.1904 -0.5536 -0.8107
vn 0.1183 -0.4576 -0.8812
vn 0.1105 -0.5455 -0.8308
vn 0.1085 -0.5463 -0.8306
vn 0.1082 -0.5446 -0.8317
vn 0.1064 -0.5452 -0.8315
vn 0.1063 -0.5453 -0.8315
vn -0.0055 -0.4402 -0.8979
vn -0.0055 -0.4400 -0.8980
vn -0.0056 -0.4417 -0.8971
vn -0.0036 -0.4439 -0.8961
vn -0.0071 -0.5363 -0.8440
vn -0.0069 -0.5364 -0.8439
vn -0.0070 -0.5360 -0.8442
vn -0.0078 -0.5359 -0.8442
vn -0.0065 -0.5363 -0.8440
vn -0.0084 -0.5359 -0.8442
vn -0.0091 -0.5356 -0.8444
vn -0.0087 -0.5355 -0.8445
vn -0.0082 -0.5354 -0.8446
vn 0.8921 -0.4517 -0.0094
vn 0.8946 -0.4469 -0.0066
vn 0.8936 -0.4489 -0.0067
vn 0.8945 -0.4470 -0.0064
vn -0.9401 0.3386 0.0386
vn -0.9402 0.3385 0.0384
vn -0.9402 0.3384 0.0383
vn -0.9442 0.3279 -0.0320
vn -0.9435 0.3311 0.0106
vn -0.9100 0.4146 0.0091
vn -0.9271 0.3742 -0.0197
vn -0.9272 0.3742 -0.0198
vn -0.9023 0.4295 0.0381
vn -0.9239 0.3820 0.0232
vn -0.9239 0.3820 0.0231
vn -0.8956 0.4423 0.0470
vn -0.9224 0.3841 0.0394
vn -0.9225 0.3841 0.0393
vn 0.9409 -0.3384 0.0125
vn 0.9409 -0.3383 0.0124
vn 0.9238 -0.3829 0.0039
vn 0.9292 -0.3631 -0.0685
vn 0.9292 -0.3631 -0.0684
vn 0.9397 -0.3418 -0.0105
vn 0.9062 -0.4178 -0.0654
vn 0.9062 -0.4178 -0.0655
vn 0.9062 -0.4179 -0.0654
vn 0.9174 -0.3979 -0.0105
vn 0.9174 -0.3979 -0.0106
vn 0.8948 -0.4446 -0.0415
vn 0.8922 -0.4513 -0.0153
vn 0.8923 -0.4513 -0.0153
vn 0.0126 0.4836 -0.8752
vn 0.0125 0.4835 -0.8753
vn 0.5227 -0.0480 0.8512
vn 0.5179 -0.7622 0.3884
vn 0.8808 -0.3277 -0.3417
vn -0.0000 -0.0000 1.0000
vn -0.0001 -0.0000 1.0000
vn 0.0819 -0.7761 -0.6253
vn -0.0000 -1.0000 -0.0000
vn 0.1230 -0.3581 -0.9255
vn 1.0000 0.0002 0.0004
vn 1.0000 0.0002 0.0007
vn 1.0000 0.0002 0.0008
vn 1.0000 0.0003 0.0001
vn 0.7474 0.6179 0.2441
vn -1.0000 -0.0046 0.0010
vn -1.0000 -0.0040 -0.0000
vn -1.0000 -0.0050 -0.0006
vn -1.0000 0.0003 0.0001
vn -1.0000 0.0002 0.0004
vn -1.0000 0.0002 0.0006
vn -1.0000 0.0002 0.0009
vn -0.7061 0.6697 0.2300
vn 0.5090 0.0425 -0.8597
vn -0.0584 -0.1232 -0.9907
vn 0.8265 -0.3568 -0.4354
vn -0.0616 -0.9170 -0.3941
vn -0.0596 -0.7993 0.5980
vn 0.8241 -0.2035 0.5287
vn 0.8206 0.2308 0.5229
vn 1.0000 0.0005 0.0001
vn 1.0000 0.0002 0.0002
vn 1.0000 0.0007 0.0001
vn 0.8073 0.5553 -0.1998
vn 0.7854 0.4933 -0.3739
vn 0.8477 0.3155 -0.4264
vn -0.5423 -0.0932 -0.8350
vn -0.5644 -0.3023 -0.7682
vn -0.5563 -0.6489 -0.5191
vn -0.5713 -0.8128 -0.1139
vn -0.5887 -0.7505 0.3003
vn -0.5464 -0.5256 0.6521
vn -0.5724 0.4954 0.6534
vn -0.5449 0.7840 0.2972
vn -0.5496 0.8325 0.0703
vn 1.0000 -0.0000 0.0001
vn 1.0000 -0.0000 0.0002
vn -1.0000 -0.0018 0.0008
vn -1.0000 -0.0018 0.0005
vn -1.0000 -0.0018 0.0004
vn -1.0000 -0.0001 0.0010
vn -1.0000 0.0011 0.0004
vn -1.0000 0.0003 0.0027
vn -1.0000 0.0005 0.0019
vn -0.9991 0.0253 0.0341
vn -0.9990 0.0011 0.0444
vn -1.0000 0.0014 -0.0024
vn -1.0000 -0.0004 -0.0018
vn -1.0000 0.0009 -0.0016
vn -1.0000 -0.0003 -0.0000
vn -1.0000 -0.0035 0.0027
vn -1.0000 -0.0071 0.0018
vn -1.0000 -0.0010 0.0005
vn -0.0000 1.0000 -0.0000
vn 0.1760 -0.3982 0.9003
vn -1.0000 0.0006 0.0003
vn -1.0000 0.0005 0.0001
vn 0.5304 -0.5766 -0.6215
vn 0.5091 -0.8597 -0.0425
vn 0.4679 0.4094 0.7832
vn 0.0008 0.0016 1.0000
vn -0.0008 -0.0016 1.0000
vn 0.7475 0.5090 0.4268
vn 0.7475 0.5090 0.4269
vn 0.5177 0.2619 -0.8145
vn -0.0617 0.1375 -0.9886
vn -0.7144 -0.5802 -0.3912
vn -0.0598 -0.7902 -0.6100
vn 0.7491 0.6590 -0.0678
vn -0.0614 -0.9907 0.1214
vn 0.8473 -0.4092 0.3385
vn 0.8515 0.0898 0.5166
vn 0.8486 0.2195 0.4814
vn -0.0726 0.6169 0.7837
vn -0.0587 0.9900 0.1285
vn -0.9770 0.2122 -0.0204
vn -0.0701 0.7962 -0.6010
vn -0.5700 -0.2951 -0.7668
vn -0.5435 -0.6536 -0.5267
vn -0.5868 -0.8046 0.0910
vn -0.5284 0.0904 0.8442
vn -0.5686 0.4794 0.6685
vn -0.5375 0.8348 0.1192
vn -0.5439 0.8347 -0.0859
vn -0.5930 0.6343 -0.4959
vn -0.5865 0.3235 -0.7426
vn -0.4687 -0.8661 -0.1739
vn 1.0000 0.0004 -0.0003
vn 1.0000 0.0007 -0.0004
vn 1.0000 0.0006 -0.0004
vn -0.0369 0.1462 -0.9886
vn -0.7533 0.1157 -0.6474
vn 1.0000 -0.0018 0.0005
vn 1.0000 -0.0001 -0.0001
vn 1.0000 -0.0016 -0.0005
vn 0.9995 0.0189 0.0265
vn 0.9995 0.0188 0.0264
vn 1.0000 -0.0014 0.0010
vn 1.0000 0.0001 0.0010
vn 1.0000 -0.0025 0.0008
vn 1.0000 -0.0038 -0.0014
vn -0.4167 0.4906 -0.7653
vn -0.8241 -0.1035 -0.5569
vn 0.0045 1.0000 -0.0087
vn -0.8346 -0.3494 -0.4258
vn -0.7635 -0.2259 -0.6050
vn -0.7635 -0.2258 -0.6050
vn 0.0616 -0.9170 -0.3941
vn -0.8227 -0.5589 0.1037
vn -0.7928 -0.5622 0.2353
vn 0.0596 -0.7993 0.5980
vn -0.8241 -0.2035 0.5287
vn -0.8159 0.2250 0.5326
vn -0.8360 0.4352 0.3342
vn 0.7610 -0.5335 -0.3691
vn -0.0041 1.0000 -0.0083
vn -0.8073 0.5553 -0.1999
vn -0.7854 0.4933 -0.3740
vn -0.8436 0.3313 -0.4225
vn 0.0603 0.3844 -0.9212
vn 0.5388 -0.0936 -0.8372
vn 0.5241 -0.3155 -0.7911
vn 0.5746 -0.6427 -0.5067
vn 0.5746 -0.8099 -0.1175
vn 0.5873 -0.7533 0.2959
vn 0.5389 -0.6640 0.5184
vn 0.5667 -0.3038 0.7659
vn 0.5735 0.1230 0.8099
vn 0.5724 0.4955 0.6533
vn 0.5453 0.7838 0.2973
vn 0.5455 0.8352 0.0697
vn 0.5109 0.8152 -0.2727
vn 0.5605 0.6656 -0.4927
vn 0.5738 0.3153 -0.7559
vn 0.6941 0.6539 -0.3010
vn 1.0000 0.0001 -0.0012
vn 1.0000 0.0011 -0.0002
vn 1.0000 -0.0018 -0.0030
vn 1.0000 -0.0014 -0.0027
vn 0.9995 -0.0152 0.0262
vn 0.9995 -0.0152 0.0260
vn 0.0028 -0.9990 -0.0445
vn 1.0000 -0.0054 0.0038
vn 1.0000 -0.0011 -0.0012
vn 1.0000 -0.0012 -0.0008
vn 1.0000 -0.0051 0.0027
vn 1.0000 -0.0011 0.0004
vn 1.0000 0.0004 0.0003
vn 1.0000 0.0012 0.0007
vn -0.0001 1.0000 -0.0000
vn -0.2466 -0.5330 -0.8094
vn -0.1760 -0.3982 0.9003
vn -0.2499 0.2729 -0.9290
vn -0.4523 -0.7985 0.3972
vn 0.0583 -0.1230 -0.9907
vn -0.8332 0.0691 -0.5486
vn -0.7247 -0.4505 -0.5214
vn 0.7486 -0.6092 -0.2617
vn 0.7487 -0.6091 -0.2617
vn 0.0598 -0.7902 -0.6100
vn -0.8193 -0.5663 -0.0899
vn -0.8246 -0.5575 0.0959
vn -0.8144 -0.3498 0.4630
vn 0.0504 -0.1397 0.9889
vn -0.8211 0.0791 0.5652
vn -0.8141 0.4549 0.3610
vn 0.0497 0.9188 0.3916
vn -0.8123 0.5764 -0.0891
vn -0.7722 0.5910 -0.2333
vn 0.0592 0.6164 -0.7852
vn 0.5747 0.1056 -0.8115
vn 0.5700 -0.2951 -0.7668
vn 0.5700 -0.6389 -0.5166
vn 0.5423 -0.8306 -0.1261
vn 0.5646 -0.8197 0.0971
vn 0.5724 -0.6598 0.4869
vn 0.5572 -0.2838 0.7804
vn 0.5277 0.0911 0.8445
vn 0.5686 0.4794 0.6685
vn 0.5843 0.6473 0.4894
vn 0.5371 0.8345 0.1229
vn 0.5440 0.8347 -0.0859
vn 0.5929 0.6344 -0.4959
vn 0.5865 0.3235 -0.7426
vn 0.4520 0.2839 0.8456
vn 0.5509 -0.5506 0.6271
vn 0.4691 -0.8655 -0.1757
vn 0.5619 -0.2587 -0.7857
vn 0.1081 0.7540 0.6479
vn -0.0509 -0.9932 -0.1047
vn -0.0509 0.7763 -0.6283
vn -0.0569 -0.7741 0.6305
vn -0.0570 -0.7741 0.6305
vn -0.1685 -0.6259 -0.7614
vn -1.0000 -0.0000 -0.0000
vn -1.0000 -0.0037 0.0012
vn -1.0000 -0.0023 0.0004
vn -1.0000 0.0003 -0.0004
vn -1.0000 0.0003 -0.0005
vn -1.0000 0.0004 -0.0009
vn -1.0000 0.0002 -0.0009
vn -1.0000 0.0003 -0.0006
vn 0.0132 0.1170 -0.9930
vn 1.0000 0.0004 0.0004
vn 1.0000 0.0003 0.0003
vn 0.4743 0.8801 -0.0204
vn 0.8135 0.0803 -0.5760
vn 0.8840 -0.1855 -0.4291
vn 0.0113 -0.3807 -0.9246
vn 0.0112 -0.3808 -0.9246
vn 0.0104 -0.6079 -0.7939
vn 0.0116 -0.7995 -0.6005
vn 0.0177 -0.9905 -0.1367
vn 0.9003 -0.3907 -0.1919
vn 0.8348 -0.5454 -0.0755
vn 0.8647 -0.4955 0.0828
vn 0.8647 -0.4954 0.0828
vn 0.0081 -0.9927 0.1205
vn 0.0066 -0.9191 0.3941
vn 0.0066 -0.9191 0.3940
vn 0.8129 -0.5415 0.2145
vn 0.8772 -0.3001 0.3747
vn 0.0135 -0.6083 0.7936
vn 0.0137 -0.6084 0.7935
vn 0.0135 -0.6082 0.7937
vn 0.0074 -0.3808 0.9246
vn 0.8746 -0.0516 0.4820
vn -0.0090 -0.1049 0.9944
vn -0.0047 0.3538 0.9353
vn 0.8862 0.2974 0.3552
vn 0.0086 0.6016 0.7988
vn 0.0081 0.7954 0.6061
vn 0.8368 0.4345 0.3331
vn 0.0137 0.9364 0.3506
vn 0.0137 0.9364 0.3505
vn 0.0136 0.9364 0.3508
vn 0.8893 0.4547 -0.0486
vn -0.0033 0.9483 -0.3173
vn 0.0098 0.8002 -0.5996
vn 0.0086 0.6063 -0.7952
vn 0.8906 0.1920 -0.4123
vn 0.0058 0.3797 -0.9251
vn -0.7055 0.0816 -0.7040
vn -0.7220 -0.3985 -0.5656
vn -0.6857 -0.6744 -0.2740
vn -0.6782 -0.7281 0.0996
vn -0.7020 -0.5551 0.4461
vn -0.7021 -0.5551 0.4461
vn -0.7021 -0.5550 0.4460
vn -0.6967 -0.1102 0.7088
vn -0.5770 -0.3073 0.7568
vn -0.6599 0.2795 0.6975
vn -0.7073 0.5796 0.4047
vn -0.7196 0.4524 -0.5268
vn -0.5126 0.8150 -0.2702
vn -0.5625 0.6645 -0.4919
vn -0.5738 0.3152 -0.7559
vn -1.0000 0.0012 0.0007
vn -1.0000 0.0004 0.0003
vn -1.0000 0.0008 0.0033
vn -1.0000 -0.0003 0.0037
vn -0.1051 -0.1328 -0.9856
vn -1.0000 0.0009 0.0046
vn -0.9990 -0.0222 0.0395
vn -0.1336 -0.7590 0.6372
vn -0.0994 0.1305 0.9865
vn 0.0512 -0.7762 -0.6284
vn -0.1310 0.7585 -0.6384
vn 0.0509 0.7763 0.6283
vn 0.1797 0.3663 -0.9130
vn 0.0118 -0.1237 -0.9923
vn 0.0116 -0.1240 -0.9922
vn 0.0118 -0.1237 -0.9922
vn 0.5513 -0.0549 -0.8325
vn 0.7085 0.6681 0.2273
vn 0.7344 -0.6392 0.2282
vn 0.7345 -0.6391 0.2282
vn 0.4489 0.5994 -0.6627
vn 0.8788 -0.0664 -0.4726
vn 0.0078 -0.3926 -0.9197
vn 0.8198 -0.2050 -0.5347
vn 0.0149 -0.6149 -0.7885
vn 0.0097 -0.9205 -0.3907
vn 0.8856 -0.4627 -0.0414
vn 0.0127 -0.9932 -0.1157
vn 0.0163 -0.9252 0.3791
vn 0.0104 -0.7935 0.6085
vn 0.8710 -0.3230 0.3702
vn 0.0019 -0.6095 0.7928
vn 0.0059 -0.3775 0.9260
vn 0.8287 -0.2497 0.5009
vn 0.8927 -0.0626 0.4463
vn 0.0144 -0.1259 0.9919
vn 0.0141 0.1265 0.9919
vn 0.0144 0.3900 0.9207
vn 0.0143 0.3899 0.9207
vn 0.0144 0.3901 0.9207
vn 0.0084 0.7916 0.6110
vn 0.9133 0.2406 0.3285
vn 0.0192 0.9248 0.3799
vn 0.0192 0.9248 0.3800
vn 0.0078 0.9952 -0.0973
vn 0.9270 0.3729 0.0401
vn 0.0069 0.9234 -0.3837
vn 0.0069 0.9234 -0.3838
vn 0.8928 0.2830 -0.3506
vn 0.8927 0.2830 -0.3506
vn 0.0144 0.6177 -0.7863
vn 0.0143 0.6176 -0.7864
vn 0.0141 0.6174 -0.7866
vn 0.0119 0.3751 -0.9269
vn 0.8262 0.2183 -0.5193
vn -0.7051 -0.0651 -0.7061
vn -0.5747 0.1056 -0.8115
vn -0.7148 -0.4396 -0.5439
vn -0.7529 -0.6532 -0.0802
vn -0.5336 -0.7839 -0.3174
vn -0.7423 -0.5313 0.4083
vn -0.5392 -0.7739 0.3322
vn -0.6700 -0.0932 0.7365
vn -0.5585 -0.4931 0.6670
vn -0.5544 -0.2833 0.7826
vn -0.6920 0.2708 0.6692
vn -0.7452 0.6142 0.2595
vn -0.5843 0.6501 0.4858
vn -0.7437 0.6256 -0.2355
vn -0.7437 0.6257 -0.2355
vn -0.7128 0.3999 -0.5762
vn -0.7128 0.3999 -0.5761
vn -0.1081 0.7540 0.6479
vn -0.5309 0.2672 0.8042
vn -0.5309 -0.0499 0.8460
vn -0.5509 -0.5506 0.6271
vn -0.5186 -0.7601 0.3915
vn 0.0691 0.7454 -0.6630
vn -0.0285 -0.6602 -0.7505
vn 0.1081 -0.7541 0.6479
vn 0.1081 -0.7540 0.6479
vn -0.0226 -0.0382 -0.9990
vn 1.0000 -0.0000 -0.0000
vn 1.0000 -0.0039 -0.0011
vn 1.0000 0.0004 -0.0002
vn 1.0000 -0.0000 -0.0003
vn -1.0000 0.0009 0.0006
vn -0.0093 -0.1292 -0.9916
vn -0.4761 0.8792 -0.0204
vn -0.0127 0.1293 -0.9915
vn -0.8922 -0.1898 -0.4099
vn -0.0074 -0.3867 -0.9222
vn -0.0098 -0.6085 -0.7935
vn -0.0100 -0.7975 -0.6032
vn -0.9049 -0.4236 -0.0420
vn -0.0142 -0.9904 -0.1375
vn -0.0141 -0.9904 -0.1374
vn -0.0074 -0.9921 0.1254
vn -0.0092 -0.9186 0.3951
vn -0.8873 -0.2960 0.3537
vn -0.0136 -0.6084 0.7935
vn -0.0137 -0.6084 0.7935
vn -0.0135 -0.6082 0.7937
vn -0.0134 -0.6082 0.7936
vn -0.0092 -0.3838 0.9234
vn -0.8765 -0.0536 0.4784
vn -0.0129 -0.1227 0.9924
vn -0.0128 0.3760 0.9265
vn 0.0694 0.1388 0.9879
vn -0.8859 0.2979 0.3557
vn -0.0083 0.6017 0.7987
vn -0.0079 0.7950 0.6066
vn -0.0141 0.9362 0.3513
vn -0.0141 0.9361 0.3513
vn -0.0141 0.9362 0.3512
vn -0.8891 0.4551 -0.0486
vn 0.0031 0.9479 -0.3186
vn -0.0099 0.7999 -0.6000
vn -0.0149 0.5959 -0.8029
vn 0.7125 0.0757 -0.6976
vn -0.9238 0.1726 -0.3418
vn 0.7180 -0.4111 -0.5617
vn 0.6814 -0.6791 -0.2730
vn 0.7154 -0.6876 0.1240
vn 0.7154 -0.6877 0.1239
vn 0.7084 -0.4423 0.5500
vn 0.6772 -0.0921 0.7300
vn 0.6782 0.2898 0.6753
vn 0.6782 0.2899 0.6753
vn 0.7082 0.5793 0.4036
vn 0.7190 0.4526 -0.5275
vn 0.7795 0.6237 -0.0577
vn -1.0000 0.0006 -0.0003
vn -1.0000 0.0004 -0.0001
vn -1.0000 0.0006 -0.0000
vn -1.0000 0.0002 -0.0002
vn -1.0000 0.0004 -0.0000
vn 0.9999 0.0035 0.0113
vn 0.0900 -0.7799 0.6193
vn 0.0900 -0.7799 0.6194
vn 0.0900 -0.7800 0.6193
vn 0.2892 -0.1148 -0.9504
vn 0.0994 0.1305 0.9865
vn 0.1303 0.7583 -0.6387
vn 0.1426 -0.7751 -0.6155
vn -0.0370 -0.9927 -0.1146
vn -0.0509 0.7763 0.6283
vn -0.5076 0.1159 0.8538
vn -0.5423 -0.7543 -0.3700
vn -0.5222 -0.5637 0.6399
vn -0.5898 -0.2660 0.7624
vn -0.0303 0.1391 -0.9898
vn -0.0304 0.1389 -0.9898
vn -0.0304 0.1390 -0.9898
vn -0.5419 0.4628 0.7015
vn -0.5392 0.7042 0.4620
vn -0.5362 0.8243 0.1816
vn -0.7887 0.3810 -0.4824
vn -0.5025 0.0670 -0.8620
vn -0.9218 -0.0582 -0.3832
vn -0.0137 -0.3834 -0.9235
vn -0.0136 -0.3835 -0.9234
vn -0.0138 -0.3832 -0.9236
vn -0.0137 -0.3833 -0.9235
vn -0.0149 -0.6149 -0.7885
vn -0.8977 -0.4038 -0.1764
vn -0.8976 -0.4039 -0.1764
vn -0.8977 -0.4039 -0.1764
vn -0.0097 -0.9205 -0.3907
vn -0.0096 -0.9205 -0.3906
vn -0.0093 -0.9924 -0.1224
vn -0.0091 -0.9916 0.1293
vn -0.8857 -0.4314 0.1715
vn -0.0159 -0.9215 0.3881
vn -0.0159 -0.9215 0.3882
vn -0.0157 -0.9216 0.3879
vn -0.0054 -0.6123 0.7906
vn 0.0708 -0.7804 0.6212
vn -0.9025 -0.1689 0.3962
vn -0.0120 -0.3659 0.9306
vn -0.0227 0.1305 0.9912
vn -0.8921 0.2735 0.3596
vn 0.0614 0.3826 0.9219
vn -0.0065 0.6002 0.7998
vn -0.0069 0.8003 0.5995
vn -0.8969 0.4402 0.0419
vn -0.0167 0.9892 0.1456
vn -0.0057 0.9949 -0.1011
vn -0.0172 0.9165 -0.3997
vn 0.0017 0.7744 -0.6327
vn -0.8664 0.3171 -0.3856
vn -0.8665 0.3171 -0.3856
vn -0.0007 0.4007 -0.9162
vn 0.7051 -0.0651 -0.7061
vn 0.6805 -0.4411 -0.5851
vn 0.7078 -0.6574 -0.2585
vn 0.7141 -0.6575 0.2404
vn 0.6843 -0.4460 0.5769
vn 0.6469 -0.0810 0.7583
vn 0.6929 0.2699 0.6686
vn 0.7453 0.6147 0.2582
vn 0.7435 0.6259 -0.2355
vn 0.7127 0.4000 -0.5762
vn 0.7127 0.4002 -0.5762
vn -0.0456 0.9688 -0.2438
vn -0.0418 0.9734 -0.2254
vn 0.1089 0.8343 0.5405
vn 0.3987 0.7197 0.5684
vn -0.5861 0.3006 0.7524
vn 0.1746 -0.6684 0.7230
vn 0.1719 -0.6870 0.7060
vn 0.4583 0.2034 0.8652
vn 0.2005 0.0665 0.9774
vn 0.9729 0.1950 0.1242
vn 0.9739 0.1926 0.1200
vn -0.0973 0.8644 -0.4933
vn -0.0456 0.9687 -0.2438
vn 0.9913 0.0544 -0.1195
vn 0.9729 0.1950 0.1241
vn -0.9817 -0.0577 0.1816
vn 0.1369 -0.8572 0.4965
vn 0.0456 0.9687 -0.2438
vn -0.3987 0.7197 0.5684
vn -0.1089 0.8343 0.5405
vn 0.0418 0.9734 -0.2254
vn 0.5861 0.3006 0.7524
vn -0.1746 -0.6684 0.7230
vn -0.2005 0.0665 0.9774
vn -0.4583 0.2034 0.8652
vn -0.1719 -0.6870 0.7060
vn -0.9729 0.1950 0.1242
vn -0.9739 0.1926 0.1200
vn 0.0974 0.8644 -0.4933
vn 0.0973 0.8644 -0.4933
vn -0.9913 0.0544 -0.1195
vn 0.9817 -0.0577 0.1816
vn -0.1369 -0.8572 0.4965
vn -0.1719 -0.6871 0.7060
vt 0.986515 0.995780
vt 0.985111 0.989797
vt 0.993381 0.996718
vt 0.988793 0.989008
vt 0.983335 0.984118
vt 0.989683 0.985615
vt 0.996266 0.986879
vt 0.982146 0.827741
vt 0.986619 0.832002
vt 0.983659 0.834835
vt 0.980012 0.834136
vt 0.991133 0.836623
vt 0.984598 0.838400
vt 0.978212 0.840247
vt 0.281335 0.734045
vt 0.270858 0.689636
vt 0.290944 0.690016
vt 0.297259 0.735012
vt 0.314071 0.695911
vt 0.320837 0.734696
vt 0.087164 0.219786
vt 0.001379 0.135777
vt 0.006054 0.131844
vt 0.089291 0.212015
vt 0.010609 0.128209
vt 0.091455 0.204330
vt 0.892028 0.987429
vt 0.892143 0.994137
vt 0.892253 1.000600
vt 0.993852 0.917441
vt 0.994079 0.924875
vt 0.889145 0.818600
vt 0.889262 0.825460
vt 0.889384 0.832601
vt 0.311546 0.841927
vt 0.321521 0.838203
vt 0.142834 0.399979
vt 0.156559 0.516392
vt 0.145598 0.510708
vt 0.136866 0.409481
vt 0.422638 0.617795
vt 0.428245 0.682910
vt 0.325926 0.638867
vt 0.109174 0.183670
vt 0.109585 0.095832
vt 0.115029 0.187544
vt 0.115407 0.095832
vt 0.071741 0.567940
vt 0.173147 0.533523
vt 0.175114 0.541811
vt 0.073472 0.575635
vt 0.181213 0.629967
vt 0.099094 0.630868
vt 0.175796 0.626153
vt 0.100058 0.627053
vt 0.045140 0.445513
vt 0.153559 0.384984
vt 0.038194 0.444288
vt 0.057135 0.522476
vt 0.050398 0.534137
vt 0.193712 0.641952
vt 0.092996 0.634776
vt 0.166382 0.525226
vt 0.167928 0.554953
vt 0.082587 0.582039
vt 0.330964 0.742819
vt 0.431931 0.728908
vt 0.432551 0.736389
vt 0.336256 0.747402
vt 0.021319 0.127277
vt 0.089157 0.192608
vt 0.099546 0.188043
vt 0.103545 0.095832
vt 0.261354 0.022464
vt 0.377330 0.005828
vt 0.377461 0.016937
vt 0.315527 0.024871
vt 0.252985 0.030545
vt 0.377209 0.000710
vt 0.260615 0.015956
vt 0.061581 0.513466
vt 0.160458 0.563442
vt 0.092023 0.587800
vt 0.055385 0.451805
vt 0.328352 0.840792
vt 0.092372 0.186731
vt 0.025601 0.121567
vt 0.308066 0.050480
vt 0.314810 0.074236
vt 0.242840 0.066430
vt 0.253649 0.095120
vt 0.235669 0.103627
vt 0.224202 0.036528
vt 0.267257 0.118329
vt 0.305729 0.154723
vt 0.271566 0.167442
vt 0.280894 0.141060
vt 0.389590 0.231142
vt 0.326230 0.234862
vt 0.386247 0.190562
vt 0.328922 0.195550
vt 0.152167 0.209222
vt 0.144894 0.221665
vt 0.192801 0.210586
vt 0.182314 0.225179
vt 0.223806 0.201345
vt 0.219250 0.233008
vt 0.282270 0.243289
vt 0.263000 0.262717
vt 0.252544 0.223005
vt 0.254803 0.284123
vt 0.206448 0.258306
vt 0.231736 0.284641
vt 0.174338 0.284628
vt 0.206303 0.310775
vt 0.159884 0.323086
vt 0.194763 0.347592
vt 0.189532 0.387796
vt 0.200227 0.512790
vt 0.273917 0.505835
vt 0.206145 0.527068
vt 0.272220 0.494013
vt 0.204223 0.517615
vt 0.298791 0.617937
vt 0.229511 0.629141
vt 0.256049 0.304674
vt 0.263652 0.350434
vt 0.264177 0.396189
vt 0.265549 0.441033
vt 0.431362 0.722141
vt 0.308873 0.633152
vt 0.301418 0.026803
vt 0.232741 0.037423
vt 0.321770 0.097802
vt 0.329499 0.120485
vt 0.344617 0.136355
vt 0.382327 0.148484
vt 0.329917 0.164859
vt 0.383776 0.163634
vt 0.322522 0.076231
vt 0.316277 0.073875
vt 0.321043 0.068922
vt 0.337987 0.119478
vt 0.330514 0.119600
vt 0.334133 0.113300
vt 0.318645 0.052021
vt 0.312419 0.047776
vt 0.318329 0.044541
vt 0.329069 0.098592
vt 0.323018 0.097290
vt 0.327016 0.091869
vt 0.352844 0.131916
vt 0.345100 0.135217
vt 0.346476 0.129098
vt 0.377591 0.025951
vt 0.320133 0.030249
vt 0.377480 0.020361
vt 0.316494 0.025992
vt 0.381876 0.139809
vt 0.382314 0.147157
vt 0.310906 0.047646
vt 0.322995 0.097298
vt 0.344630 0.136334
vt 0.336641 0.831796
vt 0.440119 0.845017
vt 0.440919 0.854723
vt 0.343970 0.825578
vt 0.439451 0.836423
vt 0.243256 0.146897
vt 0.797882 0.999001
vt 0.791052 1.000170
vt 0.799081 0.992974
vt 0.795373 0.992311
vt 0.800661 0.987237
vt 0.794368 0.988951
vt 0.787832 0.990438
vt 0.796511 0.830911
vt 0.798862 0.837229
vt 0.795241 0.838053
vt 0.792186 0.835322
vt 0.787832 0.840094
vt 0.794424 0.841647
vt 0.800869 0.843276
vt 0.583165 0.709711
vt 0.567182 0.712780
vt 0.566740 0.666633
vt 0.586956 0.663020
vt 0.543694 0.715527
vt 0.544489 0.676237
vt 0.688661 0.175618
vt 0.685424 0.168226
vt 0.756263 0.076692
vt 0.761466 0.079910
vt 0.682163 0.160924
vt 0.751221 0.073752
vt 0.787901 0.928396
vt 0.787874 0.920959
vt 0.564019 0.822075
vt 0.553550 0.819364
vt 0.656911 0.363249
vt 0.663514 0.371879
vt 0.665278 0.468230
vt 0.655606 0.474323
vt 0.522945 0.621396
vt 0.109174 0.007995
vt 0.115029 0.004121
vt 0.756128 0.483752
vt 0.756897 0.491799
vt 0.647908 0.491549
vt 0.647388 0.483169
vt 0.667168 0.578084
vt 0.671329 0.572737
vt 0.748641 0.554377
vt 0.746518 0.550895
vt 0.645225 0.349731
vt 0.754412 0.398748
vt 0.760980 0.396998
vt 0.748875 0.473217
vt 0.755877 0.556412
vt 0.658396 0.593560
vt 0.658523 0.501858
vt 0.749874 0.501010
vt 0.534549 0.725220
vt 0.529814 0.730629
vt 0.740473 0.074384
vt 0.682738 0.148975
vt 0.099546 0.003621
vt 0.493469 0.011824
vt 0.502124 0.013675
vt 0.439453 0.018279
vt 0.493966 0.006766
vt 0.743975 0.465045
vt 0.668124 0.507714
vt 0.742335 0.509650
vt 0.745086 0.405619
vt 0.546947 0.822666
vt 0.678699 0.143618
vt 0.735400 0.069348
vt 0.441632 0.041993
vt 0.504469 0.041978
vt 0.439812 0.067070
vt 0.501047 0.074332
vt 0.514773 0.011281
vt 0.520546 0.078411
vt 0.492901 0.099586
vt 0.461634 0.142547
vt 0.483783 0.124676
vt 0.497886 0.149473
vt 0.453709 0.225384
vt 0.445220 0.186702
vt 0.631727 0.185864
vt 0.622713 0.174589
vt 0.582645 0.181843
vt 0.595157 0.194781
vt 0.559693 0.207903
vt 0.550580 0.177189
vt 0.520655 0.243697
vt 0.498737 0.227243
vt 0.525248 0.202827
vt 0.576166 0.231265
vt 0.531871 0.263728
vt 0.554787 0.260950
vt 0.611722 0.252982
vt 0.583626 0.283256
vt 0.631255 0.289240
vt 0.600019 0.318024
vt 0.610404 0.356786
vt 0.614488 0.476292
vt 0.546870 0.481100
vt 0.546125 0.469640
vt 0.614958 0.485564
vt 0.546554 0.595586
vt 0.618925 0.590559
vt 0.533601 0.284205
vt 0.532615 0.330215
vt 0.538549 0.374852
vt 0.543491 0.418231
vt 0.539055 0.612681
vt 0.506863 0.020003
vt 0.432282 0.112590
vt 0.436649 0.089586
vt 0.439839 0.156239
vt 0.421175 0.130922
vt 0.432982 0.069501
vt 0.433773 0.062990
vt 0.438341 0.066886
vt 0.424249 0.113007
vt 0.426889 0.106569
vt 0.431172 0.111921
vt 0.434769 0.048123
vt 0.435113 0.041396
vt 0.440278 0.044320
vt 0.429546 0.091470
vt 0.430646 0.084477
vt 0.435421 0.089275
vt 0.411790 0.127542
vt 0.417801 0.123574
vt 0.420516 0.129822
vt 0.434246 0.028136
vt 0.438443 0.023700
vt 0.438368 0.066889
vt 0.440304 0.044320
vt 0.435447 0.089279
vt 0.537717 0.815114
vt 0.529745 0.810149
vt 0.522452 0.123128
vt 0.275226 0.205793
vt 0.500265 0.188587
vt 0.180983 0.766073
vt 0.155614 0.766321
vt 0.178774 0.733227
vt 0.155614 0.733318
vt 0.282761 0.758300
vt 0.248402 0.763146
vt 0.273783 0.728153
vt 0.241845 0.731777
vt 0.214605 0.765867
vt 0.210268 0.733160
vt 0.309714 0.847013
vt 0.268900 0.851485
vt 0.261829 0.823151
vt 0.300666 0.817813
vt 0.291761 0.788019
vt 0.255144 0.793148
vt 0.228236 0.855169
vt 0.223548 0.826611
vt 0.219073 0.796250
vt 0.187765 0.856072
vt 0.185470 0.827255
vt 0.183208 0.796667
vt 0.155614 0.856931
vt 0.155614 0.827835
vt 0.155614 0.797072
vt 0.192833 0.136991
vt 0.230178 0.146008
vt 0.193264 0.172564
vt 0.230813 0.176267
vt 0.552772 0.040439
vt 0.525376 0.041001
vt 0.521124 0.005223
vt 0.551535 0.005223
vt 0.607537 0.040337
vt 0.580143 0.040153
vt 0.581940 0.005547
vt 0.612362 0.006311
vt 0.597931 0.110191
vt 0.576556 0.111639
vt 0.578359 0.075474
vt 0.602736 0.074959
vt 0.555174 0.113259
vt 0.553986 0.076407
vt 0.533776 0.115031
vt 0.529602 0.077382
vt 0.120897 0.118830
vt 0.156455 0.127926
vt 0.121327 0.165049
vt 0.157067 0.168809
vt 0.121958 0.026276
vt 0.157012 0.046092
vt 0.120897 0.072611
vt 0.156235 0.087069
vt 0.192956 0.065784
vt 0.192464 0.101434
vt 0.229246 0.085472
vt 0.229753 0.115741
vt 0.953765 0.723313
vt 0.855429 0.748590
vt 0.855429 0.619940
vt 0.956227 0.620901
vt 0.130246 0.766073
vt 0.132454 0.733227
vt 0.028468 0.758300
vt 0.037445 0.728153
vt 0.062826 0.763146
vt 0.069384 0.731777
vt 0.096624 0.765867
vt 0.100961 0.733160
vt 0.001515 0.847013
vt 0.010563 0.817813
vt 0.049400 0.823151
vt 0.042329 0.851485
vt 0.019468 0.788019
vt 0.056085 0.793148
vt 0.087680 0.826611
vt 0.082993 0.855169
vt 0.092156 0.796250
vt 0.123464 0.856072
vt 0.125758 0.827255
vt 0.128021 0.796667
vt 0.042375 0.262132
vt 0.006803 0.261701
vt 0.033358 0.224787
vt 0.003099 0.224152
vt 0.062561 0.040439
vt 0.063798 0.005223
vt 0.094210 0.005223
vt 0.089957 0.041001
vt 0.007797 0.040337
vt 0.002972 0.006311
vt 0.033394 0.005547
vt 0.035191 0.040153
vt 0.017402 0.110191
vt 0.012597 0.074960
vt 0.036975 0.075474
vt 0.038778 0.111639
vt 0.061348 0.076407
vt 0.060160 0.113259
vt 0.085732 0.077382
vt 0.081558 0.115031
vt 0.060537 0.334068
vt 0.014317 0.333638
vt 0.051440 0.298510
vt 0.010558 0.297898
vt 0.153091 0.333007
vt 0.106755 0.334068
vt 0.133274 0.297953
vt 0.092297 0.298730
vt 0.113583 0.262009
vt 0.077932 0.262501
vt 0.093894 0.225719
vt 0.063626 0.225212
vt 0.955719 0.518461
vt 0.857883 0.491313
vt 0.692831 0.850891
vt 0.704643 0.833259
vt 0.697391 0.854792
vt 0.712297 0.799779
vt 0.718417 0.778771
vt 0.717537 0.800421
vt 0.705078 0.272036
vt 0.702067 0.232644
vt 0.721239 0.266550
vt 0.717111 0.246651
vt 0.668249 0.338710
vt 0.689062 0.334214
vt 0.690037 0.348200
vt 0.658016 0.347563
vt 0.261681 0.646612
vt 0.253735 0.657076
vt 0.245229 0.638452
vt 0.119583 0.458802
vt 0.106078 0.450158
vt 0.112090 0.439909
vt 0.129549 0.454407
vt 0.232612 0.646142
vt 0.227641 0.634787
vt 0.865179 0.336096
vt 0.862209 0.365260
vt 0.833580 0.356581
vt 0.836694 0.321365
vt 0.779102 0.091964
vt 0.764476 0.083472
vt 0.792263 0.069646
vt 0.798774 0.072540
vt 0.609774 0.657001
vt 0.624202 0.627849
vt 0.629107 0.667303
vt 0.660071 0.752910
vt 0.686647 0.735673
vt 0.688046 0.759508
vt 0.654510 0.719477
vt 0.680489 0.707066
vt 0.842320 0.150078
vt 0.848946 0.147254
vt 0.854107 0.174232
vt 0.866954 0.160418
vt 0.704908 0.695080
vt 0.699970 0.677050
vt 0.708841 0.692611
vt 0.688085 0.705602
vt 0.684815 0.694745
vt 0.713670 0.712374
vt 0.732583 0.721590
vt 0.716553 0.725701
vt 0.715786 0.745039
vt 0.696162 0.751796
vt 0.695425 0.739924
vt 0.690948 0.800169
vt 0.693408 0.788157
vt 0.709226 0.820884
vt 0.724454 0.832860
vt 0.706586 0.869719
vt 0.684751 0.872246
vt 0.784796 0.640455
vt 0.790226 0.617788
vt 0.816497 0.630109
vt 0.811390 0.659626
vt 0.676514 0.630004
vt 0.699492 0.638324
vt 0.684036 0.642666
vt 0.689910 0.654216
vt 0.695789 0.665588
vt 0.691315 0.717049
vt 0.694145 0.728404
vt 0.696288 0.764219
vt 0.686151 0.781408
vt 0.694845 0.776179
vt 0.686621 0.811802
vt 0.679555 0.808028
vt 0.653435 0.870763
vt 0.648828 0.859492
vt 0.662490 0.858375
vt 0.628409 0.897694
vt 0.619769 0.886716
vt 0.642738 0.882897
vt 0.649314 0.639579
vt 0.631522 0.619722
vt 0.113972 0.640923
vt 0.148931 0.642397
vt 0.171932 0.669793
vt 0.089797 0.658529
vt 0.082392 0.692603
vt 0.106874 0.727393
vt 0.148499 0.726574
vt 0.171932 0.701074
vt 0.644627 0.689742
vt 0.656226 0.657483
vt 0.670402 0.681738
vt 0.776295 0.228784
vt 0.749383 0.238525
vt 0.751464 0.204820
vt 0.777206 0.206938
vt 0.793771 0.174912
vt 0.761146 0.175463
vt 0.775438 0.149959
vt 0.806671 0.156422
vt 0.795169 0.127656
vt 0.828513 0.138902
vt 0.833267 0.102229
vt 0.811107 0.310926
vt 0.779151 0.321250
vt 0.798940 0.295423
vt 0.203191 0.662413
vt 0.205484 0.677902
vt 0.192995 0.680659
vt 0.192995 0.656498
vt 0.132674 0.491710
vt 0.124752 0.480729
vt 0.136604 0.471690
vt 0.780686 0.256506
vt 0.754469 0.267525
vt 0.721986 0.246090
vt 0.723717 0.207206
vt 0.719374 0.226217
vt 0.718906 0.207499
vt 0.751880 0.126992
vt 0.763605 0.109213
vt 0.768760 0.111547
vt 0.213010 0.703841
vt 0.213915 0.690782
vt 0.233498 0.695261
vt 0.242866 0.703785
vt 0.734206 0.298710
vt 0.739608 0.318922
vt 0.729708 0.301156
vt 0.751385 0.286207
vt 0.756418 0.297885
vt 0.892727 0.325691
vt 0.897151 0.325021
vt 0.895362 0.343920
vt 0.911477 0.337072
vt 0.741890 0.239420
vt 0.742422 0.251301
vt 0.770205 0.387504
vt 0.763167 0.390057
vt 0.738005 0.360004
vt 0.758489 0.362117
vt 0.743841 0.205116
vt 0.741803 0.216582
vt 0.724377 0.188088
vt 0.708170 0.190719
vt 0.728585 0.175176
vt 0.744147 0.138016
vt 0.738332 0.117749
vt 0.780052 0.130165
vt 0.789591 0.121226
vt 0.812335 0.100438
vt 0.828207 0.090988
vt 0.751612 0.339031
vt 0.768311 0.322046
vt 0.775537 0.333959
vt 0.744840 0.263127
vt 0.747463 0.274798
vt 0.771553 0.139807
vt 0.763733 0.149833
vt 0.784261 0.346450
vt 0.805979 0.352380
vt 0.796366 0.361735
vt 0.763729 0.294111
vt 0.761752 0.309959
vt 0.896197 0.306145
vt 0.826207 0.267318
vt 0.854134 0.255350
vt 0.862056 0.283760
vt 0.833422 0.296385
vt 0.214064 0.648364
vt 0.207203 0.640852
vt 0.079561 0.487120
vt 0.093060 0.495759
vt 0.087045 0.506001
vt 0.069624 0.491495
vt 0.885439 0.403352
vt 0.881687 0.399941
vt 0.905931 0.386076
vt 0.889996 0.382620
vt 0.831176 0.209838
vt 0.813903 0.238892
vt 0.795527 0.215827
vt 0.820289 0.735464
vt 0.791280 0.744173
vt 0.785920 0.719001
vt 0.813542 0.705559
vt 0.633729 0.200351
vt 0.619317 0.206275
vt 0.629659 0.189881
vt 0.610658 0.200297
vt 0.827081 0.388484
vt 0.854567 0.393622
vt 0.842363 0.421160
vt 0.816634 0.408518
vt 0.878484 0.419780
vt 0.891428 0.369887
vt 0.821519 0.462398
vt 0.839328 0.441030
vt 0.867881 0.447061
vt 0.855563 0.475362
vt 0.894373 0.357138
vt 0.761880 0.596428
vt 0.766193 0.598949
vt 0.740771 0.617540
vt 0.757228 0.617028
vt 0.873607 0.320383
vt 0.873614 0.332149
vt 0.911332 0.285106
vt 0.895091 0.292859
vt 0.894667 0.272310
vt 0.868285 0.271736
vt 0.889521 0.272753
vt 0.870282 0.284097
vt 0.903071 0.240657
vt 0.887423 0.251813
vt 0.883465 0.239341
vt 0.886986 0.203912
vt 0.878117 0.218591
vt 0.866259 0.200337
vt 0.860677 0.187834
vt 0.720561 0.745578
vt 0.661990 0.605216
vt 0.891023 0.435151
vt 0.873999 0.432753
vt 0.864684 0.389820
vt 0.860912 0.401066
vt 0.869686 0.367211
vt 0.867741 0.378589
vt 0.871819 0.355587
vt 0.873240 0.343888
vt 0.865141 0.312884
vt 0.873288 0.308454
vt 0.872448 0.296473
vt 0.864743 0.259728
vt 0.861147 0.247386
vt 0.855539 0.235269
vt 0.844528 0.232278
vt 0.850301 0.223606
vt 0.836370 0.199595
vt 0.843965 0.211956
vt 0.806129 0.182149
vt 0.815029 0.172752
vt 0.827297 0.187467
vt 0.813652 0.453664
vt 0.850540 0.423845
vt 0.856318 0.412469
vt 0.745380 0.339337
vt 0.811697 0.684719
vt 0.781701 0.668365
vt 0.782854 0.697182
vt 0.801830 0.771984
vt 0.831601 0.766782
vt 0.652287 0.302087
vt 0.652509 0.322967
vt 0.640138 0.304542
vt 0.643802 0.329363
vt 0.852238 0.785733
vt 0.826014 0.810876
vt 0.816668 0.564700
vt 0.852566 0.571816
vt 0.836066 0.591119
vt 0.826115 0.608060
vt 0.800456 0.591512
vt 0.697751 0.320629
vt 0.698907 0.304238
vt 0.709446 0.297100
vt 0.711282 0.323072
vt 0.621161 0.242780
vt 0.628066 0.258701
vt 0.604888 0.241635
vt 0.662270 0.218816
vt 0.670333 0.208817
vt 0.673598 0.227584
vt 0.600200 0.216157
vt 0.610234 0.225617
vt 0.750910 0.701236
vt 0.750441 0.682262
vt 0.756076 0.701706
vt 0.783409 0.610357
vt 0.787686 0.599141
vt 0.754661 0.571363
vt 0.771391 0.574039
vt 0.756670 0.637410
vt 0.751965 0.636569
vt 0.775636 0.645483
vt 0.777316 0.633797
vt 0.750412 0.669414
vt 0.733679 0.667528
vt 0.752326 0.656328
vt 0.737988 0.711018
vt 0.756168 0.721165
vt 0.780235 0.740512
vt 0.760175 0.738308
vt 0.778614 0.728226
vt 0.747685 0.754514
vt 0.756272 0.739555
vt 0.762074 0.763707
vt 0.773076 0.805870
vt 0.756398 0.799771
vt 0.770705 0.783356
vt 0.805676 0.803338
vt 0.778477 0.804614
vt 0.798912 0.788863
vt 0.775733 0.524696
vt 0.802107 0.505079
vt 0.796390 0.522900
vt 0.786481 0.542590
vt 0.798885 0.575417
vt 0.783043 0.561076
vt 0.805786 0.563646
vt 0.793225 0.587462
vt 0.780608 0.622158
vt 0.773746 0.668905
vt 0.774132 0.657252
vt 0.773346 0.681411
vt 0.775996 0.704916
vt 0.773890 0.693626
vt 0.777231 0.716523
vt 0.784271 0.752524
vt 0.794198 0.775766
vt 0.788778 0.764122
vt 0.816353 0.819131
vt 0.844383 0.533771
vt 0.822329 0.539306
vt 0.834865 0.524163
vt 0.813283 0.551724
vt 0.719430 0.764931
vt 0.266142 0.662818
vt 0.249272 0.680358
vt 0.259769 0.683866
vt 0.609774 0.848397
vt 0.626026 0.835524
vt 0.665365 0.836307
vt 0.638805 0.819853
vt 0.651375 0.799129
vt 0.658128 0.777016
vt 0.680503 0.684269
vt 0.071181 0.340126
vt 0.094210 0.371763
vt 0.089496 0.402643
vt 0.025022 0.340126
vt 0.001943 0.377123
vt 0.013012 0.411043
vt 0.037515 0.425923
vt 0.066795 0.424163
vt 0.668698 0.604352
vt 0.719374 0.682106
vt 0.736012 0.757404
vt 0.733124 0.793936
vt 0.682318 0.824354
vt 0.673078 0.840907
vt 0.682973 0.914677
vt 0.678036 0.885077
vt 0.670080 0.899094
vt 0.655914 0.923649
vt 0.679712 0.588657
vt 0.663202 0.653891
vt 0.670004 0.663766
vt 0.675614 0.673962
vt 0.789454 0.278453
vt 0.784732 0.190955
vt 0.074355 0.465265
vt 0.066970 0.453671
vt 0.090354 0.450438
vt 0.085297 0.439909
vt 0.832928 0.323231
vt 0.108779 0.495486
vt 0.113794 0.505952
vt 0.062398 0.473475
vt 0.724767 0.280169
vt 0.662816 0.927588
vt 0.718263 0.313217
vt 0.740872 0.227783
vt 0.745641 0.193500
vt 0.749971 0.183044
vt 0.719995 0.150485
vt 0.733959 0.162276
vt 0.753958 0.172186
vt 0.758351 0.161106
vt 0.738943 0.150324
vt 0.799477 0.110727
vt 0.784843 0.032284
vt 0.872931 0.220823
vt 0.689887 0.279425
vt 0.684224 0.288397
vt 0.643769 0.293927
vt 0.663519 0.279426
vt 0.666371 0.290912
vt 0.795527 0.426746
vt 0.091854 0.645627
vt 0.070035 0.682992
vt 0.024400 0.684999
vt 0.074618 0.605569
vt 0.028953 0.598597
vt 0.001455 0.626404
vt 0.001455 0.657656
vt 0.862821 0.475619
vt 0.876651 0.490692
vt 0.604204 0.091268
vt 0.619128 0.051255
vt 0.659817 0.041641
vt 0.623855 0.126210
vt 0.664417 0.131518
vt 0.692440 0.108092
vt 0.692440 0.064816
vt 0.648115 0.202845
vt 0.636643 0.247974
vt 0.656090 0.245612
vt 0.668403 0.250776
vt 0.654128 0.193746
vt 0.654883 0.258701
vt 0.766908 0.763449
vt 0.780535 0.831895
vt 0.758261 0.854032
vt 0.532200 0.131398
vt 0.592181 0.131686
vt 0.588247 0.135646
vt 0.537423 0.136216
vt 0.588726 0.161616
vt 0.593276 0.165991
vt 0.533460 0.166667
vt 0.538149 0.162024
vt 0.527108 0.126918
vt 0.598230 0.125907
vt 0.527292 0.171445
vt 0.598230 0.171557
vt 0.593401 0.684915
vt 0.598218 0.690138
vt 0.597649 0.740962
vt 0.593688 0.744896
vt 0.623619 0.741441
vt 0.627993 0.745991
vt 0.624027 0.690864
vt 0.628670 0.686174
vt 0.588921 0.679823
vt 0.587910 0.750945
vt 0.633447 0.680006
vt 0.633559 0.750945
s 1
usemtl Purple_Coated_Glitter.001
f 1/1/1 2/2/2 3/3/3
f 2/2/2 4/4/4 3/3/3
f 5/5/5 6/6/6 4/4/4
f 5/5/5 4/4/4 2/2/2
f 7/7/7 3/3/3 4/4/4
f 7/7/7 4/4/4 6/6/6
f 8/8/8 9/9/9 10/10/10
f 8/8/8 10/10/10 11/11/11
f 12/12/12 13/13/13 10/10/10
f 12/12/12 10/10/10 9/9/9
f 14/14/14 11/11/11 10/10/10
f 14/14/14 10/10/10 13/13/13
f 15/15/15 16/16/16 17/17/17
f 15/15/15 17/17/17 18/18/18
f 18/18/18 17/17/17 19/19/19
f 18/18/18 19/19/19 20/20/20
f 21/21/21 12/22/12 9/23/9
f 21/21/21 9/23/9 22/24/22
f 22/24/22 9/23/9 8/25/8
f 22/24/22 8/25/8 23/26/23
f 24/27/24 5/5/5 25/28/25
f 5/5/5 2/2/2 25/28/25
f 25/28/25 2/2/2 26/29/26
f 2/2/2 1/1/1 26/29/26
f 5/5/5 14/14/14 13/13/13
f 5/5/5 13/13/13 6/6/6
f 6/6/6 13/13/13 12/12/12
f 6/6/6 12/12/12 27/30/27
f 6/6/6 27/30/27 28/31/28
f 6/6/6 28/31/28 7/7/7
f 29/32/29 8/8/8 11/11/11
f 29/32/29 11/11/11 30/33/30
f 30/33/30 11/11/11 14/14/14
f 30/33/30 14/14/14 31/34/31
f 7/35/7 15/15/15 3/36/3
f 15/15/15 18/18/18 3/36/3
f 32/37/32 33/38/32 34/39/32
f 32/37/32 34/39/32 35/40/33
f 36/41/34 37/42/35 19/19/36
f 36/41/34 19/19/36 38/43/37
f 39/44/38 40/45/39 41/46/38
f 40/45/39 42/47/39 41/46/38
f 5/5/5 24/27/24 14/14/14
f 24/27/24 31/34/31 14/14/14
f 27/48/27 43/49/40 44/50/41
f 27/48/27 44/50/41 28/51/28
f 45/52/42 46/53/42 47/54/42
f 46/53/43 48/55/43 47/54/43
f 32/37/44 49/56/45 21/57/21
f 49/56/45 12/58/12 21/57/21
f 49/56/45 50/59/46 12/58/12
f 50/59/46 27/60/27 12/58/12
f 46/53/47 45/52/48 15/61/15
f 46/53/47 15/61/15 7/62/7
f 33/38/49 32/37/44 21/57/21
f 33/38/49 21/57/21 43/63/40
f 50/59/46 33/38/49 43/63/40
f 50/59/46 43/63/40 27/60/27
f 45/52/48 51/64/50 15/61/15
f 51/64/50 44/50/41 15/61/15
f 52/65/51 46/53/47 7/62/7
f 52/65/51 7/62/7 28/51/28
f 51/64/50 52/65/51 44/50/41
f 52/65/51 28/51/28 44/50/41
f 53/66/52 54/67/53 55/68/53
f 53/66/52 55/68/53 56/69/52
f 39/70/54 57/71/55 8/25/8
f 57/71/55 23/26/23 8/25/8
f 40/45/56 39/44/54 8/72/8
f 40/45/56 8/72/8 29/73/29
f 57/74/55 58/75/57 59/76/57
f 57/74/55 59/76/57 60/77/58
f 57/74/55 60/77/58 23/78/23
f 58/75/59 57/74/60 61/79/61
f 57/74/60 62/80/60 61/79/61
f 33/38/62 50/59/62 34/39/62
f 50/59/62 63/81/62 34/39/62
f 51/64/63 45/52/63 47/54/63
f 51/64/63 47/54/63 64/82/63
f 46/53/64 52/65/64 48/55/64
f 52/65/64 65/83/64 48/55/64
f 52/65/65 51/64/65 64/82/65
f 52/65/65 64/82/65 65/83/65
f 49/56/66 32/37/66 35/40/66
f 49/56/66 35/40/66 66/84/66
f 50/59/67 49/56/67 66/84/67
f 50/59/67 66/84/67 63/81/68
f 3/36/3 18/18/18 20/20/20
f 3/36/3 20/20/20 1/85/1
f 57/71/69 39/70/69 62/86/69
f 39/70/69 41/87/69 62/86/69
f 67/88/70 68/89/71 69/90/72
f 68/89/71 70/91/73 69/90/72
f 69/90/72 71/92/74 22/93/22
f 71/92/74 70/91/73 72/94/75
f 73/95/76 74/96/77 75/97/78
f 76/98/79 77/99/80 78/100/81
f 77/99/80 79/101/82 78/100/81
f 21/21/21 22/24/22 71/102/74
f 21/21/21 71/102/74 80/103/83
f 71/102/74 81/104/84 80/103/83
f 81/104/84 82/105/85 80/103/83
f 81/104/84 74/106/77 83/107/86
f 81/104/84 83/107/86 82/105/85
f 84/108/87 85/109/88 83/107/86
f 86/110/89 84/108/87 83/107/86
f 74/106/77 86/110/89 83/107/86
f 85/109/88 87/111/90 83/112/86
f 87/111/90 88/113/91 83/112/86
f 82/114/85 83/112/86 88/113/91
f 82/114/85 88/113/91 89/115/92
f 82/114/85 89/115/92 80/116/83
f 89/115/92 90/117/93 80/116/83
f 21/57/21 80/116/83 91/118/94
f 80/116/83 90/117/93 91/118/94
f 21/57/21 91/118/94 92/119/95
f 21/57/21 92/119/95 43/63/40
f 93/120/96 94/121/97 95/122/98
f 94/121/97 92/123/95 95/122/98
f 96/124/99 16/125/16 93/120/96
f 16/125/16 94/121/97 93/120/96
f 88/113/91 87/111/90 97/126/100
f 92/123/95 94/121/97 44/50/41
f 92/123/95 44/50/41 43/49/40
f 89/115/92 88/113/91 97/126/100
f 89/115/92 97/126/100 98/127/101
f 94/121/97 16/125/16 44/50/41
f 16/125/16 15/61/15 44/50/41
f 90/117/93 89/115/92 99/128/102
f 89/115/92 98/127/101 99/128/102
f 91/118/94 90/117/93 99/128/102
f 95/122/98 92/119/95 91/118/94
f 100/129/103 95/122/98 91/118/94
f 99/128/102 100/129/103 91/118/94
f 19/19/36 37/42/35 20/20/20
f 37/42/35 101/130/104 20/20/20
f 19/19/19 17/17/17 102/131/105
f 19/19/19 102/131/105 38/43/106
f 17/17/17 16/16/16 102/131/105
f 16/16/16 96/124/99 102/131/105
f 38/43/107 102/131/108 96/124/109
f 36/41/110 38/43/107 96/124/109
f 76/98/111 36/41/110 96/124/109
f 77/99/112 76/98/111 96/124/109
f 84/108/112 77/99/112 96/124/109
f 85/109/112 84/108/112 96/124/109
f 96/124/109 93/120/112 95/122/112
f 85/109/112 96/124/109 95/122/112
f 85/109/112 95/122/112 100/129/112
f 98/127/112 97/126/112 87/111/112
f 98/127/112 87/111/112 85/109/112
f 60/132/113 67/88/70 23/133/23
f 67/88/70 69/90/72 23/133/23
f 72/94/75 103/134/114 104/135/115
f 72/94/75 104/135/115 75/97/78
f 70/91/73 68/89/71 103/134/114
f 70/91/73 103/134/114 72/94/75
f 73/95/76 105/136/116 106/137/117
f 73/95/76 106/137/117 107/138/118
f 75/97/78 104/135/115 105/136/116
f 75/97/78 105/136/116 73/95/76
f 108/139/119 107/138/118 106/137/117
f 79/101/82 107/138/118 108/139/119
f 79/101/82 108/139/119 78/100/81
f 109/140/120 110/141/121 111/142/122
f 112/143/123 113/144/124 114/145/125
f 115/146/126 116/147/127 117/148/128
f 118/149/129 119/150/130 120/151/131
f 121/152/132 122/153/133 123/154/134
f 124/155/135 125/156/136 126/157/137
f 125/156/136 127/158/138 126/157/137
f 116/147/127 127/158/139 125/156/140
f 116/147/127 125/156/140 117/148/128
f 110/141/121 116/147/127 111/142/122
f 116/147/127 115/146/126 111/142/122
f 118/149/129 114/145/125 113/144/124
f 118/149/129 113/144/124 119/150/130
f 109/140/120 120/151/131 119/150/130
f 109/140/120 119/150/130 110/141/121
f 121/152/132 128/159/141 129/160/142
f 121/152/132 129/160/142 122/153/133
f 112/143/123 123/154/134 122/153/133
f 112/143/123 122/153/133 113/144/124
f 60/77/143 59/76/144 126/157/137
f 60/77/143 126/157/137 127/158/138
f 68/89/145 67/161/146 110/141/121
f 67/161/146 116/147/127 110/141/121
f 103/134/147 68/89/145 119/162/130
f 68/89/145 110/141/121 119/162/130
f 104/135/148 103/134/147 113/144/124
f 103/134/147 119/162/130 113/144/124
f 105/163/149 104/135/148 122/153/133
f 104/135/148 113/144/124 122/153/133
f 106/137/150 105/163/149 129/160/142
f 105/163/149 122/153/133 129/160/142
f 67/161/146 60/77/146 127/158/139
f 67/161/146 127/158/139 116/147/127
f 130/164/151 131/165/152 26/166/26
f 130/164/151 26/166/26 1/85/1
f 54/67/153 53/66/154 101/130/104
f 53/66/154 20/20/20 101/130/104
f 53/66/154 130/164/151 20/20/20
f 130/164/151 1/85/1 20/20/20
f 130/164/155 53/66/155 132/167/155
f 53/66/155 56/69/155 132/167/155
f 131/165/156 130/164/157 132/167/157
f 131/165/156 132/167/157 133/168/158
f 124/155/159 128/159/159 121/152/160
f 125/156/160 124/155/159 121/152/160
f 117/148/160 125/156/160 121/152/160
f 115/146/160 117/148/160 121/152/160
f 111/142/160 115/146/160 121/152/160
f 109/140/160 111/142/160 121/152/160
f 120/151/161 109/140/160 121/152/160
f 118/149/160 120/151/161 121/152/160
f 114/145/125 118/149/160 121/152/160
f 112/143/123 114/145/125 121/152/160
f 123/154/160 112/143/123 121/152/160
f 22/93/22 23/133/23 69/90/72
f 69/90/72 70/91/73 71/92/74
f 75/97/78 81/169/84 72/94/75
f 81/169/84 71/92/74 72/94/75
f 107/138/118 74/96/77 73/95/76
f 74/96/77 81/169/84 75/97/78
f 134/170/162 135/171/163 136/172/164
f 135/171/163 137/173/165 136/172/164
f 138/174/166 136/172/164 137/173/165
f 138/174/166 137/173/165 139/175/167
f 140/176/168 139/175/167 137/173/165
f 140/176/168 137/173/165 135/171/163
f 141/177/169 142/178/170 143/179/171
f 141/177/169 143/179/171 144/180/172
f 145/181/173 144/180/172 143/179/171
f 145/181/173 143/179/171 146/182/174
f 147/183/175 146/182/174 143/179/171
f 147/183/175 143/179/171 142/178/170
f 148/184/176 149/185/177 150/186/178
f 148/184/176 150/186/178 151/187/179
f 149/185/177 152/188/180 153/189/181
f 149/185/177 153/189/181 150/186/178
f 154/190/182 155/191/183 144/192/172
f 154/190/182 144/192/172 145/193/173
f 155/191/183 156/194/184 141/195/169
f 155/191/183 141/195/169 144/192/172
f 24/27/24 25/28/25 138/174/166
f 25/28/25 136/172/164 138/174/166
f 25/28/25 26/29/26 136/172/164
f 26/29/26 134/170/162 136/172/164
f 138/174/166 139/175/167 146/182/174
f 138/174/166 146/182/174 147/183/175
f 139/175/167 140/176/168 157/196/185
f 139/175/167 157/196/185 158/197/186
f 139/175/167 158/197/186 145/181/173
f 139/175/167 145/181/173 146/182/174
f 29/32/29 30/33/30 142/178/170
f 29/32/29 142/178/170 141/177/169
f 30/33/30 31/34/31 147/183/175
f 30/33/30 147/183/175 142/178/170
f 140/198/168 135/199/163 148/184/176
f 135/199/163 149/185/177 148/184/176
f 159/200/187 160/201/187 161/202/187
f 159/200/188 161/202/188 162/203/188
f 36/41/34 163/204/189 153/189/190
f 36/41/34 153/189/190 37/42/35
f 164/205/191 165/206/191 40/45/39
f 165/206/191 42/47/39 40/45/39
f 138/174/166 147/183/175 24/27/24
f 147/183/175 31/34/31 24/27/24
f 158/207/186 157/208/185 166/209/192
f 158/207/186 166/209/192 167/210/193
f 168/211/194 169/212/194 170/213/194
f 169/212/194 171/214/195 170/213/194
f 159/200/196 154/215/182 172/216/197
f 154/215/182 145/217/173 172/216/197
f 172/216/197 145/217/173 173/218/198
f 145/217/173 158/207/186 173/218/198
f 170/213/199 140/219/168 148/220/176
f 170/213/199 148/220/176 168/211/200
f 162/203/201 167/210/193 154/215/182
f 162/203/201 154/215/182 159/200/196
f 173/218/198 158/207/186 167/210/193
f 173/218/198 167/210/193 162/203/201
f 168/211/200 148/220/176 174/221/202
f 148/220/176 166/209/192 174/221/202
f 175/222/203 157/208/185 140/219/168
f 175/222/203 140/219/168 170/213/199
f 174/221/202 166/209/192 175/222/203
f 166/209/192 157/208/185 175/222/203
f 176/223/204 177/224/204 55/68/53
f 176/223/204 55/68/53 54/67/53
f 164/225/205 141/195/169 178/226/206
f 141/195/169 156/194/184 178/226/206
f 40/45/56 29/73/29 141/227/169
f 40/45/56 141/227/169 164/205/205
f 178/228/206 156/229/184 179/230/207
f 178/228/206 179/230/207 59/76/57
f 178/228/206 59/76/57 58/75/57
f 58/75/59 61/79/61 178/228/208
f 61/79/61 180/231/208 178/228/208
f 162/203/209 161/202/209 173/218/209
f 161/202/209 181/232/209 173/218/209
f 174/221/210 182/233/210 169/212/210
f 174/221/210 169/212/210 168/211/210
f 170/213/211 171/214/211 175/222/211
f 171/214/211 183/234/211 175/222/211
f 175/222/212 183/234/212 182/233/212
f 175/222/212 182/233/212 174/221/212
f 172/216/213 184/235/213 160/201/213
f 172/216/213 160/201/213 159/200/213
f 173/218/214 181/232/214 184/235/214
f 173/218/215 184/235/215 172/216/215
f 135/199/163 134/236/162 152/188/180
f 135/199/163 152/188/180 149/185/177
f 178/226/216 180/237/217 164/225/216
f 180/237/217 165/238/216 164/225/216
f 185/239/218 186/240/219 187/241/220
f 186/240/219 188/242/221 187/241/220
f 186/240/219 155/243/183 189/244/222
f 189/244/222 190/245/223 188/242/221
f 191/246/224 192/247/225 193/248/226
f 76/98/79 78/100/81 194/249/227
f 78/100/81 195/250/228 194/249/227
f 154/190/182 196/251/229 189/252/222
f 154/190/182 189/252/222 155/191/183
f 189/252/222 196/251/229 197/253/230
f 196/251/229 198/254/231 197/253/230
f 197/253/230 198/254/231 199/255/232
f 197/253/230 199/255/232 193/256/226
f 199/255/232 200/257/233 201/258/234
f 199/255/232 201/258/234 202/259/235
f 193/256/226 199/255/232 202/259/235
f 200/257/233 199/260/232 203/261/236
f 199/260/232 204/262/237 203/261/236
f 198/263/231 205/264/238 204/262/237
f 198/263/231 204/262/237 199/260/232
f 198/263/231 196/265/229 205/264/238
f 196/265/229 206/266/239 205/264/238
f 154/215/182 207/267/240 196/265/229
f 207/267/240 206/266/239 196/265/229
f 154/215/182 167/210/193 208/268/241
f 154/215/182 208/268/241 207/267/240
f 209/269/242 210/270/243 211/271/244
f 210/270/243 208/268/241 211/271/244
f 212/272/245 209/269/242 151/273/179
f 209/269/242 211/271/244 151/273/179
f 204/262/237 213/274/246 203/261/236
f 208/268/241 167/210/193 166/209/192
f 208/268/241 166/209/192 211/271/244
f 205/264/238 214/275/247 213/274/246
f 205/264/238 213/274/246 204/262/237
f 211/271/244 166/209/192 151/273/179
f 166/209/192 148/220/176 151/273/179
f 206/266/239 215/276/248 205/264/238
f 215/276/248 214/275/247 205/264/238
f 207/267/240 215/276/248 206/266/239
f 207/267/240 208/268/241 210/270/243
f 215/276/248 207/267/240 210/270/243
f 216/277/249 215/276/248 210/270/243
f 153/189/190 152/188/180 37/42/35
f 152/188/180 101/130/104 37/42/35
f 153/189/181 163/204/250 217/278/251
f 153/189/181 217/278/251 150/186/178
f 150/186/178 217/278/251 151/187/179
f 217/278/251 212/272/245 151/187/179
f 212/272/252 217/278/253 163/204/254
f 209/269/255 212/272/252 163/204/254
f 210/270/256 209/269/255 163/204/254
f 216/277/257 210/270/256 163/204/254
f 215/276/257 216/277/257 163/204/254
f 214/275/258 215/276/257 163/204/254
f 214/275/258 163/204/254 36/41/110
f 213/274/259 214/275/258 36/41/110
f 203/261/260 213/274/259 36/41/110
f 200/257/261 203/261/260 36/41/110
f 201/258/262 200/257/261 36/41/110
f 194/249/263 201/258/262 36/41/110
f 76/98/111 194/249/263 36/41/110
f 179/230/264 156/279/184 185/239/218
f 156/279/184 186/240/219 185/239/218
f 190/245/223 192/247/225 218/280/265
f 190/245/223 218/280/265 219/281/266
f 188/242/221 190/245/223 219/281/266
f 188/242/221 219/281/266 187/241/220
f 191/246/224 220/282/267 106/137/117
f 191/246/224 106/137/117 221/283/268
f 192/247/225 191/246/224 221/283/268
f 192/247/225 221/283/268 218/280/265
f 108/139/119 106/137/117 220/282/267
f 195/250/228 78/100/81 108/139/119
f 195/250/228 108/139/119 220/282/267
f 222/284/269 223/285/270 224/286/271
f 225/287/272 226/288/273 227/289/274
f 228/290/275 229/291/276 230/292/277
f 231/293/278 232/294/279 233/295/280
f 234/296/281 235/297/282 236/298/283
f 124/155/135 126/157/137 237/299/284
f 126/157/137 238/300/285 237/299/284
f 230/292/277 229/291/276 237/299/286
f 230/292/277 237/299/286 238/300/287
f 224/286/271 223/285/270 230/292/277
f 223/285/270 228/290/275 230/292/277
f 231/293/278 233/295/280 227/289/274
f 231/293/278 227/289/274 226/288/273
f 222/284/269 224/286/271 233/295/280
f 222/284/269 233/295/280 232/294/279
f 234/296/281 236/298/283 129/160/142
f 234/296/281 129/160/142 128/159/141
f 225/287/272 227/289/274 236/298/283
f 225/287/272 236/298/283 235/297/282
f 179/230/288 238/300/285 126/157/137
f 179/230/288 126/157/137 59/76/144
f 187/241/289 224/301/271 185/239/290
f 224/301/271 230/302/277 185/239/290
f 219/281/291 233/303/280 187/241/289
f 233/303/280 224/301/271 187/241/289
f 218/280/292 227/289/274 233/303/280
f 218/280/292 233/303/280 219/281/291
f 221/283/293 236/298/283 218/280/292
f 236/298/283 227/289/274 218/280/292
f 106/137/150 129/160/142 221/283/293
f 129/160/142 236/298/283 221/283/293
f 185/239/290 230/302/277 238/300/287
f 185/239/290 238/300/287 179/230/290
f 239/304/294 134/236/162 26/166/26
f 239/304/294 26/166/26 131/165/152
f 54/67/153 101/130/104 176/223/295
f 101/130/104 152/188/180 176/223/295
f 176/223/295 152/188/180 239/304/294
f 152/188/180 134/236/162 239/304/294
f 239/304/296 240/305/296 176/223/296
f 240/305/296 177/224/296 176/223/296
f 131/165/156 133/168/158 240/305/297
f 131/165/298 240/305/299 239/304/299
f 234/296/300 128/159/159 124/155/159
f 235/297/300 234/296/300 124/155/159
f 225/287/272 235/297/300 124/155/159
f 226/288/273 225/287/272 124/155/159
f 231/293/300 226/288/273 124/155/159
f 232/294/300 231/293/300 124/155/159
f 222/284/300 232/294/300 124/155/159
f 223/285/300 222/284/300 124/155/159
f 228/290/300 223/285/300 124/155/159
f 229/291/300 228/290/300 124/155/159
f 237/299/300 229/291/300 124/155/159
f 155/243/183 186/240/219 156/279/184
f 186/240/219 189/244/222 188/242/221
f 192/247/225 190/245/223 197/306/230
f 197/306/230 190/245/223 189/244/222
f 220/282/267 191/246/224 193/248/226
f 193/248/226 192/247/225 197/306/230
f 84/108/87 86/307/89 79/101/82
f 84/108/87 79/101/82 77/99/80
f 201/258/234 194/249/227 195/250/228
f 201/258/234 195/250/228 202/308/235
f 193/248/226 202/308/235 195/250/228
f 193/248/226 195/250/228 220/282/301
f 74/96/77 107/138/302 79/101/82
f 74/96/77 79/101/82 86/307/89
usemtl Material.002
f 241/309/303 242/310/304 243/311/305
f 242/310/304 244/312/306 243/311/305
f 245/313/307 246/314/307 247/315/308
f 246/314/307 248/316/307 247/315/308
f 246/314/309 249/317/309 248/316/309
f 249/317/309 250/318/309 248/316/309
f 249/317/310 241/309/310 250/318/310
f 241/309/303 243/311/305 250/318/310
f 251/319/311 252/320/311 253/321/311
f 251/319/311 253/321/311 254/322/311
f 254/322/312 253/321/313 255/323/314
f 253/321/313 256/324/315 255/323/314
f 255/323/314 256/324/315 245/313/316
f 256/324/315 246/314/317 245/313/316
f 252/320/318 257/325/319 258/326/318
f 252/320/318 258/326/318 253/321/319
f 253/321/320 258/326/320 256/324/321
f 258/326/320 259/327/322 256/324/321
f 256/324/321 259/327/322 246/314/323
f 259/327/322 249/317/324 246/314/323
f 257/325/325 260/328/326 258/326/327
f 260/328/326 261/329/328 258/326/327
f 258/326/329 261/329/330 259/327/331
f 261/329/330 262/330/332 259/327/331
f 259/327/331 262/330/332 249/317/333
f 262/330/332 241/309/334 249/317/333
f 260/328/326 263/331/335 261/329/328
f 263/331/335 264/332/336 261/329/328
f 261/329/330 264/332/337 262/330/332
f 264/332/337 265/333/338 262/330/332
f 262/330/332 265/333/338 241/309/334
f 265/333/338 242/310/339 241/309/334
f 266/334/340 267/335/341 268/336/342
f 267/335/343 269/337/343 268/336/343
f 270/338/344 271/339/345 272/340/346
f 270/338/344 272/340/346 273/341/345
f 274/342/347 275/343/347 276/344/347
f 274/342/347 276/344/347 277/345/347
f 275/343/348 270/338/348 273/341/348
f 275/343/348 273/341/348 276/344/348
f 278/346/349 279/347/349 280/348/349
f 278/346/349 280/348/349 281/349/349
f 281/349/350 280/348/350 275/343/350
f 281/349/350 275/343/350 274/342/350
f 279/347/351 282/350/351 283/351/351
f 279/347/351 283/351/351 280/348/351
f 280/348/352 283/351/352 270/338/353
f 280/348/352 270/338/353 275/343/352
f 282/350/354 284/352/354 285/353/354
f 282/350/354 285/353/354 283/351/354
f 283/351/355 285/353/355 271/339/355
f 283/351/355 271/339/355 270/338/355
f 286/354/356 287/355/356 288/356/357
f 287/355/356 289/357/356 288/356/357
f 287/355/358 266/334/358 268/336/358
f 287/355/358 268/336/358 289/357/358
f 290/358/359 291/359/359 292/360/359
f 291/359/360 293/361/360 292/360/360
f 292/360/361 293/361/362 286/354/363
f 293/361/362 287/355/361 286/354/363
f 291/359/364 294/362/364 293/361/364
f 294/362/365 295/363/365 293/361/365
f 293/361/366 295/363/367 287/355/367
f 295/363/367 266/334/366 287/355/367
f 294/362/368 296/364/368 295/363/368
f 296/364/368 297/365/368 295/363/368
f 295/363/369 297/365/369 266/334/340
f 297/365/369 267/335/341 266/334/340
f 298/366/370 299/367/371 300/368/372
f 298/366/370 300/368/372 301/369/373
f 302/370/374 303/371/375 242/310/376
f 303/371/375 244/312/377 242/310/376
f 304/372/378 305/373/379 306/374/378
f 305/373/379 307/375/378 306/374/378
f 306/374/380 307/375/381 308/376/382
f 307/375/381 309/377/380 308/376/382
f 308/376/383 309/377/383 302/370/374
f 309/377/383 303/371/375 302/370/374
f 310/378/384 311/379/384 312/380/384
f 310/378/384 312/380/384 313/381/384
f 311/379/385 314/382/386 312/380/387
f 314/382/386 315/383/388 312/380/387
f 314/382/386 304/372/389 315/383/388
f 304/372/389 306/374/389 315/383/389
f 313/381/390 312/380/390 316/384/390
f 313/381/390 316/384/390 317/385/390
f 312/380/391 315/383/392 316/384/391
f 315/383/392 318/386/393 316/384/391
f 315/383/392 306/374/394 318/386/393
f 306/374/394 308/376/395 318/386/393
f 317/385/396 316/384/397 319/387/398
f 316/384/397 320/388/399 319/387/398
f 316/384/400 318/386/401 320/388/402
f 318/386/401 321/389/403 320/388/402
f 318/386/401 308/376/404 321/389/403
f 308/376/404 302/370/405 321/389/403
f 319/387/398 320/388/399 263/331/335
f 320/388/399 264/332/336 263/331/335
f 320/388/402 321/389/403 264/332/406
f 321/389/403 265/333/407 264/332/406
f 321/389/403 302/370/405 265/333/407
f 302/370/405 242/310/408 265/333/407
f 322/390/409 323/391/410 324/392/411
f 323/391/410 325/393/412 324/392/411
f 326/394/413 327/395/414 328/396/415
f 326/394/413 328/396/415 329/397/414
f 330/398/416 331/399/416 332/400/416
f 330/398/416 332/400/416 333/401/416
f 333/401/417 332/400/417 327/395/417
f 333/401/417 327/395/417 326/394/417
f 334/402/418 335/403/418 336/404/418
f 334/402/418 336/404/418 337/405/418
f 335/403/419 330/398/419 333/401/420
f 335/403/419 333/401/420 336/404/419
f 337/405/421 336/404/421 338/406/421
f 337/405/421 338/406/421 339/407/421
f 336/404/422 333/401/422 326/394/423
f 336/404/422 326/394/423 338/406/422
f 339/407/424 338/406/424 340/408/424
f 339/407/424 340/408/424 341/409/424
f 338/406/425 326/394/426 329/397/426
f 338/406/425 329/397/426 340/408/426
f 342/410/427 343/411/428 344/412/427
f 343/411/428 345/413/427 344/412/427
f 344/412/429 345/413/429 323/391/429
f 344/412/429 323/391/429 322/390/429
f 346/414/430 347/415/430 348/416/430
f 347/415/431 349/417/431 348/416/431
f 347/415/432 342/410/432 349/417/432
f 342/410/432 344/412/432 349/417/432
f 348/416/433 349/417/434 350/418/435
f 349/417/434 351/419/434 350/418/435
f 349/417/436 344/412/437 351/419/437
f 344/412/437 322/390/436 351/419/437
f 350/418/438 351/419/438 352/420/438
f 351/419/438 353/421/438 352/420/438
f 351/419/439 322/390/439 353/421/439
f 322/390/409 324/392/411 353/421/440
f 354/422/441 301/369/373 300/368/372
f 354/422/441 300/368/372 355/423/442
usemtl Material.003
f 356/424/443 357/425/443 358/426/443
f 359/427/444 360/428/444 361/429/444
f 362/430/445 363/431/445 364/432/445
f 363/431/445 365/433/445 364/432/445
f 366/434/446 367/435/446 368/436/446
f 366/434/446 368/436/446 369/437/447
f 370/438/448 371/439/448 372/440/448
f 373/441/449 374/442/449 375/443/449
f 373/441/449 375/443/449 376/444/449
f 372/440/450 377/445/450 378/446/450
f 379/447/451 380/448/452 368/449/453
f 379/447/451 368/449/453 381/450/454
f 382/451/455 383/452/455 384/453/455
f 382/451/455 384/453/455 385/454/455
f 370/455/456 386/456/457 387/457/458
f 388/458/459 389/459/460 390/460/459
f 391/461/461 392/462/462 389/459/460
f 393/463/463 394/464/463 395/465/463
f 394/464/463 396/466/463 395/465/463
f 397/467/464 398/468/464 399/469/464
f 397/467/465 400/470/465 401/471/465
f 402/472/466 403/473/466 404/474/466
f 405/475/467 406/476/467 407/477/467
f 359/427/468 408/478/468 409/479/468
f 410/480/469 411/481/469 357/425/469
f 358/426/470 412/482/470 413/483/470
f 414/484/471 415/485/472 416/486/472
f 414/484/471 416/486/472 417/487/473
f 418/488/474 419/489/474 420/490/474
f 420/490/475 419/489/475 421/491/475
f 421/491/476 419/489/476 422/492/476
f 400/470/477 392/462/477 401/471/477
f 423/493/478 392/462/478 400/470/478
f 407/477/479 389/459/479 424/494/479
f 425/495/480 390/460/480 406/476/480
f 409/479/481 426/496/481 427/497/481
f 428/498/482 429/499/482 408/478/482
f 430/500/483 431/501/483 432/502/483
f 433/503/484 386/504/484 434/505/484
f 435/506/485 386/456/485 433/507/485
f 436/508/486 437/509/486 363/510/486
f 438/511/486 436/508/486 363/510/486
f 383/512/486 438/511/486 363/510/486
f 439/513/486 383/512/486 363/510/486
f 440/514/486 439/513/486 363/510/486
f 362/515/487 440/514/486 363/510/486
f 441/516/488 387/457/489 442/517/490
f 441/516/488 442/517/490 443/518/491
f 444/519/492 445/520/492 446/521/493
f 444/519/492 446/521/493 447/522/494
f 448/523/495 449/524/495 450/525/495
f 448/523/496 450/525/496 451/526/496
f 451/526/497 452/527/498 375/528/499
f 375/528/499 452/527/498 453/529/500
f 376/530/501 454/531/502 455/532/503
f 456/533/504 457/534/504 388/535/504
f 456/533/504 388/535/504 458/536/504
f 459/537/505 460/538/505 455/539/505
f 444/519/492 461/540/506 445/520/492
f 461/540/506 462/541/507 445/520/492
f 463/542/508 364/432/508 365/433/508
f 464/543/509 465/544/509 466/545/509
f 467/546/510 468/547/510 469/548/510
f 391/549/511 470/550/446 471/551/512
f 391/549/511 471/551/512 441/552/446
f 468/547/513 383/452/513 382/451/513
f 468/547/513 382/451/513 469/548/514
f 472/553/515 473/554/515 474/555/515
f 472/553/516 475/556/516 476/557/516
f 477/558/517 478/559/517 479/560/517
f 478/559/517 480/561/517 479/560/517
f 463/542/518 481/562/518 482/563/518
f 385/564/519 384/565/519 439/566/519
f 385/564/519 439/566/519 483/567/519
f 464/543/520 484/568/520 485/569/520
f 486/570/521 437/571/521 487/572/521
f 488/573/522 438/574/522 467/546/522
f 467/546/523 438/574/523 468/547/523
f 489/575/524 469/548/524 490/576/524
f 491/577/525 385/454/525 492/578/525
f 435/506/526 442/517/526 387/457/526
f 435/506/526 387/457/526 386/456/526
f 493/579/527 494/580/527 495/581/527
f 496/582/528 462/541/528 497/583/528
f 481/562/529 445/520/529 482/563/529
f 484/568/530 446/521/530 485/569/530
f 498/584/531 450/525/531 499/585/531
f 490/576/532 452/527/532 489/575/532
f 492/578/533 453/529/533 491/577/533
f 500/586/534 453/587/534 492/588/534
f 494/580/535 454/531/535 495/581/535
f 476/557/536 501/589/536 502/590/536
f 503/591/537 478/559/537 477/558/537
f 504/592/538 505/593/538 506/594/539
f 504/592/538 506/594/539 507/595/540
f 508/596/541 509/597/541 377/445/541
f 509/597/541 378/446/541 377/445/541
f 510/598/504 511/599/504 444/600/504
f 510/598/504 444/600/504 447/601/504
f 512/602/542 513/603/542 514/604/542
f 513/603/542 515/605/542 514/604/542
f 516/606/543 517/607/544 518/608/545
f 519/609/546 520/610/546 521/611/547
f 519/609/546 521/611/547 522/612/546
f 523/613/504 524/614/504 417/615/504
f 524/614/504 525/616/504 417/615/504
f 369/617/548 526/618/549 527/619/550
f 369/617/548 527/619/550 528/620/551
f 512/602/552 529/621/552 513/603/552
f 514/604/553 515/605/553 530/622/553
f 531/623/554 532/624/554 533/625/554
f 531/623/554 533/625/554 393/626/554
f 480/561/555 534/627/555 479/560/555
f 535/628/556 536/629/557 537/630/557
f 536/629/557 538/631/557 537/630/557
f 539/632/558 477/558/558 540/633/558
f 541/634/559 503/591/559 542/635/559
f 543/636/560 541/634/560 542/635/560
f 544/637/561 545/638/561 546/639/561
f 547/640/562 548/641/562 549/642/562
f 550/643/563 551/644/563 552/645/563
f 395/465/564 396/466/564 553/646/564
f 404/474/565 403/473/565 554/647/565
f 404/474/565 554/647/565 405/475/565
f 555/648/566 418/488/566 433/507/566
f 418/488/566 435/506/566 433/507/566
f 556/649/567 533/625/567 557/650/567
f 556/649/568 557/650/568 529/621/568
f 556/649/569 529/621/569 512/602/569
f 558/651/570 513/603/570 559/652/570
f 380/448/571 560/653/571 561/654/571
f 380/448/572 562/655/572 560/653/572
f 379/447/573 540/633/573 563/656/573
f 564/657/574 565/658/574 539/632/574
f 506/594/575 546/639/575 566/659/575
f 546/639/576 506/594/576 544/637/576
f 567/660/577 505/593/577 568/661/577
f 569/662/578 570/663/578 571/664/578
f 516/606/579 572/665/579 573/666/579
f 574/667/580 531/668/580 575/669/580
f 574/670/581 532/624/581 531/623/581
f 532/624/582 527/619/582 576/671/582
f 576/671/583 527/619/583 577/672/583
f 559/652/584 526/618/584 558/651/584
f 483/567/585 439/566/585 578/673/585
f 483/567/585 578/673/585 493/579/585
f 525/674/586 579/675/587 417/487/473
f 522/612/588 580/676/589 525/674/586
f 581/677/590 520/610/590 519/609/591
f 581/677/590 519/609/591 582/678/590
f 583/679/592 584/680/592 518/681/592
f 584/680/592 528/682/592 518/681/592
f 585/683/593 586/684/594 582/678/595
f 587/685/596 585/686/593 588/687/597
f 589/688/598 590/689/599 588/687/597
f 591/690/504 592/691/600 507/692/504
f 591/690/504 507/692/504 381/693/504
f 593/694/601 582/695/601 519/696/601
f 594/697/602 589/698/602 588/699/602
f 522/700/603 595/701/603 519/696/603
f 596/702/604 597/703/604 598/704/604
f 599/705/605 536/629/605 600/706/605
f 535/628/606 601/707/606 602/708/606
f 603/709/607 604/710/607 538/631/607
f 604/710/607 537/630/607 538/631/607
f 463/542/608 365/433/608 465/544/609
f 365/433/608 363/431/609 465/544/609
f 605/711/610 603/709/610 606/712/610
f 607/713/611 608/714/611 609/715/611
f 608/714/612 607/713/612 597/703/612
f 610/716/613 596/702/613 611/717/613
f 612/718/614 613/719/614 614/720/614
f 615/721/615 616/722/615 617/723/615
f 618/724/616 619/725/616 620/726/616
f 621/727/617 622/728/617 623/729/617
f 624/730/618 625/731/618 626/732/618
f 627/733/619 624/730/619 626/732/619
f 628/734/620 629/735/620 630/736/620
f 631/737/621 590/689/621 600/706/621
f 415/485/622 632/738/622 599/705/622
f 414/484/623 605/711/623 606/712/623
f 579/675/624 633/739/624 634/740/624
f 579/675/625 635/741/625 633/739/625
f 580/676/626 636/742/626 637/743/626
f 638/744/627 521/611/627 614/720/627
f 520/610/628 639/745/628 612/718/628
f 581/677/629 640/746/629 641/747/629
f 640/746/630 581/677/630 623/729/630
f 586/684/631 642/748/631 621/727/631
f 586/749/632 643/750/632 642/751/632
f 587/685/633 630/736/633 644/752/633
f 590/689/634 631/737/634 628/734/634
f 413/483/635 356/424/635 358/426/635
f 359/427/636 361/429/636 410/480/636
f 645/753/637 405/475/637 554/647/637
f 397/467/638 399/469/638 402/472/638
f 470/550/639 391/549/639 457/534/639
f 391/549/639 388/535/639 457/534/639
f 371/439/640 370/754/640 646/755/640
f 370/754/640 387/756/640 646/755/640
f 456/533/641 458/536/641 508/596/641
f 458/536/641 509/597/641 508/596/641
f 646/755/642 387/756/643 471/551/643
f 387/756/643 441/552/643 471/551/643
f 372/440/644 371/439/644 377/445/644
f 392/462/462 391/461/461 443/518/491
f 391/461/461 441/516/488 443/518/491
f 457/534/645 456/533/645 508/596/645
f 470/550/645 457/534/645 508/596/645
f 471/551/645 470/550/645 508/596/645
f 646/755/645 471/551/645 508/596/645
f 371/439/645 646/755/645 508/596/645
f 377/445/645 371/439/645 508/596/645
f 386/504/457 370/757/456 431/501/646
f 370/757/456 372/758/647 431/501/646
f 431/501/646 372/758/647 647/759/648
f 372/758/647 378/760/649 647/759/648
f 647/759/648 378/760/649 429/499/650
f 378/760/649 509/761/651 429/499/650
f 429/499/650 509/761/651 426/496/652
f 509/761/651 458/762/648 426/496/652
f 426/496/652 458/762/648 390/460/459
f 458/762/648 388/458/459 390/460/459
f 388/458/459 391/461/461 389/459/460
f 401/471/653 648/763/653 398/468/653
f 401/471/653 398/468/653 397/467/653
f 649/764/654 412/765/654 411/766/598
f 419/767/654 649/764/654 411/766/598
f 650/768/654 419/767/654 411/766/598
f 403/769/654 650/768/654 411/766/598
f 651/770/655 403/769/654 411/766/598
f 652/771/654 651/770/655 411/766/598
f 555/648/656 653/772/656 418/488/656
f 399/469/657 398/468/657 650/773/657
f 650/773/658 403/473/658 399/469/658
f 403/473/658 402/472/658 399/469/658
f 423/493/659 400/470/659 402/472/660
f 400/470/659 397/467/659 402/472/660
f 424/494/661 423/493/661 402/472/661
f 424/494/661 402/472/661 404/474/661
f 407/477/662 424/494/662 404/474/662
f 407/477/662 404/474/662 405/475/662
f 425/495/663 406/476/663 645/753/663
f 406/476/663 405/475/663 645/753/663
f 554/647/664 403/473/664 651/774/664
f 645/753/665 554/647/665 651/774/665
f 652/775/666 360/428/666 645/753/667
f 652/775/666 645/753/667 651/774/666
f 360/428/668 427/497/668 425/495/668
f 360/428/668 425/495/668 645/753/668
f 409/479/669 427/497/669 360/428/670
f 409/479/669 360/428/670 359/427/669
f 361/429/671 360/428/671 652/775/671
f 411/481/672 410/480/672 361/429/672
f 411/481/672 361/429/672 652/775/672
f 428/498/673 408/478/674 410/480/675
f 408/478/674 359/427/673 410/480/675
f 654/776/676 428/498/676 357/425/676
f 428/498/676 410/480/676 357/425/676
f 411/481/677 412/482/677 358/426/677
f 411/481/677 358/426/677 357/425/677
f 356/424/678 655/777/678 654/776/678
f 356/424/678 654/776/678 357/425/678
f 432/502/679 655/777/679 413/483/679
f 655/777/679 356/424/679 413/483/679
f 412/482/680 649/778/680 413/483/680
f 649/778/680 656/779/680 413/483/680
f 656/779/681 430/500/681 413/483/681
f 430/500/681 432/502/681 413/483/681
f 657/780/682 434/505/682 656/779/682
f 434/505/682 430/500/682 656/779/682
f 657/780/683 656/779/683 649/778/683
f 555/781/684 433/503/685 657/780/686
f 433/503/685 434/505/684 657/780/686
f 419/489/687 418/488/687 653/772/687
f 419/489/687 653/772/687 649/782/687
f 658/783/688 435/506/688 420/490/688
f 435/506/688 418/488/688 420/490/688
f 659/784/689 658/783/689 421/491/689
f 658/783/689 420/490/689 421/491/689
f 660/785/690 659/784/690 422/492/690
f 659/784/690 421/491/690 422/492/690
f 650/773/691 398/468/691 419/489/691
f 398/468/691 422/492/691 419/489/691
f 648/763/692 660/785/692 398/468/692
f 660/785/692 422/492/692 398/468/692
f 392/462/693 443/518/693 648/763/693
f 392/462/693 648/763/693 401/471/693
f 389/459/694 392/462/694 424/494/694
f 392/462/694 423/493/694 424/494/694
f 389/459/695 407/477/695 390/460/695
f 407/477/695 406/476/695 390/460/695
f 390/460/696 425/495/696 427/497/696
f 390/460/696 427/497/696 426/496/696
f 429/499/697 426/496/698 409/479/699
f 429/499/697 409/479/699 408/478/698
f 647/759/700 429/499/700 655/777/700
f 429/499/700 654/776/700 655/777/700
f 428/498/701 654/776/701 429/499/701
f 647/759/702 655/777/702 431/501/702
f 655/777/702 432/502/702 431/501/702
f 431/501/703 430/500/703 386/504/703
f 430/500/703 434/505/703 386/504/703
f 443/518/704 442/517/704 660/785/704
f 442/517/704 659/784/704 660/785/704
f 435/506/705 658/783/705 442/517/705
f 658/783/706 659/784/706 442/517/706
f 660/785/707 648/763/707 443/518/707
f 501/589/708 462/541/507 459/786/709
f 462/541/507 461/540/506 459/786/709
f 446/521/493 449/524/710 661/787/711
f 446/521/493 661/787/711 447/522/494
f 662/788/712 448/789/712 663/790/712
f 448/789/712 451/791/712 663/790/712
f 448/523/713 661/787/711 449/524/710
f 451/526/714 450/525/714 452/527/714
f 376/530/501 375/792/499 453/587/500
f 376/530/501 453/587/500 454/531/502
f 455/532/503 454/531/502 501/589/708
f 459/786/709 455/532/503 501/589/708
f 664/793/645 511/599/645 510/598/645
f 460/538/645 664/793/645 510/598/645
f 373/441/645 460/538/645 510/598/645
f 374/442/645 373/441/645 510/598/645
f 663/790/645 374/442/645 510/598/645
f 662/788/645 663/790/645 510/598/645
f 373/441/715 376/444/715 460/538/715
f 376/444/715 455/539/715 460/538/715
f 460/538/716 459/537/716 461/794/716
f 460/538/716 461/794/716 664/793/716
f 663/790/717 451/791/717 374/442/717
f 451/791/717 375/443/717 374/442/717
f 510/598/718 447/601/718 662/788/718
f 447/601/718 661/795/718 662/788/718
f 664/793/719 461/794/719 511/599/719
f 461/794/719 444/600/719 511/599/719
f 661/795/720 448/789/720 662/788/720
f 497/583/721 475/556/721 665/796/722
f 475/556/721 472/553/723 665/796/722
f 472/553/724 474/555/724 665/796/724
f 657/780/725 649/778/725 653/797/725
f 657/780/725 653/797/725 555/781/725
f 466/545/726 437/571/727 486/570/727
f 466/545/726 486/570/727 464/543/726
f 473/554/728 493/579/728 578/673/728
f 362/430/729 665/796/729 474/555/729
f 362/430/729 474/555/729 440/798/729
f 496/582/730 497/583/730 364/432/730
f 497/583/730 665/796/730 364/432/730
f 364/432/731 665/796/731 362/430/731
f 482/563/732 496/582/732 364/432/732
f 482/563/732 364/432/732 463/542/732
f 666/799/733 481/562/733 465/544/733
f 481/562/733 463/542/733 465/544/733
f 363/431/734 437/571/734 466/545/734
f 363/431/734 466/545/734 465/544/734
f 485/569/735 666/799/735 465/544/735
f 485/569/735 465/544/735 464/543/735
f 667/800/736 484/568/736 486/570/736
f 484/568/736 464/543/736 486/570/736
f 487/572/737 668/801/737 667/800/737
f 487/572/737 667/800/737 486/570/737
f 436/802/738 669/803/738 437/571/738
f 669/803/738 487/572/738 437/571/738
f 670/804/739 668/801/739 487/572/739
f 670/804/739 487/572/739 669/803/739
f 671/805/740 670/804/740 672/806/740
f 670/804/740 669/803/740 672/806/740
f 672/806/741 669/803/741 436/802/741
f 436/802/742 438/574/742 488/573/742
f 436/802/742 488/573/742 672/806/742
f 499/585/743 671/805/743 488/573/743
f 671/805/743 672/806/743 488/573/743
f 467/546/744 498/584/744 488/573/744
f 498/584/744 499/585/744 488/573/744
f 469/548/745 489/575/746 467/546/747
f 489/575/746 498/584/745 467/546/747
f 673/807/748 490/576/748 382/451/748
f 490/576/748 469/548/748 382/451/748
f 468/547/749 438/574/749 383/452/749
f 385/454/750 491/577/750 382/451/751
f 491/577/750 673/807/750 382/451/751
f 483/567/752 500/586/752 492/588/752
f 483/567/752 492/588/752 385/564/752
f 384/453/753 383/452/753 439/808/753
f 493/579/754 495/581/754 483/567/755
f 495/581/754 500/586/754 483/567/755
f 439/566/756 440/798/757 578/673/756
f 440/798/757 473/554/756 578/673/756
f 502/590/758 494/580/758 473/554/759
f 494/580/758 493/579/760 473/554/759
f 476/557/761 502/590/761 473/554/761
f 476/557/761 473/554/761 472/553/761
f 474/555/762 473/554/762 440/798/762
f 462/541/763 501/589/763 497/583/763
f 501/589/763 475/556/763 497/583/763
f 476/557/764 475/556/764 501/589/764
f 445/520/765 462/541/765 496/582/765
f 445/520/765 496/582/765 482/563/765
f 445/520/766 666/799/766 446/521/766
f 666/799/766 485/569/766 446/521/766
f 481/562/767 666/799/767 445/520/767
f 446/521/768 667/800/768 668/801/768
f 446/521/768 668/801/768 449/524/768
f 484/568/769 667/800/769 446/521/769
f 450/525/770 449/524/770 671/805/770
f 450/525/770 671/805/770 499/585/770
f 668/801/771 670/804/771 449/524/771
f 670/804/772 671/805/772 449/524/772
f 450/525/773 498/584/773 452/527/773
f 498/584/773 489/575/773 452/527/773
f 453/529/774 452/527/774 491/577/774
f 452/527/774 673/807/774 491/577/774
f 490/576/775 673/807/775 452/527/775
f 453/587/776 500/586/777 495/581/777
f 453/587/776 495/581/777 454/531/777
f 454/531/778 494/580/779 501/589/779
f 494/580/779 502/590/779 501/589/779
f 381/693/780 368/436/780 591/690/780
f 368/436/780 367/435/780 591/690/780
f 552/645/781 551/644/781 674/809/781
f 674/809/782 551/644/782 549/642/782
f 548/641/783 543/636/783 545/638/783
f 545/638/784 543/636/784 542/635/784
f 504/810/785 507/692/785 675/811/785
f 507/692/785 592/691/785 675/811/785
f 518/812/786 517/813/786 676/814/786
f 518/812/786 676/814/786 583/679/786
f 369/437/787 528/682/788 366/434/787
f 528/682/788 584/680/787 366/434/787
f 517/813/789 504/810/789 676/814/789
f 504/810/789 675/811/789 676/814/789
f 584/680/790 583/679/790 676/814/790
f 366/434/790 584/680/790 676/814/790
f 367/435/790 366/434/790 676/814/790
f 591/690/790 367/435/790 676/814/790
f 592/691/790 591/690/790 676/814/790
f 675/811/790 592/691/790 676/814/790
f 369/617/548 368/449/453 526/618/549
f 368/449/453 380/448/452 526/618/549
f 574/670/791 518/815/545 528/620/551
f 574/670/791 528/620/551 527/619/550
f 381/450/454 507/595/540 564/657/792
f 507/595/540 506/594/539 564/657/792
f 574/667/791 516/606/543 518/608/545
f 516/606/543 570/663/793 517/607/544
f 381/450/454 564/657/792 379/447/451
f 514/816/794 480/817/794 541/818/794
f 556/819/794 514/816/794 541/818/794
f 396/820/794 556/819/794 541/818/794
f 550/821/794 396/820/794 541/818/794
f 547/822/794 550/821/794 541/818/794
f 515/605/795 561/654/795 560/653/795
f 515/605/795 560/653/795 530/622/795
f 533/625/796 394/823/796 393/626/796
f 513/603/797 558/651/797 515/605/797
f 558/651/797 561/654/797 515/605/797
f 514/604/798 530/622/798 480/561/798
f 530/622/798 534/627/798 480/561/798
f 530/622/799 560/653/799 534/627/799
f 560/653/799 562/655/799 534/627/799
f 534/627/800 562/655/800 563/656/800
f 534/627/800 563/656/800 479/560/800
f 479/560/801 563/656/801 540/633/801
f 479/560/801 540/633/801 477/558/801
f 480/561/802 478/559/802 541/634/802
f 478/559/802 503/591/802 541/634/802
f 477/558/803 539/632/803 503/591/804
f 539/632/803 565/658/803 503/591/804
f 503/591/805 565/658/805 542/635/805
f 565/658/805 566/659/805 542/635/805
f 542/635/806 566/659/806 546/639/806
f 542/635/806 546/639/806 545/638/806
f 543/636/807 548/641/807 547/640/807
f 543/636/807 547/640/807 541/634/807
f 545/638/808 544/637/809 548/641/810
f 544/637/809 567/660/811 548/641/810
f 548/641/812 567/660/812 549/642/812
f 567/660/812 568/661/812 549/642/812
f 547/640/813 549/642/813 551/644/813
f 547/640/813 551/644/813 550/643/813
f 674/809/814 549/642/814 569/662/814
f 549/642/814 568/661/814 569/662/814
f 674/809/815 571/664/815 552/645/815
f 571/664/815 573/666/815 552/645/815
f 569/662/816 571/664/816 674/809/816
f 550/643/817 552/645/817 396/466/817
f 552/645/817 553/646/817 396/466/817
f 553/646/818 552/645/818 572/665/818
f 552/645/818 573/666/818 572/665/818
f 395/465/819 553/646/819 575/669/819
f 553/646/819 572/665/819 575/669/819
f 393/463/820 395/465/821 531/668/822
f 395/465/821 575/669/820 531/668/822
f 394/823/823 533/625/823 556/649/823
f 394/823/823 556/649/823 396/824/823
f 533/625/824 532/624/824 557/650/824
f 532/624/824 576/671/824 557/650/824
f 557/650/825 576/671/825 529/621/825
f 576/671/825 577/672/825 529/621/825
f 529/621/826 577/672/826 559/652/826
f 529/621/826 559/652/826 513/603/826
f 380/448/827 561/654/827 558/651/827
f 380/448/827 558/651/827 526/618/827
f 514/604/828 556/649/828 512/602/828
f 563/656/829 562/655/829 380/448/829
f 563/656/829 380/448/829 379/447/829
f 539/632/830 540/633/830 564/657/830
f 540/633/830 379/447/830 564/657/830
f 566/659/831 565/658/832 506/594/831
f 565/658/832 564/657/831 506/594/831
f 567/660/833 544/637/833 506/594/833
f 567/660/833 506/594/833 505/593/833
f 569/662/834 568/661/834 505/593/834
f 569/662/834 505/593/834 570/663/834
f 573/666/835 571/664/836 516/606/835
f 571/664/836 570/663/835 516/606/835
f 575/669/837 572/665/837 574/667/837
f 572/665/837 516/606/837 574/667/837
f 526/618/838 559/652/838 527/619/838
f 559/652/838 577/672/838 527/619/838
f 532/624/839 574/670/839 527/619/839
f 590/689/599 589/688/598 415/485/472
f 589/688/598 416/486/472 415/485/472
f 619/825/840 624/826/841 601/827/842
f 615/828/843 619/825/840 601/827/842
f 610/829/645 615/828/843 601/827/842
f 608/830/844 610/829/645 601/827/842
f 537/831/841 608/830/844 601/827/842
f 524/614/790 523/613/790 677/832/790
f 595/701/790 524/614/790 677/832/790
f 593/694/790 595/701/790 677/832/790
f 678/833/790 593/694/790 677/832/790
f 679/834/790 678/833/790 677/832/790
f 594/697/790 679/834/790 677/832/790
f 579/675/587 414/484/471 417/487/473
f 580/676/589 579/675/587 525/674/586
f 521/611/845 580/676/845 522/612/845
f 582/678/595 586/684/594 581/677/595
f 587/685/596 586/749/594 585/686/593
f 590/689/599 587/685/596 588/687/597
f 588/699/846 585/835/847 594/697/848
f 585/835/847 679/834/848 594/697/848
f 595/701/849 593/694/849 519/696/849
f 416/836/850 589/698/850 594/697/850
f 416/836/850 594/697/850 677/832/850
f 522/700/851 525/616/851 595/701/851
f 525/616/851 524/614/851 595/701/851
f 593/694/852 678/833/852 582/695/852
f 585/837/853 582/695/853 679/834/853
f 582/695/853 678/833/853 679/834/853
f 417/615/854 416/836/854 523/613/854
f 416/836/854 677/832/854 523/613/854
f 613/719/855 680/838/855 616/722/855
f 680/838/855 617/723/855 616/722/855
f 609/715/856 604/710/856 603/709/856
f 611/717/857 596/702/857 598/704/857
f 613/719/858 616/722/858 611/717/858
f 602/708/859 631/737/860 600/706/861
f 602/708/859 600/706/861 536/629/859
f 620/726/862 617/723/862 680/838/862
f 622/728/863 618/724/863 620/726/863
f 625/839/864 618/724/864 622/728/864
f 629/735/865 602/708/865 627/733/865
f 536/629/866 535/628/866 602/708/866
f 537/630/867 601/707/867 535/628/867
f 536/629/868 599/705/869 538/631/870
f 599/705/869 632/738/871 538/631/870
f 538/631/872 632/738/872 606/712/872
f 538/631/872 606/712/872 603/709/872
f 604/710/873 609/715/874 608/714/874
f 604/710/873 608/714/874 537/630/875
f 603/709/876 605/711/876 609/715/877
f 605/711/876 634/740/876 609/715/877
f 609/715/878 634/740/878 607/713/878
f 634/740/878 633/739/878 607/713/878
f 607/713/879 633/739/879 597/703/879
f 633/739/879 635/741/879 597/703/879
f 608/714/880 597/703/880 596/702/880
f 608/714/880 596/702/880 610/716/880
f 598/704/881 597/703/882 637/743/883
f 597/703/882 635/741/881 637/743/883
f 598/704/884 636/742/884 611/717/884
f 636/742/884 638/744/884 611/717/884
f 637/743/885 636/742/885 598/704/885
f 610/716/886 611/717/886 616/722/886
f 610/716/886 616/722/886 615/721/886
f 611/717/887 638/744/887 614/720/887
f 611/717/887 614/720/887 613/719/887
f 680/838/888 613/719/888 612/718/888
f 680/838/888 612/718/888 639/745/888
f 617/723/889 620/726/889 619/725/889
f 617/723/889 619/725/889 615/721/889
f 639/745/890 641/747/890 680/838/890
f 620/726/891 680/838/891 641/747/891
f 620/726/891 641/747/891 640/746/891
f 620/726/892 640/746/892 623/729/892
f 620/726/892 623/729/892 622/728/892
f 618/724/893 625/839/893 624/840/893
f 618/724/893 624/840/893 619/725/893
f 625/839/894 622/728/894 621/727/894
f 625/839/894 621/727/894 642/748/894
f 626/732/895 625/731/895 642/751/895
f 626/732/895 642/751/895 643/750/895
f 627/733/896 626/732/896 643/750/896
f 627/733/896 643/750/896 644/752/896
f 627/733/897 644/752/897 630/736/897
f 627/733/897 630/736/897 629/735/897
f 624/730/898 627/733/899 602/708/899
f 624/730/898 602/708/899 601/707/899
f 629/735/900 628/734/900 602/708/900
f 628/734/900 631/737/900 602/708/900
f 415/485/901 599/705/901 590/689/901
f 599/705/901 600/706/901 590/689/901
f 414/484/902 606/712/902 632/738/902
f 414/484/902 632/738/902 415/485/902
f 579/675/903 634/740/903 605/711/903
f 579/675/903 605/711/903 414/484/903
f 580/676/904 637/743/904 579/675/904
f 637/743/904 635/741/904 579/675/904
f 521/611/905 638/744/905 636/742/905
f 521/611/905 636/742/905 580/676/905
f 520/610/906 612/718/906 614/720/906
f 520/610/906 614/720/906 521/611/906
f 641/747/907 639/745/907 581/677/907
f 639/745/907 520/610/907 581/677/907
f 586/684/908 621/727/908 623/729/908
f 586/684/908 623/729/908 581/677/908
f 644/752/909 643/750/909 586/749/909
f 644/752/909 586/749/909 587/685/909
f 628/734/910 630/736/911 590/689/910
f 630/736/911 587/685/910 590/689/910
f 570/663/793 505/593/538 504/592/538
f 570/663/793 504/592/538 517/607/544
usemtl Material.006
f 681/841/912 682/842/913 683/843/914
f 681/841/912 683/843/914 684/844/915
f 685/845/916 683/843/916 686/846/916
f 683/843/916 682/842/916 686/846/916
f 686/846/917 687/847/918 688/848/919
f 686/846/917 688/848/919 685/845/920
f 687/847/921 681/841/922 688/848/919
f 681/841/922 684/844/915 688/848/919
f 689/849/923 690/850/923 681/841/924
f 690/850/923 682/842/913 681/841/912
f 685/845/920 688/848/919 683/843/914
f 688/848/919 684/844/915 683/843/914
f 691/851/925 689/849/925 687/847/926
f 689/849/925 681/841/922 687/847/921
f 690/850/927 692/852/927 686/846/927
f 690/850/927 686/846/927 682/842/927
f 692/852/928 691/851/928 687/847/918
f 692/852/928 687/847/918 686/846/917
f 693/853/929 694/854/930 695/855/931
f 693/853/929 695/855/931 696/856/932
f 697/857/933 698/858/933 695/855/933
f 698/858/933 696/856/933 695/855/933
f 698/858/934 697/857/935 699/859/936
f 698/858/934 699/859/936 700/860/937
f 700/860/938 699/859/936 693/853/939
f 699/859/936 694/854/930 693/853/939
f 701/861/940 693/853/929 702/862/941
f 693/853/929 696/856/932 702/862/941
f 697/857/935 695/855/931 699/859/936
f 695/855/931 694/854/930 699/859/936
f 703/863/942 700/860/938 701/861/942
f 700/860/938 693/853/939 701/861/942
f 702/862/943 696/856/943 698/858/943
f 702/862/943 698/858/943 704/864/943
f 704/864/944 698/858/934 700/860/937
f 704/864/944 700/860/945 703/863/944
o Cube
v -0.594154 1.028263 -0.719682
v -0.594154 1.197495 -0.719682
v -0.594154 1.028263 -0.986159
v -0.594154 1.197495 -0.986159
v 0.594154 1.028263 -0.719682
v 0.594154 1.197495 -0.719682
v 0.594154 1.028263 -0.986159
v 0.594154 1.197495 -0.986159
v 0.123351 1.028263 -0.986159
v -0.123351 1.028263 -0.986159
v -0.123351 1.197495 -0.986159
v 0.123351 1.197495 -0.986159
v -0.123351 1.028263 -0.719682
v 0.123351 1.028263 -0.719682
v 0.123351 1.197495 -0.719682
v -0.123351 1.197495 -0.719682
v -0.594154 1.235996 -0.719682
v -0.594154 1.235996 -0.986159
v 0.123351 1.235996 -0.986159
v 0.594154 1.235996 -0.986159
v 0.594154 1.235996 -0.719682
v -0.123351 1.235996 -0.719682
v -0.123351 1.235996 -0.986159
v 0.123351 1.235996 -0.719682
vn -1.0000 -0.0000 -0.0000
vn -0.0000 -0.0000 -1.0000
vn 1.0000 -0.0000 -0.0000
vn -0.0000 -0.0000 1.0000
vn -0.0000 -1.0000 -0.0000
vn -0.0000 1.0000 -0.0000
vt 0.375000 0.000000
vt 0.625000 0.000000
vt 0.625000 0.250000
vt 0.375000 0.250000
vt 0.375000 0.416667
vt 0.625000 0.416667
vt 0.625000 0.500000
vt 0.375000 0.500000
vt 0.625000 0.750000
vt 0.375000 0.750000
vt 0.375000 0.916667
vt 0.625000 0.916667
vt 0.625000 1.000000
vt 0.375000 1.000000
vt 0.291667 0.500000
vt 0.291667 0.750000
vt 0.708333 0.500000
vt 0.708333 0.750000
vt 0.791667 0.500000
vt 0.791667 0.750000
vt 0.125000 0.500000
vt 0.208333 0.500000
vt 0.208333 0.750000
vt 0.125000 0.750000
vt 0.625000 0.833333
vt 0.375000 0.833333
vt 0.625000 0.333333
vt 0.375000 0.333333
vt 0.875000 0.500000
vt 0.875000 0.750000
s 0
usemtl Material.007
f 713/879/950 711/872/950 709/874/950 718/880/950
f 716/881/951 715/883/951 720/884/951 719/882/951
f 707/885/950 714/886/950 717/887/950 705/888/950
f 714/886/950 713/879/950 718/880/950 717/887/950
f 718/890/949 719/889/949 720/876/949 717/875/949
f 714/892/947 715/891/947 716/870/947 713/869/947
usemtl Material.008
f 705/865/946 706/866/946 708/867/946 707/868/946
f 717/875/949 720/876/949 706/877/949 705/878/949
f 706/877/949 720/876/949 726/876/949 721/877/949
f 707/868/947 708/867/947 715/891/947 714/892/947
f 727/883/951 722/893/951 721/894/951 726/884/951
f 715/891/947 708/867/947 722/867/947 727/891/947
f 720/884/948 715/883/948 727/883/948 726/884/948
f 708/867/946 706/866/946 721/866/946 722/867/946
usemtl Material.009
f 713/869/947 716/870/947 712/871/947 711/872/947
f 711/872/948 712/871/948 710/873/948 709/874/948
f 716/881/946 719/882/946 728/882/946 723/881/946
f 709/874/949 710/873/949 719/889/949 718/890/949
f 724/871/951 723/881/951 728/882/951 725/873/951
f 719/889/949 710/873/949 725/873/949 728/889/949
f 712/871/947 716/870/947 723/870/947 724/871/947
f 710/873/948 712/871/948 724/871/948 725/873/948
