# Blender 5.0.1
# www.blender.org
mtllib yellowlimousine.mtl
o YELLOWCAR_2.001
v 3.444415 0.913171 -3.912720
v 3.494864 0.996507 -3.847203
v 3.541544 0.970232 -3.889974
v 3.516175 0.986456 -3.840434
v 3.489072 1.018910 -3.813624
v 3.524924 0.992630 -3.820254
v 3.560775 0.966355 -3.826894
v 3.503185 0.976112 -0.450218
v 3.530652 0.975130 -0.478278
v 3.516180 0.992774 -0.492288
v 3.494801 1.002090 -0.485263
v 3.560775 0.934155 -0.506338
v 3.524924 1.001100 -2.790328
v 3.489072 1.028060 -0.520308
v 3.804338 0.334915 -3.999854
v 3.841102 0.088241 -3.965003
v 3.793588 0.079286 -4.076143
v 3.771187 0.361622 -4.086814
v 3.723230 0.105769 -4.208903
v 3.588768 0.441165 -4.175437
v 3.817879 0.328321 -0.091869
v 3.779328 0.359907 -0.070299
v 3.741078 0.390982 -0.048676
v 2.871927 1.026120 -3.796184
v 2.871927 1.002290 -3.831904
v 2.871927 0.917250 -3.900854
v 3.563660 0.972987 -3.397644
v 3.585561 0.918438 -3.286377
v 2.871927 0.975074 -0.411605
v 2.871927 1.002700 -0.448878
v 2.871927 1.030330 -0.486152
v 3.809580 0.401400 -0.190437
v 3.817905 0.395985 -0.927769
v 3.764619 0.391570 -0.928962
v 3.756308 0.396825 -0.191173
v 2.871927 -0.364673 -4.196144
v 2.871927 0.085012 -4.207324
v 3.702995 -0.362214 -4.191204
v 3.500344 0.932623 -0.433491
v 3.473809 0.940762 -0.394200
v 2.871927 0.936736 -0.396009
v 3.290872 0.931330 -0.434025
v 3.081399 0.930037 -0.434558
v 2.871927 0.928743 -0.435092
v 3.804664 0.377399 -1.052051
v 3.804910 0.376386 -3.271289
v 3.799899 0.405224 -3.895554
v 3.578609 0.915184 -3.807954
v 3.761276 0.403826 -3.888774
v 3.556179 0.916798 -3.800374
v 3.577896 0.883719 -0.514494
v 3.604739 0.875748 -1.054473
v 3.818099 0.392773 -3.402404
v 3.582583 0.928092 -3.459524
v 2.871927 0.358383 -4.204304
v 3.677548 0.437690 -0.064955
v 2.871927 0.423144 -0.062786
v 2.871927 0.376384 -0.048570
v 3.678772 0.424847 -0.108226
v 3.409824 0.419880 -0.107551
v 3.140875 0.414912 -0.106876
v 2.871927 0.409945 -0.106200
v 3.535579 0.927013 -0.996424
v 3.764849 0.388109 -3.403594
v 3.534158 0.926971 -3.458924
v 3.529442 0.922782 -0.513246
v 3.619296 0.594106 -0.216648
v 3.559820 0.763364 -0.325070
v 2.871927 0.112478 0.862337
v 3.256184 0.112478 0.832245
v 2.871927 0.239094 0.687064
v 3.549214 0.244033 0.628477
v 2.871927 0.309420 0.471950
v 3.669933 0.326837 0.321614
v 2.871927 0.375609 0.190647
v 3.789170 0.303981 0.350108
v 3.789170 0.215933 0.609618
v 3.626041 0.084669 0.771990
v 2.871927 -0.363657 0.885206
v 3.326735 -0.363657 0.886514
v 3.632311 -0.363657 0.824565
v 3.860672 0.274474 0.291332
v 3.874067 0.186314 0.528448
v 3.811953 -0.003855 0.685759
v 3.770547 -0.357492 0.702606
v 3.841924 -0.357854 0.561594
v 3.862390 -0.185518 0.540506
v 3.908157 -0.020161 0.367050
v 3.905647 0.064181 0.129074
v 3.877437 0.110103 -0.125545
v 3.887477 0.109866 -0.933077
v 3.806746 -0.359358 -3.222172
v 3.888577 0.109871 -3.274269
v 3.803717 -0.361345 -0.863269
v 3.760143 -0.363657 -3.976174
v 3.845442 -0.358263 0.402383
v 3.783815 -0.359033 0.102161
v 3.790449 -0.359804 -0.198062
v 3.797083 -0.360574 -0.498284
v 3.778945 -0.363657 -4.065794
v 2.299438 0.913171 -3.912720
v 2.202310 0.970232 -3.889974
v 2.248990 0.996507 -3.847203
v 2.227679 0.986456 -3.840434
v 2.254782 1.018910 -3.813624
v 2.218930 0.992630 -3.820254
v 2.183079 0.966355 -3.826894
v 2.240669 0.976112 -0.450218
v 2.249053 1.002090 -0.485263
v 2.227674 0.992774 -0.492288
v 2.213202 0.975130 -0.478278
v 2.183079 0.958346 -0.506338
v 2.218930 1.001100 -0.513324
v 2.254782 1.028060 -0.520308
v 1.939516 0.334915 -3.999854
v 1.972667 0.361622 -4.086814
v 1.950266 0.079286 -4.076143
v 1.902752 0.088241 -3.965003
v 2.155086 0.441165 -4.175437
v 2.020624 0.105769 -4.208903
v 1.925975 0.328321 -0.091869
v 1.964526 0.359907 -0.070299
v 2.002776 0.390982 -0.048676
v 2.180194 0.972987 -3.397644
v 2.158293 0.918438 -3.286377
v 1.934274 0.401400 -0.190437
v 1.987546 0.396825 -0.191173
v 1.979235 0.391570 -0.928962
v 1.925949 0.395985 -0.927769
v 2.040859 -0.362214 -4.191204
v 2.270045 0.940762 -0.394200
v 2.243510 0.932623 -0.433491
v 2.452982 0.931330 -0.434025
v 2.662455 0.930037 -0.434558
v 1.938944 0.376386 -3.271289
v 1.939189 0.377399 -1.052051
v 1.943955 0.405224 -3.895554
v 1.982578 0.403826 -3.888774
v 2.165245 0.915184 -3.807954
v 2.187675 0.916798 -3.800374
v 2.165958 0.907910 -0.514494
v 2.139115 0.875748 -1.054473
v 1.925755 0.392773 -3.402404
v 2.161271 0.928092 -3.459524
v 2.066306 0.437690 -0.064955
v 2.602979 0.414912 -0.106876
v 2.334030 0.419880 -0.107551
v 2.065082 0.424847 -0.108226
v 2.208275 0.927013 -0.996424
v 1.979005 0.388109 -3.403594
v 2.209696 0.926971 -3.458924
v 2.214412 0.922782 -0.513246
v 2.124558 0.594106 -0.216648
v 2.184034 0.763364 -0.325070
v 2.487670 0.112478 0.832245
v 2.194640 0.244033 0.628477
v 2.073921 0.326837 0.321614
v 1.954684 0.303981 0.350108
v 1.954684 0.215933 0.609618
v 2.117813 0.084669 0.771990
v 2.417119 -0.363657 0.886514
v 2.111543 -0.363657 0.824565
v 1.883182 0.274474 0.291332
v 1.869787 0.186314 0.528448
v 1.931901 -0.003855 0.685759
v 1.973307 -0.357492 0.702606
v 1.901930 -0.357854 0.561594
v 1.881464 -0.185518 0.540506
v 1.835697 -0.020161 0.367050
v 1.838207 0.064181 0.129074
v 1.866417 0.110103 -0.125545
v 1.856377 0.109866 -0.933077
v 1.937108 -0.359358 -3.222172
v 1.940137 -0.361345 -3.140273
v 1.855277 0.109871 -3.274269
v 1.983711 -0.363657 -3.976174
v 1.898412 -0.358263 0.402383
v 1.960039 -0.359033 -2.174843
v 1.953405 -0.359804 -2.475066
v 1.946771 -0.360574 -2.775288
v 1.964909 -0.363657 -4.065794
v 3.880397 -0.115420 -3.296983
v 3.914067 -0.057470 -3.317064
v 3.880397 -0.009230 -3.310964
v 3.899357 -0.219939 -3.317194
v 3.880397 -0.470737 -3.502124
v 3.914927 -0.427091 -3.468114
v 3.880397 -0.405535 -3.417154
v 3.896437 -0.507925 -3.602094
v 3.880397 -0.470737 -3.912404
v 3.912217 -0.483703 -3.851454
v 3.880397 -0.511724 -3.813454
v 3.899887 -0.406819 -3.988014
v 3.880397 -0.115420 -4.117554
v 3.914037 -0.164015 -4.097624
v 3.880397 -0.221609 -4.103574
v 3.653732 -0.227145 -3.860214
v 3.722373 -0.192013 -3.880494
v 3.653732 -0.135703 -3.895584
v 3.722373 -0.095136 -3.895584
v 3.653732 -0.066766 -3.888844
v 3.653703 0.057810 -3.630674
v 3.722373 0.037528 -3.595544
v 3.653768 -0.003693 -3.554324
v 3.653738 0.003399 -3.854774
v 3.653627 0.181232 -3.920884
v 3.653672 0.032574 -4.041743
v 3.653719 0.072899 -3.727544
v 3.652793 0.240898 -3.653723
v 3.653060 0.232398 -3.800064
v 3.653732 -0.234239 -3.559764
v 3.653732 -0.372134 -3.450554
v 3.653681 -0.255009 -3.370264
v 3.653690 -0.255012 -4.044273
v 3.653671 -0.406521 -3.930634
v 3.653732 -0.115420 -4.070313
v 3.653732 -0.302571 -3.736413
v 3.722373 -0.292072 -3.775594
v 3.653732 -0.278218 -3.801254
v 3.900157 0.165077 -3.998154
v 3.912687 0.080744 -4.047033
v 3.880397 0.089723 -4.062584
v 3.878977 0.270530 -3.594284
v 3.899247 0.226771 -3.494414
v 3.913707 0.263341 -3.647034
v 3.897717 -0.015103 -4.099924
v 3.912687 -0.311583 -4.047033
v 3.955587 -0.342860 -3.934704
v 3.899887 -0.311181 -3.353134
v 3.955557 -0.237855 -3.411684
v 3.955647 -0.021705 -3.398103
v 3.899357 0.086499 -3.357534
v 3.898507 0.267716 -3.811954
v 3.955147 0.180039 -3.823204
v 3.899827 0.228780 -3.914814
v 3.955547 0.086475 -3.954394
v 3.705149 -0.315628 -4.060384
v 3.706685 -0.215357 -4.100974
v 3.706685 -0.464481 -3.914994
v 3.708903 -0.400863 -3.996894
v 3.708083 -0.522493 -3.709414
v 3.653672 -0.479063 -3.746433
v 3.706684 -0.506351 -3.817574
v 3.705149 -0.468539 -3.507054
v 3.653690 -0.452426 -3.567674
v 3.704751 -0.507219 -3.604504
v 3.706700 0.171810 -3.419713
v 3.653710 0.114349 -3.422574
v 3.708058 0.086265 -3.353664
v 3.702270 0.280430 -3.707034
v 3.704107 0.268700 -3.598804
v 3.653732 -0.302571 -0.138489
v 3.722373 -0.292072 -0.177673
v 3.653732 -0.278218 -0.203332
v 3.653732 -0.164073 -0.290918
v 3.653682 -0.247373 -0.450464
v 3.653732 -0.227145 -0.262288
v 3.653672 -0.400249 -0.338780
v 3.653732 -0.466098 -0.203305
v 3.653681 -0.477065 -0.061729
v 3.653732 -0.292072 -0.041008
v 3.653993 -0.140235 0.077919
v 3.658649 -0.209384 0.241338
v 3.661874 -0.065227 0.253477
v 3.653678 -0.047225 0.067368
v 3.653732 0.017504 0.023583
v 3.653472 0.171969 0.115299
v 3.653732 0.057811 -0.032747
v 3.653732 0.235259 -0.015376
v 3.653633 0.061232 -0.177675
v 3.652592 0.171909 -0.336639
v 3.653810 0.003402 -0.256843
v 3.722373 -0.192013 -0.282571
v 3.722373 0.071732 -0.138489
v 3.653732 0.072563 -0.109340
v 3.880397 -0.320562 -0.464658
v 3.897717 -0.224874 -0.499553
v 3.912687 -0.311583 -0.449106
v 3.880397 -0.405535 -0.399456
v 3.914037 -0.429180 -0.346602
v 3.880397 -0.470737 -0.314483
v 3.880397 -0.525704 -0.109341
v 3.897717 -0.508081 -0.209657
v 3.914037 -0.505774 -0.060745
v 3.880397 -0.511724 -0.003151
v 3.902807 -0.464153 0.091952
v 3.912587 -0.392837 0.168076
v 3.880197 -0.405535 0.180774
v 3.905287 -0.015351 0.283017
v 3.913077 0.120688 0.207256
v 3.882277 0.089723 0.245976
v 3.880397 0.174695 0.180774
v 3.901477 0.232536 0.094204
v 3.914037 0.274786 -0.051208
v 3.880397 0.280885 -0.003151
v 3.879707 0.295737 -0.109009
v 3.876587 0.244052 -0.311869
v 3.894657 0.280699 -0.208018
v 3.910697 0.197820 -0.351034
v 3.880397 -0.320562 -4.062584
v 3.880397 -0.009230 -0.505645
v 3.899617 0.084673 -0.460895
v 3.914917 -0.063450 -0.498809
v 3.955667 -0.267481 -0.394370
v 3.955557 -0.411007 -0.231776
v 3.955547 -0.367479 0.084715
v 3.909367 -0.115521 0.293701
v 3.955607 -0.035776 0.203622
v 3.955387 0.201989 -0.151622
v 3.705149 -0.315628 -0.462459
v 3.708903 -0.217807 -0.502889
v 3.705149 -0.465364 -0.315047
v 3.708903 -0.400863 -0.398970
v 3.705149 -0.508324 -0.007349
v 3.706684 -0.521580 -0.114709
v 3.718384 -0.008373 0.282757
v 3.724978 -0.115273 0.298330
v 3.705040 0.280016 -0.215021
v 3.653408 0.246314 -0.168530
v 3.706483 0.291625 -0.111349
v 3.704837 0.178375 -0.390843
v 3.702207 0.240487 -0.308257
v 3.705141 -0.007191 -0.500572
v 3.653772 0.023178 -0.446763
v 3.706347 0.093165 -0.457806
v 3.902807 -0.518075 -3.707263
v 3.722373 -0.164073 -3.525684
v 3.653732 -0.164073 -3.525684
v 3.722373 -0.086271 -3.520113
v 3.653732 -0.095136 -3.518944
v 3.722373 -0.248344 -3.840194
v 3.722373 -0.227145 -3.554314
v 3.722373 0.066158 -3.658614
v 3.722373 0.071732 -3.736413
v 3.722373 -0.288650 -3.630674
v 3.653732 -0.292072 -3.638934
v 3.722373 -0.003695 -3.860214
v 3.722373 -0.303402 -3.707263
v 3.722373 -0.021428 -3.544464
v 3.722373 0.047378 -3.801254
v 3.653732 0.047378 -3.801254
v 3.653388 0.197422 -3.524354
v 3.653671 -0.067526 -3.343484
v 3.708903 -0.112460 -4.113904
v 3.954607 0.196075 -3.663764
v 3.955397 0.142847 -3.520224
v 3.955717 -0.115417 -4.031983
v 3.955547 -0.430557 -3.756344
v 3.955687 -0.400411 -3.555224
v 3.879177 0.282728 -3.701004
v 3.706628 -0.009361 -4.099423
v 3.708903 -0.405049 -3.421824
v 3.705149 -0.321126 -3.357324
v 3.708083 -0.218707 -3.313504
v 3.706684 -0.110051 -3.301104
v 3.706950 -0.010456 -3.315534
v 3.899777 0.164727 -3.414824
v 3.705586 0.232931 -3.501744
v 3.702100 0.268834 -3.810524
v 3.705517 0.234830 -3.908224
v 3.706094 0.172301 -3.993344
v 3.706620 0.088562 -4.058583
v 3.653732 -0.115420 -0.472390
v 3.653732 -0.086271 -0.296492
v 3.955507 -0.430619 -0.060248
v 3.955237 -0.242202 0.184212
v 3.955757 0.159055 0.060492
v 3.955127 0.133286 -0.308602
v 3.955647 -0.028684 -0.419396
v 3.653732 -0.429830 0.072184
v 3.653453 -0.332605 0.184437
v 3.653740 -0.231098 0.041411
v 3.655935 0.066105 0.205070
v 3.722373 -0.140222 0.079053
v 3.722373 -0.038826 0.063890
v 3.722373 0.017504 0.023583
v 3.722373 0.061233 -0.041008
v 3.722373 -0.230412 0.040521
v 3.722373 -0.288650 -0.032747
v 3.722373 -0.303402 -0.109341
v 3.722373 -0.248344 -0.242265
v 3.722373 -0.095136 -0.297659
v 3.722373 -0.003695 -0.262288
v 3.722373 0.047378 -0.203332
v 3.880397 -0.115420 -0.519625
v 3.706628 -0.114473 -0.515586
v 3.897387 -0.312513 0.244875
v 3.877947 0.177010 -0.397360
v 3.708903 -0.507436 -0.217445
v 3.710326 -0.468259 0.094406
v 3.702982 -0.401773 0.176727
v 3.708453 -0.319288 0.242281
v 3.716128 -0.221758 0.283028
v 3.903307 -0.216690 0.282857
v 3.710975 0.089085 0.241814
v 3.703424 0.171024 0.176622
v 3.708083 0.238188 0.092339
v 3.708800 0.278267 -0.007379
v 1.863457 -0.115420 -3.296983
v 1.863457 -0.009230 -3.310964
v 1.829787 -0.057470 -3.317064
v 1.844497 -0.219939 -3.317194
v 1.863457 -0.470737 -3.502124
v 1.863457 -0.405535 -3.417154
v 1.828927 -0.427091 -3.468114
v 1.847417 -0.507925 -3.602094
v 1.863457 -0.470737 -3.912404
v 1.863457 -0.511724 -3.813454
v 1.831637 -0.483703 -3.851454
v 1.843967 -0.406819 -3.988014
v 1.863457 -0.115420 -4.117554
v 1.863457 -0.221609 -4.103574
v 1.829817 -0.164015 -4.097624
v 2.090122 -0.227145 -3.860214
v 2.090122 -0.135703 -3.895584
v 2.021481 -0.192013 -3.880494
v 2.090122 -0.066766 -3.888844
v 2.021481 -0.095136 -3.895584
v 2.090151 0.057810 -3.630674
v 2.090086 -0.003693 -3.554324
v 2.021481 0.037528 -3.595544
v 2.090116 0.003399 -3.854774
v 2.090182 0.032574 -4.041743
v 2.090227 0.181232 -3.920884
v 2.090135 0.072899 -3.727544
v 2.090794 0.232398 -3.800064
v 2.091061 0.240898 -3.653723
v 2.090122 -0.234239 -3.559764
v 2.090173 -0.255009 -3.370264
v 2.090122 -0.372134 -3.450554
v 2.090183 -0.406521 -3.930634
v 2.090164 -0.255012 -4.044273
v 2.090122 -0.115420 -4.070313
v 2.090122 -0.302571 -3.736413
v 2.090122 -0.278218 -3.801254
v 2.021481 -0.292072 -3.775594
v 1.843697 0.165077 -3.998154
v 1.863457 0.089723 -4.062584
v 1.831167 0.080744 -4.047033
v 1.864877 0.270530 -3.594284
v 1.830147 0.263341 -3.647034
v 1.844607 0.226771 -3.494414
v 1.846137 -0.015103 -4.099924
v 1.831167 -0.311583 -4.047033
v 1.788267 -0.342860 -3.934704
v 1.843967 -0.311181 -3.353134
v 1.788297 -0.237855 -3.411684
v 1.844497 0.086499 -3.357534
v 1.788207 -0.021705 -3.398103
v 1.845347 0.267716 -3.811954
v 1.844027 0.228780 -3.914814
v 1.788707 0.180039 -3.823204
v 1.788307 0.086475 -3.954394
v 2.038705 -0.315628 -4.060384
v 2.037169 -0.215357 -4.100974
v 2.037169 -0.464481 -3.914994
v 2.034951 -0.400863 -3.996894
v 2.035771 -0.522493 -3.709414
v 2.037170 -0.506351 -3.817574
v 2.090182 -0.479063 -3.746433
v 2.038705 -0.468539 -3.507054
v 2.039103 -0.507219 -3.604504
v 2.090164 -0.452426 -3.567674
v 2.037154 0.171810 -3.419713
v 2.035796 0.086265 -3.353664
v 2.090144 0.114349 -3.422574
v 2.041584 0.280430 -3.707034
v 2.039747 0.268700 -3.598804
v 2.090122 -0.302571 -0.138489
v 2.090122 -0.278218 -0.203332
v 2.021481 -0.292072 -0.177673
v 2.090122 -0.164073 -0.290918
v 2.090122 -0.227145 -0.262288
v 2.090172 -0.247373 -0.450464
v 2.090182 -0.400249 -0.338780
v 2.090173 -0.477065 -0.061729
v 2.090122 -0.466098 -0.203305
v 2.090122 -0.292072 -0.041008
v 2.089861 -0.140235 0.077919
v 2.081980 -0.065227 0.253477
v 2.085205 -0.209384 0.241338
v 2.090176 -0.047225 0.067368
v 2.090122 0.017504 0.023583
v 2.090122 0.057811 -0.032747
v 2.090382 0.171969 0.115299
v 2.090122 0.235259 -0.015376
v 2.090221 0.061232 -0.177675
v 2.090044 0.003402 -0.256843
v 2.091262 0.171909 -0.336639
v 2.021481 -0.192013 -0.282571
v 2.090122 0.072563 -0.109340
v 2.021481 0.071732 -0.138489
v 1.863457 -0.320562 -0.464658
v 1.831167 -0.311583 -0.449106
v 1.846137 -0.224874 -0.499553
v 1.863457 -0.405535 -0.399456
v 1.863457 -0.470737 -0.314483
v 1.829817 -0.429180 -0.346602
v 1.863457 -0.525704 -0.109341
v 1.829817 -0.505774 -0.060745
v 1.846137 -0.508081 -0.209657
v 1.863457 -0.511724 -0.003151
v 1.841047 -0.464153 0.091952
v 1.863657 -0.405535 0.180774
v 1.831267 -0.392837 0.168076
v 1.838567 -0.015351 0.283017
v 1.861577 0.089723 0.245976
v 1.830777 0.120688 0.207256
v 1.863457 0.174695 0.180774
v 1.842377 0.232536 0.094204
v 1.863457 0.280885 -0.003151
v 1.829817 0.274786 -0.051208
v 1.864147 0.295737 -0.109009
v 1.867267 0.244052 -0.311869
v 1.833157 0.197820 -0.351034
v 1.849197 0.280699 -0.208018
v 1.863457 -0.320562 -4.062584
v 1.863457 -0.009230 -0.505645
v 1.828937 -0.063450 -0.498809
v 1.844237 0.084673 -0.460895
v 1.788187 -0.267481 -0.394370
v 1.788297 -0.411007 -0.231776
v 1.788307 -0.367479 0.084715
v 1.834487 -0.115521 0.293701
v 1.788247 -0.035776 0.203622
v 1.788467 0.201989 -0.151622
v 2.038705 -0.315628 -0.462459
v 2.034951 -0.217807 -0.502889
v 2.038705 -0.465364 -0.315047
v 2.034951 -0.400863 -0.398970
v 2.038705 -0.508324 -0.007349
v 2.037170 -0.521580 -0.114709
v 2.025470 -0.008373 0.282757
v 2.018876 -0.115273 0.298330
v 2.038814 0.280016 -0.215021
v 2.037371 0.291625 -0.111349
v 2.090446 0.246314 -0.168530
v 2.039017 0.178375 -0.390843
v 2.041647 0.240487 -0.308257
v 2.038713 -0.007191 -0.500572
v 2.037507 0.093165 -0.457806
v 2.090082 0.023178 -0.446763
v 1.841047 -0.518075 -3.707263
v 2.021481 -0.164073 -3.525684
v 2.021481 -0.086271 -3.520113
v 2.090122 -0.164073 -3.525684
v 2.090122 -0.095136 -3.518944
v 2.021481 -0.248344 -3.840194
v 2.021481 -0.227145 -3.554314
v 2.021481 0.066158 -3.658614
v 2.021481 0.071732 -3.736413
v 2.021481 -0.288650 -3.630674
v 2.090122 -0.292072 -3.638934
v 2.021481 -0.003695 -3.860214
v 2.021481 -0.303402 -3.707263
v 2.021481 -0.021428 -3.544464
v 2.021481 0.047378 -3.801254
v 2.090122 0.047378 -3.801254
v 2.090466 0.197422 -3.524354
v 2.090183 -0.067526 -3.343484
v 2.034951 -0.112460 -4.113904
v 1.788457 0.142847 -3.520224
v 1.789247 0.196075 -3.663764
v 1.788167 -0.400411 -3.555224
v 1.788307 -0.430557 -3.756344
v 1.788137 -0.115417 -4.031983
v 1.864677 0.282728 -3.701004
v 2.037226 -0.009361 -4.099423
v 2.034951 -0.405049 -3.421824
v 2.038705 -0.321126 -3.357324
v 2.035771 -0.218707 -3.313504
v 2.037170 -0.110051 -3.301104
v 2.036904 -0.010456 -3.315534
v 1.844077 0.164727 -3.414824
v 2.038268 0.232931 -3.501744
v 2.041754 0.268834 -3.810524
v 2.038337 0.234830 -3.908224
v 2.037760 0.172301 -3.993344
v 2.037234 0.088562 -4.058583
v 2.090122 -0.115420 -0.472390
v 2.090122 -0.086271 -0.296492
v 1.788347 -0.430619 -0.060248
v 1.788207 -0.028684 -0.419396
v 1.788727 0.133286 -0.308602
v 1.788097 0.159055 0.060492
v 1.788617 -0.242202 0.184212
v 2.090122 -0.429830 0.072184
v 2.090114 -0.231098 0.041411
v 2.090401 -0.332605 0.184437
v 2.087919 0.066105 0.205070
v 2.021481 -0.140222 0.079053
v 2.021481 -0.038826 0.063890
v 2.021481 0.061233 -0.041008
v 2.021481 0.017504 0.023583
v 2.021481 0.047378 -0.203332
v 2.021481 -0.003695 -0.262288
v 2.021481 -0.095136 -0.297659
v 2.021481 -0.248344 -0.242265
v 2.021481 -0.303402 -0.109341
v 2.021481 -0.288650 -0.032747
v 2.021481 -0.230412 0.040521
v 1.863457 -0.115420 -0.519625
v 2.037226 -0.114473 -0.515586
v 1.846467 -0.312513 0.244875
v 1.865907 0.177010 -0.397360
v 2.034951 -0.507436 -0.217445
v 2.033528 -0.468259 0.094406
v 2.040872 -0.401773 0.176727
v 2.035401 -0.319288 0.242281
v 2.027726 -0.221758 0.283028
v 1.840547 -0.216690 0.282857
v 2.032879 0.089085 0.241814
v 2.040430 0.171024 0.176622
v 2.035771 0.238188 0.092339
v 2.035054 0.278267 -0.007379
v 2.584430 0.397221 -0.064282
v 2.435117 0.942413 -0.422154
v 2.184034 0.763364 -0.325070
v 3.559820 0.763364 -0.325070
v 3.503234 0.933824 -0.432528
v 3.308737 0.942413 -0.422154
v 3.159424 0.397221 -0.064282
v 3.095846 0.947872 -0.414563
v 3.426109 0.412264 -0.089535
v 3.678772 0.424847 -0.108226
v 3.619296 0.594106 -0.216648
v 2.871927 0.946489 -0.415134
v 2.871927 0.391911 -0.063560
v 2.648008 0.947872 -0.414563
v 2.065082 0.424847 -0.108226
v 2.317745 0.412264 -0.089535
v 2.124558 0.594106 -0.216648
v 2.240620 0.933824 -0.432528
v 1.979235 0.391570 -0.928962
v 2.214412 0.922782 -0.513246
v 2.208275 0.927013 -0.996424
v 2.187675 0.916798 -3.800374
v 1.982578 0.403826 -3.888774
v 1.979005 0.388109 -3.403594
v 2.209696 0.926971 -3.458924
v 3.556179 0.916798 -3.800374
v 3.534158 0.926971 -3.458924
v 3.764849 0.388109 -3.403594
v 3.761276 0.403826 -3.888774
v 3.756308 0.396825 -0.191173
v 3.529442 0.922782 -0.513246
v 3.764619 0.391570 -0.928962
v 3.535579 0.927013 -0.996424
v 3.498104 0.974108 -3.880794
v 2.871927 0.978471 -3.867634
v 3.678895 0.382827 -4.209544
v 2.245750 0.974108 -3.880794
v 2.871927 0.419435 -4.170753
v 2.064959 0.382827 -4.209544
v 3.444415 0.887400 -3.865505
v 2.871927 0.393664 -4.123538
v 2.871927 0.891479 -3.853639
v 2.299438 0.887400 -3.865505
v 3.588768 0.415394 -4.128222
v 2.155086 0.415394 -4.128222
v 3.563660 0.972987 -3.345443
v 3.826482 0.323025 -3.327353
v 3.583791 0.888059 -0.997196
v 3.826266 0.324107 -0.994260
v 2.180194 0.972987 -3.345443
v 1.917372 0.323025 -3.327353
v 2.160063 0.912250 -0.997196
v 1.917588 0.324107 -0.994260
v 3.550916 0.904438 -3.286370
v 3.769991 0.363470 -1.052024
v 2.192937 0.904438 -3.286370
v 1.973862 0.363470 -1.052024
v 3.770272 0.362370 -3.271286
v 3.570059 0.861836 -1.054441
v 1.973582 0.362370 -3.271286
v 2.173794 0.861836 -1.054441
v 1.987546 0.396825 -0.191173
v 1.979235 0.391570 -0.928962
v 2.214412 0.922782 -0.513246
vn 0.1694 0.7415 -0.6493
vn 0.1763 0.8548 -0.4881
vn 0.6484 0.6347 -0.4204
vn 0.3883 0.8639 -0.3208
vn 0.2715 0.9283 -0.2542
vn 0.5292 0.8339 -0.1569
vn 0.7592 0.6393 -0.1222
vn 0.3440 0.7235 0.5985
vn 0.7347 0.6366 0.2345
vn 0.6636 0.7102 0.2352
vn 0.2582 0.7981 0.5445
vn 0.8740 0.4850 0.0313
vn 0.5836 0.8121 -0.0003
vn 0.3803 0.8944 0.2352
vn 0.9514 0.2246 -0.2109
vn 0.9885 0.0011 -0.1514
vn 0.9237 -0.0040 -0.3831
vn 0.8477 0.2763 -0.4528
vn 0.5135 0.0105 -0.8580
vn 0.3899 0.2878 -0.8747
vn 0.8756 0.4719 0.1034
vn 0.5642 0.7622 0.3174
vn 0.3637 0.8319 0.4192
vn -0.0000 0.9584 -0.2855
vn -0.0000 0.8317 -0.5552
vn -0.0000 0.6766 -0.7363
vn 0.7731 0.6341 0.0181
vn 0.7643 0.6446 -0.0194
vn -0.0000 0.7505 0.6608
vn -0.0000 0.8050 0.5932
vn -0.0000 0.9473 0.3204
vn -0.0839 0.9964 -0.0082
vn -0.0840 0.9964 -0.0082
vn -0.0000 -0.0315 -0.9995
vn -0.0000 -0.0140 -0.9999
vn 0.4978 -0.0461 -0.8661
vn -0.6137 -0.7890 -0.0287
vn -0.4547 -0.8897 0.0416
vn -0.0000 -0.9791 0.2035
vn 0.0057 -0.9791 0.2035
vn 0.0057 -0.9791 0.2034
vn 0.7300 0.6162 0.2957
vn 0.9416 0.1216 0.3141
vn 0.7536 -0.3282 0.5696
vn 0.3129 0.7561 0.5748
vn 0.9609 0.2769 0.0011
vn 0.2282 -0.0720 0.9710
vn 0.2282 -0.0720 0.9709
vn 0.9336 0.3378 0.1191
vn 0.8955 0.4361 0.0889
vn 0.9244 0.3809 -0.0177
vn 0.9160 0.3882 -0.1014
vn 0.9645 0.2466 -0.0947
vn 0.9642 0.2526 -0.0806
vn 0.9589 0.2822 -0.0294
vn 0.7371 0.6362 -0.2277
vn 0.3111 0.7498 -0.5840
vn 0.9667 0.2499 0.0548
vn 0.9231 0.3803 0.0562
vn 0.5033 -0.0815 -0.8603
vn -0.0000 -0.2844 -0.9587
vn -0.0006 -0.2837 -0.9589
vn 0.5199 -0.1444 -0.8420
vn 0.2854 0.6396 -0.7138
vn 0.6732 0.6943 -0.2546
vn 0.2112 0.6632 0.7180
vn 0.1940 0.4830 0.8539
vn -0.0000 0.6931 0.7209
vn -0.0000 0.3077 0.9515
vn -0.0000 0.7780 0.6283
vn -0.0000 0.9577 -0.2879
vn -0.0182 0.9575 -0.2879
vn -0.0116 0.1319 0.9912
vn -0.0116 0.1321 0.9912
vn -0.0114 0.1316 0.9912
vn 0.1498 0.2027 0.9677
vn 0.1492 0.1941 0.9696
vn 0.1504 0.1886 0.9705
vn -0.0640 0.9975 0.0301
vn -0.0031 -0.9994 0.0334
vn 0.0113 -0.0992 -0.9950
vn -0.5509 -0.7189 -0.4239
vn 0.0259 -0.5459 -0.8374
vn 0.0088 -0.5505 -0.8348
vn -0.5993 -0.7678 -0.2266
vn -0.6293 -0.7770 -0.0149
vn -0.6294 -0.7769 -0.0149
vn -0.8756 -0.4480 -0.1806
vn -0.4546 -0.8897 0.0417
vn -0.8756 -0.4480 -0.1807
vn -0.0000 0.4831 0.8756
vn 0.0886 0.5312 0.8426
vn -0.0000 0.8652 0.5015
vn 0.0987 0.8717 0.4801
vn -0.0000 0.9412 0.3379
vn 0.1253 0.9695 0.2104
vn -0.0000 0.9852 0.1717
vn 0.3759 0.8965 0.2347
vn 0.4256 0.6879 0.5879
vn 0.3319 0.3835 0.8618
vn -0.0000 0.0833 0.9965
vn 0.1146 0.1077 0.9876
vn 0.3659 0.0913 0.9262
vn 0.8134 0.5762 0.0800
vn 0.8361 0.4211 0.3515
vn 0.7652 0.0942 0.6368
vn 0.7389 -0.0089 0.6738
vn 0.9636 -0.0953 0.2498
vn 0.9727 -0.1006 0.2093
vn 0.9968 -0.0560 0.0564
vn 0.9986 0.0090 -0.0516
vn 0.9969 0.0633 -0.0457
vn 0.9988 0.0491 0.0079
vn 0.5780 -0.8160 -0.0119
vn 0.9986 0.0496 -0.0184
vn 0.6266 -0.7794 0.0041
vn 0.6760 -0.7339 -0.0668
vn 0.6676 -0.7432 -0.0437
vn 0.6285 -0.7770 -0.0346
vn 0.6321 -0.7747 -0.0150
vn 0.6426 -0.7661 0.0103
vn -0.0018 0.2474 -0.9689
vn 0.9442 -0.0786 -0.3198
vn 0.0040 -1.0000 0.0001
vn -0.0001 -1.0000 0.0001
vn 0.0001 -1.0000 0.0001
vn 0.0041 -1.0000 -0.0002
vn 0.0025 -1.0000 -0.0010
vn -0.1694 0.7415 -0.6493
vn -0.6484 0.6347 -0.4204
vn -0.1763 0.8548 -0.4881
vn -0.3883 0.8639 -0.3208
vn -0.2725 0.9283 -0.2530
vn -0.5288 0.8344 -0.1557
vn -0.7592 0.6393 -0.1222
vn -0.3440 0.7235 0.5985
vn -0.2582 0.7981 0.5445
vn -0.5306 0.7212 0.4454
vn -0.6438 0.6664 0.3760
vn -0.8103 0.5608 0.1704
vn -0.6286 0.7370 0.2485
vn -0.2822 0.9229 0.2621
vn -0.9514 0.2246 -0.2109
vn -0.8477 0.2763 -0.4528
vn -0.9237 -0.0040 -0.3831
vn -0.9885 0.0011 -0.1514
vn -0.3899 0.2878 -0.8747
vn -0.5135 0.0105 -0.8580
vn -0.8761 0.4707 0.1049
vn -0.5642 0.7622 0.3174
vn -0.3637 0.8319 0.4192
vn -0.7731 0.6341 0.0181
vn -0.7563 0.6540 -0.0177
vn 0.0840 0.9964 -0.0082
vn 0.0839 0.9964 -0.0082
vn -0.4978 -0.0461 -0.8661
vn 0.4547 -0.8897 0.0416
vn 0.6137 -0.7890 -0.0287
vn -0.0057 -0.9791 0.2035
vn -0.9608 0.2774 0.0003
vn -0.9289 0.0708 0.3635
vn -0.7254 0.6252 0.2880
vn -0.3255 0.7556 0.5684
vn -0.7629 -0.3375 0.5515
vn -0.2282 -0.0720 0.9709
vn -0.2282 -0.0720 0.9710
vn -0.9423 0.3180 0.1043
vn -0.8960 0.4330 0.0988
vn -0.9208 0.3875 -0.0445
vn -0.9160 0.3882 -0.1014
vn -0.9645 0.2466 -0.0947
vn -0.9663 0.2464 -0.0740
vn -0.9609 0.2757 -0.0270
vn -0.7255 0.6347 -0.2660
vn -0.3109 0.7535 -0.5792
vn -0.9667 0.2499 0.0548
vn -0.9231 0.3803 0.0562
vn -0.4863 -0.1027 -0.8677
vn -0.2902 0.6267 -0.7232
vn -0.6679 0.6967 -0.2618
vn -0.3816 -0.3040 -0.8729
vn 0.0016 0.9590 -0.2833
vn -0.0010 0.9594 -0.2819
vn -0.2112 0.6632 0.7180
vn -0.1940 0.4830 0.8539
vn 0.0182 0.9575 -0.2879
vn 0.0110 0.1261 0.9920
vn 0.0094 0.1265 0.9919
vn -0.0354 0.1484 0.9883
vn -0.0376 0.1456 0.9886
vn 0.0640 0.9975 0.0301
vn 0.0031 -0.9994 0.0334
vn -0.0113 -0.0992 -0.9950
vn 0.2413 -0.8174 -0.5231
vn 0.2638 -0.8952 -0.3592
vn 0.1613 -0.5672 -0.8076
vn -0.0288 -0.8516 -0.5234
vn -0.0246 -0.5282 -0.8487
vn -0.0246 -0.5281 -0.8488
vn 0.2940 -0.9557 -0.0122
vn 0.8756 -0.4480 -0.1806
vn 0.8756 -0.4480 -0.1805
vn -0.0886 0.5312 0.8426
vn -0.0987 0.8717 0.4801
vn -0.1253 0.9695 0.2104
vn -0.3759 0.8965 0.2347
vn -0.4256 0.6879 0.5879
vn -0.3319 0.3835 0.8618
vn -0.1146 0.1077 0.9876
vn -0.3659 0.0913 0.9262
vn -0.8134 0.5762 0.0800
vn -0.8361 0.4211 0.3515
vn -0.7652 0.0942 0.6368
vn -0.7389 -0.0089 0.6738
vn -0.9636 -0.0953 0.2498
vn -0.9727 -0.1006 0.2093
vn -0.9961 -0.0323 0.0823
vn -0.9965 0.0815 -0.0205
vn -0.9747 0.2185 -0.0467
vn -0.9997 0.0225 0.0107
vn -0.6594 -0.7517 -0.0096
vn -0.6414 -0.7672 0.0084
vn -0.9989 0.0367 -0.0274
vn -0.6764 -0.7334 -0.0675
vn -0.6503 -0.7596 0.0124
vn -0.5869 -0.8095 0.0124
vn -0.6067 -0.7948 0.0132
vn -0.6426 -0.7661 0.0104
vn -0.9442 -0.0786 -0.3198
vn -0.0040 -1.0000 0.0001
vn -0.0019 -1.0000 -0.0007
vn -0.0081 -1.0000 0.0022
vn -0.0036 -1.0000 0.0019
vn -0.0040 -1.0000 -0.0001
vn 0.3442 0.1225 0.9309
vn 0.5771 -0.0529 0.8150
vn 0.3739 -0.7358 0.5646
vn 0.5703 -0.7358 0.3652
vn 0.3359 -0.8702 -0.3605
vn 0.5648 -0.6962 -0.4430
vn 0.3705 -0.1212 -0.9209
vn 0.0905 0.3593 0.9288
vn 0.0574 -0.0971 0.9936
vn 0.0906 -0.7755 -0.6248
vn -1.0000 -0.0004 0.0003
vn -1.0000 -0.0012 0.0005
vn -1.0000 -0.0004 0.0002
vn -1.0000 -0.0045 -0.0015
vn -1.0000 -0.0052 -0.0016
vn -1.0000 -0.0039 -0.0014
vn -1.0000 -0.0044 0.0022
vn -1.0000 -0.0000 -0.0002
vn -1.0000 -0.0000 -0.0001
vn -1.0000 -0.0001 -0.0003
vn -1.0000 0.0002 0.0002
vn -1.0000 0.0002 0.0001
vn -1.0000 0.0003 0.0002
vn -1.0000 0.0001 0.0001
vn -1.0000 -0.0000 0.0001
vn 0.0574 0.9346 0.3510
vn 0.4850 0.4914 -0.7234
vn 0.5380 0.8068 0.2443
vn 0.5598 0.0486 -0.8272
vn 0.8282 -0.3714 -0.4197
vn 0.8306 -0.4498 -0.3282
vn 0.8241 -0.2035 0.5287
vn 0.8206 0.2308 0.5229
vn 0.8116 0.5497 -0.1977
vn 0.8373 0.3619 -0.4098
vn -0.5855 -0.2965 -0.7545
vn -0.5563 -0.6489 -0.5191
vn -0.5713 -0.8128 -0.1139
vn -0.5887 -0.7505 0.3003
vn -0.5724 0.4954 0.6534
vn -0.5539 0.8267 0.0990
vn -1.0000 0.0001 0.0003
vn -1.0000 0.0001 -0.0001
vn -1.0000 0.0001 -0.0000
vn -1.0000 0.0002 -0.0000
vn -1.0000 -0.0000 -0.0007
vn -0.9991 0.0193 0.0366
vn -0.9990 0.0016 0.0442
vn -1.0000 -0.0012 -0.0008
vn -1.0000 -0.0009 -0.0010
vn -1.0000 -0.0013 0.0004
vn -1.0000 -0.0009 0.0015
vn -1.0000 -0.0028 0.0057
vn -1.0000 -0.0084 0.0031
vn -1.0000 -0.0073 -0.0014
vn 0.0574 0.4127 0.9091
vn 0.0574 -0.9849 0.1632
vn 0.4849 -0.3758 -0.7898
vn 0.3705 -0.7369 -0.5654
vn 0.5601 -0.8270 -0.0486
vn 0.3705 -0.9209 0.1212
vn 0.4836 -0.6689 0.5645
vn 0.5496 0.3822 0.7429
vn 0.3511 0.5749 0.7391
vn 0.5404 0.7943 0.2775
vn 0.3509 0.9277 0.1279
vn 0.5795 0.7317 -0.3590
vn 0.5509 -0.2933 -0.7813
vn 0.5624 0.2591 -0.7852
vn 0.8531 -0.3372 -0.3981
vn 0.8178 -0.5354 -0.2110
vn 0.8461 -0.4389 0.3025
vn 0.8515 0.0898 0.5166
vn 0.8486 0.2195 0.4814
vn 0.8159 0.5727 -0.0792
vn -0.5700 -0.2951 -0.7668
vn -0.5700 -0.6389 -0.5166
vn -0.5855 -0.8055 0.0911
vn -0.5284 0.0904 0.8442
vn -0.5951 0.7996 -0.0813
vn -0.5930 0.6343 -0.4959
vn -0.5866 0.3235 -0.7425
vn 0.5423 0.2783 0.7928
vn 0.5750 -0.5374 0.6169
vn 0.5356 -0.8287 -0.1626
vn 0.4844 -0.5070 -0.7130
vn -0.0139 0.0836 -0.9964
vn -0.0136 0.0833 -0.9964
vn -0.0000 0.7933 0.6088
vn -0.0000 0.7934 0.6088
vn -0.0000 0.7934 0.6087
vn 0.0139 0.4258 -0.9047
vn 0.0140 0.4258 -0.9047
vn 0.0138 0.4259 -0.9047
vn 0.0204 -0.9929 -0.1174
vn -0.0000 0.7933 -0.6088
vn -0.0000 0.7934 -0.6088
vn -0.0574 0.5812 0.8118
vn -0.0574 -0.9091 -0.4127
vn -0.0204 -0.3947 0.9186
vn -0.0906 0.1533 0.9840
vn 0.0204 0.9894 -0.1435
vn -0.0605 -0.6536 -0.7544
vn 0.0360 -0.3568 -0.9335
vn 0.0359 -0.3567 -0.9335
vn 0.0363 -0.3570 -0.9334
vn -0.0139 -0.7637 0.6454
vn 0.0139 -0.9408 0.3387
vn 0.0138 -0.9408 0.3386
vn -0.0574 0.9849 0.1633
vn -1.0000 -0.0000 -0.0000
vn -1.0000 -0.0001 0.0002
vn -1.0000 -0.0029 -0.0019
vn -1.0000 -0.0021 0.0005
vn -1.0000 -0.0014 0.0010
vn -1.0000 -0.0007 -0.0006
vn -1.0000 0.0001 -0.0004
vn -1.0000 0.0001 -0.0003
vn -1.0000 0.0003 0.0001
vn -1.0000 0.0003 -0.0000
vn -0.0213 -0.1274 -0.9916
vn 1.0000 0.0008 0.0001
vn 1.0000 0.0009 0.0001
vn 1.0000 0.0007 0.0002
vn 1.0000 0.0007 0.0001
vn 1.0000 0.0003 -0.0001
vn 1.0000 0.0007 -0.0000
vn 0.5190 0.8544 -0.0252
vn 0.3546 0.9289 0.1068
vn 0.4843 0.3635 -0.7958
vn -0.0076 0.1564 -0.9877
vn 0.8135 0.0803 -0.5760
vn 0.8969 -0.1653 -0.4102
vn -0.0248 -0.3787 -0.9252
vn -0.0044 -0.6274 -0.7787
vn -0.0044 -0.6274 -0.7786
vn -0.0062 -0.7767 -0.6298
vn -0.0233 -0.9211 -0.3886
vn 0.9003 -0.3907 -0.1919
vn -0.0008 -0.9945 -0.1043
vn 0.8348 -0.5454 -0.0755
vn 0.8647 -0.4955 0.0828
vn 0.8647 -0.4954 0.0828
vn 0.0081 -0.9927 0.1205
vn -0.0146 -0.9337 0.3577
vn 0.8129 -0.5415 0.2145
vn -0.0229 -0.7972 0.6033
vn 0.8772 -0.3001 0.3747
vn -0.0045 -0.5845 0.8114
vn 0.0074 -0.3808 0.9246
vn 0.8746 -0.0516 0.4820
vn -0.0039 -0.1516 0.9884
vn -0.0232 0.1368 0.9903
vn -0.0034 0.4031 0.9152
vn -0.0034 0.4031 0.9151
vn 0.8670 0.2958 0.4011
vn 0.0086 0.6016 0.7988
vn 0.0081 0.7954 0.6061
vn 0.8260 0.4472 0.3431
vn 0.8497 0.4924 0.1885
vn -0.0012 0.9272 0.3746
vn -0.0150 0.9937 0.1107
vn 0.8402 0.5392 -0.0574
vn -0.0016 0.9924 -0.1233
vn 0.0102 0.9398 -0.3415
vn 0.8551 0.4195 -0.3046
vn 0.0098 0.8002 -0.5996
vn -0.0081 0.6323 -0.7747
vn 0.8753 0.1569 -0.4573
vn 0.8754 0.1569 -0.4573
vn -0.0070 0.3593 -0.9332
vn -0.6547 0.1218 -0.7460
vn -0.6548 0.1218 -0.7459
vn -0.6548 0.1218 -0.7460
vn -0.6508 -0.1145 -0.7506
vn -0.6795 -0.4464 -0.5823
vn -0.6857 -0.6744 -0.2740
vn -0.6782 -0.7281 0.0996
vn -0.6545 -0.6105 0.4461
vn -0.6550 -0.4497 0.6073
vn -0.6779 -0.0996 0.7283
vn -0.6780 -0.0996 0.7283
vn -0.6779 -0.0996 0.7284
vn -0.5821 -0.3057 0.7534
vn -0.6824 0.2859 0.6728
vn -0.5592 0.1203 0.8202
vn -0.6446 0.5991 0.4750
vn -0.6379 0.7250 0.2596
vn -0.6344 0.7705 -0.0622
vn -0.6333 0.7171 -0.2910
vn -0.6852 0.4543 -0.5694
vn -0.6851 0.4543 -0.5694
vn -0.6852 0.4542 -0.5694
vn -0.5651 0.6631 -0.4909
vn -0.5738 0.3152 -0.7559
vn 1.0000 0.0001 -0.0000
vn 1.0000 0.0001 0.0003
vn 1.0000 0.0001 0.0001
vn -1.0000 0.0001 0.0002
vn -1.0000 -0.0002 -0.0013
vn -1.0000 -0.0002 -0.0012
vn -0.9996 0.0155 0.0229
vn -0.9999 -0.0038 0.0132
vn -0.9987 -0.0300 0.0411
vn -1.0000 -0.0010 0.0015
vn -1.0000 0.0011 0.0006
vn -0.0089 -0.1311 -0.9913
vn -0.0573 -0.9346 0.3510
vn 0.0204 -0.7851 0.6190
vn 0.0141 -0.5704 -0.8212
vn 0.0140 -0.5704 -0.8213
vn -0.0000 -0.3827 0.9239
vn -0.0204 0.1174 0.9929
vn -0.0139 -0.8211 -0.5706
vn -0.0135 -0.8213 -0.5704
vn 0.0089 0.7939 -0.6079
vn -0.0204 -0.9894 -0.1435
vn -0.0574 0.5809 0.8119
vn -0.0003 0.3829 -0.9238
vn 0.5509 -0.5300 -0.6447
vn 0.5779 -0.0578 -0.8140
vn -0.0053 -0.1527 -0.9883
vn 0.5713 -0.7388 -0.3576
vn 0.5734 -0.7788 0.2544
vn 0.4831 -0.5556 0.6767
vn 0.5689 0.6131 0.5481
vn 0.5678 0.8223 -0.0392
vn 0.3437 0.7416 -0.5761
vn 0.5367 0.5602 -0.6310
vn 0.3725 0.1211 -0.9201
vn 0.8788 -0.0664 -0.4726
vn -0.0247 0.1344 -0.9906
vn -0.0247 0.1345 -0.9906
vn -0.0090 -0.3619 -0.9322
vn 0.8352 -0.1616 -0.5256
vn -0.0229 -0.6033 -0.7972
vn -0.0228 -0.7927 -0.6092
vn -0.0227 -0.7925 -0.6094
vn -0.0230 -0.7928 -0.6090
vn 0.9072 -0.3157 -0.2781
vn -0.0070 -0.9311 -0.3646
vn 0.8603 -0.5049 -0.0710
vn -0.0074 -0.9878 -0.1553
vn -0.0248 -0.9917 0.1263
vn 0.8630 -0.4655 0.1963
vn -0.0002 -0.9136 0.4067
vn -0.0018 -0.8075 0.5899
vn 0.8638 -0.2888 0.4128
vn -0.0097 -0.5933 0.8049
vn 0.0059 -0.3775 0.9260
vn 0.8287 -0.2497 0.5009
vn 0.8927 -0.0626 0.4463
vn 0.0144 -0.1259 0.9919
vn 0.0141 0.1265 0.9919
vn -0.0052 0.3586 0.9335
vn -0.0264 0.6145 0.7885
vn 0.9133 0.2406 0.3285
vn -0.0053 0.8074 0.5900
vn 0.8223 0.4444 0.3553
vn 0.0008 0.9124 0.4093
vn 0.8302 0.5121 0.2205
vn -0.0219 0.9908 0.1335
vn 0.9103 0.4059 0.0806
vn -0.0097 0.9913 -0.1310
vn 0.8506 0.4859 -0.2008
vn -0.0075 0.9330 -0.3598
vn -0.0228 0.7925 -0.6095
vn 0.8637 0.2948 -0.4089
vn -0.0052 0.5918 -0.8061
vn -0.0084 0.4115 -0.9114
vn 0.8262 0.2183 -0.5193
vn -0.6581 0.1190 -0.7435
vn -0.6390 -0.1179 -0.7601
vn -0.6805 -0.4411 -0.5851
vn -0.6583 -0.6872 -0.3074
vn -0.6508 -0.7546 -0.0836
vn -0.6515 -0.7066 0.2762
vn -0.6598 -0.5875 0.4685
vn -0.6346 -0.2814 0.7198
vn -0.5751 -0.4853 0.6586
vn -0.6018 -0.0582 0.7965
vn -0.6206 0.2536 0.7420
vn -0.6559 0.4593 0.5990
vn -0.6496 0.6947 0.3089
vn -0.6497 0.6946 0.3089
vn -0.6496 0.6946 0.3089
vn -0.5841 0.6502 0.4858
vn -0.6584 0.7487 0.0778
vn -0.7073 0.6516 -0.2742
vn -0.6829 0.4359 -0.5862
vn -0.3442 0.1225 0.9309
vn -0.5771 -0.0529 0.8150
vn -0.3739 -0.7358 0.5646
vn -0.5703 -0.7358 0.3652
vn -0.3359 -0.8702 -0.3605
vn -0.5648 -0.6962 -0.4430
vn -0.3705 -0.1212 -0.9209
vn -0.0905 0.3593 0.9288
vn -0.0574 -0.0971 0.9936
vn -0.0906 -0.7755 -0.6248
vn 1.0000 -0.0004 0.0003
vn 1.0000 -0.0004 0.0002
vn 1.0000 -0.0012 0.0005
vn 1.0000 -0.0045 -0.0015
vn 1.0000 -0.0039 -0.0014
vn 1.0000 -0.0052 -0.0016
vn 1.0000 -0.0044 0.0022
vn 1.0000 -0.0000 -0.0002
vn 1.0000 -0.0001 -0.0003
vn 1.0000 -0.0000 -0.0001
vn 1.0000 0.0002 0.0002
vn 1.0000 0.0003 0.0002
vn 1.0000 0.0002 0.0001
vn 1.0000 -0.0000 0.0001
vn -0.0574 0.9346 0.3510
vn -0.4850 0.4914 -0.7234
vn -0.5380 0.8068 0.2443
vn -0.5598 0.0486 -0.8272
vn -0.8282 -0.3714 -0.4197
vn -0.8306 -0.4498 -0.3282
vn -0.8241 -0.2035 0.5287
vn -0.8206 0.2308 0.5229
vn -0.8116 0.5497 -0.1977
vn -0.8373 0.3619 -0.4098
vn 0.5855 -0.2965 -0.7545
vn 0.5563 -0.6489 -0.5191
vn 0.5713 -0.8128 -0.1139
vn 0.5887 -0.7505 0.3003
vn 0.5724 0.4954 0.6534
vn 0.5539 0.8267 0.0990
vn 1.0000 0.0001 -0.0001
vn 1.0000 0.0002 -0.0000
vn 1.0000 -0.0000 -0.0007
vn 0.9991 0.0193 0.0366
vn 0.9990 0.0016 0.0442
vn 1.0000 -0.0012 -0.0008
vn 1.0000 -0.0013 0.0004
vn 1.0000 -0.0009 -0.0010
vn 1.0000 -0.0009 0.0015
vn 1.0000 -0.0028 0.0057
vn 1.0000 -0.0073 -0.0014
vn 1.0000 -0.0084 0.0031
vn -0.0574 0.4127 0.9091
vn -0.0574 -0.9849 0.1632
vn -0.4849 -0.3758 -0.7898
vn -0.3705 -0.7369 -0.5654
vn -0.5601 -0.8270 -0.0486
vn -0.3705 -0.9209 0.1212
vn -0.4836 -0.6689 0.5645
vn -0.5496 0.3822 0.7429
vn -0.3511 0.5749 0.7391
vn -0.5404 0.7943 0.2775
vn -0.3509 0.9277 0.1279
vn -0.5795 0.7317 -0.3590
vn -0.5509 -0.2933 -0.7813
vn -0.5624 0.2591 -0.7852
vn -0.8531 -0.3372 -0.3981
vn -0.8178 -0.5354 -0.2110
vn -0.8461 -0.4389 0.3025
vn -0.8515 0.0898 0.5166
vn -0.8486 0.2195 0.4814
vn -0.8159 0.5727 -0.0792
vn 0.5700 -0.2951 -0.7668
vn 0.5700 -0.6389 -0.5166
vn 0.5855 -0.8055 0.0911
vn 0.5284 0.0904 0.8442
vn 0.5951 0.7996 -0.0813
vn 0.5930 0.6343 -0.4959
vn 0.5866 0.3235 -0.7425
vn -0.5423 0.2783 0.7928
vn -0.5750 -0.5374 0.6169
vn -0.5356 -0.8287 -0.1626
vn -0.4844 -0.5070 -0.7130
vn 0.0139 0.0836 -0.9964
vn 0.0136 0.0833 -0.9964
vn -0.0139 0.4258 -0.9047
vn -0.0138 0.4259 -0.9047
vn -0.0140 0.4258 -0.9047
vn -0.0204 -0.9929 -0.1174
vn 0.0574 0.5812 0.8118
vn 0.0574 -0.9091 -0.4127
vn 0.0204 -0.3947 0.9186
vn 0.0906 0.1533 0.9840
vn -0.0204 0.9894 -0.1435
vn 0.0605 -0.6536 -0.7544
vn -0.0360 -0.3568 -0.9335
vn -0.0363 -0.3570 -0.9334
vn -0.0359 -0.3567 -0.9335
vn 0.0139 -0.7637 0.6454
vn 0.0138 -0.7637 0.6454
vn -0.0139 -0.9408 0.3387
vn -0.0138 -0.9408 0.3386
vn 0.0574 0.9849 0.1633
vn 1.0000 -0.0000 -0.0000
vn 1.0000 -0.0001 0.0002
vn 1.0000 -0.0029 -0.0019
vn 1.0000 -0.0021 0.0005
vn 1.0000 -0.0007 -0.0006
vn 1.0000 -0.0014 0.0010
vn 1.0000 0.0001 -0.0004
vn 1.0000 0.0001 -0.0003
vn 1.0000 0.0003 0.0001
vn 1.0000 0.0003 -0.0000
vn 0.0213 -0.1274 -0.9916
vn -1.0000 0.0008 0.0001
vn -1.0000 0.0009 0.0002
vn -1.0000 0.0008 -0.0000
vn -1.0000 0.0007 -0.0001
vn -1.0000 0.0006 -0.0002
vn -0.5190 0.8544 -0.0252
vn -0.3546 0.9289 0.1068
vn -0.4843 0.3635 -0.7958
vn 0.0076 0.1564 -0.9877
vn -0.8135 0.0803 -0.5760
vn -0.8969 -0.1653 -0.4102
vn 0.0248 -0.3787 -0.9252
vn 0.0044 -0.6274 -0.7787
vn 0.0044 -0.6274 -0.7786
vn 0.0062 -0.7767 -0.6298
vn 0.0233 -0.9211 -0.3886
vn -0.9003 -0.3907 -0.1919
vn 0.0008 -0.9945 -0.1043
vn -0.8348 -0.5454 -0.0755
vn -0.8647 -0.4955 0.0828
vn -0.8647 -0.4954 0.0828
vn -0.0081 -0.9927 0.1205
vn 0.0146 -0.9337 0.3577
vn -0.8129 -0.5415 0.2145
vn 0.0229 -0.7972 0.6033
vn -0.8772 -0.3001 0.3747
vn 0.0045 -0.5845 0.8114
vn -0.0074 -0.3808 0.9246
vn -0.8746 -0.0516 0.4820
vn 0.0039 -0.1516 0.9884
vn 0.0232 0.1368 0.9903
vn 0.0034 0.4031 0.9152
vn 0.0034 0.4031 0.9151
vn -0.8670 0.2958 0.4011
vn -0.0086 0.6016 0.7988
vn -0.0081 0.7954 0.6061
vn -0.8260 0.4472 0.3431
vn -0.8497 0.4924 0.1885
vn 0.0012 0.9272 0.3746
vn 0.0150 0.9937 0.1107
vn -0.8402 0.5392 -0.0574
vn 0.0016 0.9924 -0.1233
vn -0.0102 0.9398 -0.3415
vn -0.8551 0.4195 -0.3046
vn -0.0098 0.8002 -0.5996
vn 0.0081 0.6323 -0.7747
vn -0.8753 0.1569 -0.4573
vn -0.8754 0.1569 -0.4573
vn 0.0070 0.3593 -0.9332
vn 0.6547 0.1218 -0.7460
vn 0.6548 0.1218 -0.7460
vn 0.6548 0.1218 -0.7459
vn 0.6508 -0.1146 -0.7506
vn 0.6795 -0.4464 -0.5823
vn 0.6857 -0.6744 -0.2740
vn 0.6782 -0.7281 0.0996
vn 0.6545 -0.6105 0.4461
vn 0.6550 -0.4497 0.6073
vn 0.6779 -0.0996 0.7283
vn 0.6779 -0.0996 0.7284
vn 0.6780 -0.0996 0.7283
vn 0.5821 -0.3057 0.7534
vn 0.6824 0.2859 0.6728
vn 0.5592 0.1203 0.8202
vn 0.6446 0.5991 0.4750
vn 0.6379 0.7250 0.2596
vn 0.6344 0.7705 -0.0622
vn 0.6333 0.7171 -0.2910
vn 0.6852 0.4543 -0.5694
vn 0.6851 0.4543 -0.5694
vn 0.5651 0.6631 -0.4909
vn 0.5738 0.3152 -0.7559
vn -1.0000 -0.0000 0.0002
vn 1.0000 0.0001 0.0002
vn 1.0000 -0.0002 -0.0012
vn 1.0000 -0.0002 -0.0013
vn 0.9996 0.0155 0.0229
vn 0.9999 -0.0038 0.0132
vn 0.9987 -0.0300 0.0411
vn 1.0000 -0.0010 0.0015
vn 1.0000 0.0011 0.0006
vn 0.0089 -0.1311 -0.9913
vn 0.0573 -0.9346 0.3510
vn -0.0204 -0.7851 0.6190
vn -0.0141 -0.5704 -0.8212
vn -0.0140 -0.5704 -0.8213
vn 0.0204 0.1174 0.9929
vn 0.0139 -0.8211 -0.5706
vn 0.0135 -0.8213 -0.5704
vn -0.0089 0.7939 -0.6079
vn 0.0204 -0.9894 -0.1435
vn 0.0574 0.5809 0.8119
vn 0.0003 0.3829 -0.9238
vn -0.5509 -0.5300 -0.6447
vn -0.5779 -0.0578 -0.8140
vn 0.0053 -0.1527 -0.9883
vn -0.5713 -0.7388 -0.3576
vn -0.5734 -0.7788 0.2544
vn -0.4831 -0.5556 0.6767
vn -0.5689 0.6131 0.5481
vn -0.5678 0.8223 -0.0392
vn -0.3437 0.7416 -0.5761
vn -0.5367 0.5602 -0.6310
vn -0.3725 0.1211 -0.9201
vn -0.8788 -0.0664 -0.4726
vn 0.0247 0.1344 -0.9906
vn 0.0247 0.1345 -0.9906
vn 0.0090 -0.3619 -0.9322
vn -0.8352 -0.1616 -0.5256
vn 0.0229 -0.6033 -0.7972
vn 0.0228 -0.7927 -0.6092
vn 0.0230 -0.7928 -0.6090
vn 0.0227 -0.7925 -0.6094
vn -0.9072 -0.3157 -0.2781
vn 0.0070 -0.9311 -0.3646
vn -0.8603 -0.5049 -0.0710
vn 0.0074 -0.9878 -0.1553
vn 0.0248 -0.9917 0.1263
vn -0.8630 -0.4655 0.1963
vn 0.0002 -0.9136 0.4067
vn 0.0018 -0.8075 0.5899
vn -0.8638 -0.2888 0.4128
vn 0.0097 -0.5933 0.8049
vn -0.0059 -0.3775 0.9260
vn -0.8287 -0.2497 0.5009
vn -0.8927 -0.0626 0.4463
vn -0.0144 -0.1259 0.9919
vn -0.0141 0.1265 0.9919
vn 0.0052 0.3586 0.9335
vn 0.0264 0.6145 0.7885
vn -0.9133 0.2406 0.3285
vn 0.0053 0.8074 0.5900
vn -0.8223 0.4444 0.3553
vn -0.0008 0.9124 0.4093
vn -0.8302 0.5121 0.2205
vn 0.0219 0.9908 0.1335
vn -0.9103 0.4059 0.0806
vn 0.0097 0.9913 -0.1310
vn -0.8506 0.4859 -0.2008
vn 0.0075 0.9330 -0.3598
vn 0.0228 0.7925 -0.6095
vn -0.8637 0.2948 -0.4089
vn 0.0052 0.5918 -0.8061
vn 0.0084 0.4115 -0.9114
vn -0.8262 0.2183 -0.5193
vn 0.6581 0.1190 -0.7435
vn 0.6390 -0.1179 -0.7601
vn 0.6805 -0.4411 -0.5851
vn 0.6583 -0.6872 -0.3074
vn 0.6508 -0.7546 -0.0836
vn 0.6515 -0.7066 0.2762
vn 0.6598 -0.5875 0.4685
vn 0.6346 -0.2814 0.7198
vn 0.5751 -0.4853 0.6586
vn 0.6018 -0.0582 0.7965
vn 0.6206 0.2536 0.7420
vn 0.6559 0.4593 0.5990
vn 0.6496 0.6947 0.3089
vn 0.6496 0.6946 0.3089
vn 0.6497 0.6946 0.3089
vn 0.5841 0.6502 0.4858
vn 0.6584 0.7487 0.0778
vn 0.7073 0.6516 -0.2742
vn 0.6829 0.4359 -0.5862
vn -0.0221 0.5387 0.8422
vn -0.0540 0.5406 0.8396
vn -0.0541 0.5420 0.8386
vn 0.0541 0.5420 0.8386
vn 0.0687 0.5482 0.8335
vn 0.0540 0.5406 0.8396
vn 0.0221 0.5387 0.8422
vn 0.0174 0.5377 0.8429
vn 0.0434 0.5451 0.8372
vn 0.0346 0.5477 0.8360
vn -0.0000 0.5354 0.8446
vn -0.0000 0.5359 0.8442
vn -0.0174 0.5377 0.8429
vn -0.0346 0.5477 0.8360
vn -0.0434 0.5451 0.8372
vn -0.0687 0.5482 0.8335
vn 0.9187 -0.3947 -0.0147
vn 0.9174 -0.3979 -0.0105
vn 0.9184 -0.3955 -0.0151
vn -0.9239 0.3820 0.0232
vn 0.9239 0.3820 0.0232
vn -0.9174 -0.3979 -0.0105
vn -0.9173 -0.3980 -0.0104
vn 0.9385 0.2146 -0.2705
vn -0.9661 0.0305 -0.2562
vn 0.7275 -0.3223 -0.6057
vn -0.7638 -0.2845 -0.5794
vn 0.9164 -0.4002 -0.0071
vn 0.9164 -0.4002 -0.0069
vt 0.508225 0.586219
vt 0.514950 0.584793
vt 0.507037 0.593906
vt 0.515756 0.588927
vt 0.521322 0.582949
vt 0.519529 0.589989
vt 0.518020 0.597305
vt 0.694543 0.584607
vt 0.688821 0.588336
vt 0.686315 0.584703
vt 0.687636 0.580858
vt 0.683281 0.591830
vt 0.682399 0.585143
vt 0.680952 0.578265
vt 0.481775 0.701177
vt 0.485025 0.741307
vt 0.465096 0.741200
vt 0.467699 0.694709
vt 0.399137 0.631914
vt 0.351915 0.642532
vt 0.353828 0.617389
vt 0.396168 0.606689
vt 0.740260 0.708228
vt 0.745465 0.700822
vt 0.750494 0.693740
vt 0.520737 0.481078
vt 0.513283 0.481078
vt 0.506113 0.481078
vt 0.586618 0.595230
vt 0.595106 0.595035
vt 0.705750 0.481078
vt 0.698249 0.481078
vt 0.690440 0.481078
vt 0.507879 0.594652
vt 0.724764 0.696369
vt 0.607559 0.702195
vt 0.613766 0.691713
vt 0.715176 0.689767
vt 0.272022 0.481078
vt 0.345964 0.481078
vt 0.276608 0.620748
vt 0.716744 0.586193
vt 0.705719 0.585141
vt 0.711024 0.481078
vt 0.714495 0.541724
vt 0.715051 0.509070
vt 0.716307 0.481078
vt 0.590039 0.701412
vt 0.594674 0.604815
vt 0.589344 0.710911
vt 0.497695 0.691753
vt 0.520387 0.604983
vt 0.503193 0.687293
vt 0.524132 0.607170
vt 0.681821 0.598263
vt 0.606443 0.602938
vt 0.598346 0.711300
vt 0.598769 0.701732
vt 0.578158 0.699782
vt 0.577014 0.602815
vt 0.496749 0.385056
vt 0.494858 0.481078
vt 0.407274 0.368711
vt 0.752435 0.680683
vt 0.023869 0.579749
vt 0.024699 0.449674
vt 0.031994 0.589936
vt 0.032583 0.449674
vt 0.016598 0.579882
vt 0.016862 0.536560
vt 0.017125 0.493239
vt 0.017336 0.449674
vt 0.615208 0.608070
vt 0.571743 0.689709
vt 0.568023 0.610943
vt 0.675162 0.607509
vt 0.506256 0.593751
vt 0.757170 0.676522
vt 0.744187 0.650293
vt 0.730472 0.619744
vt 0.188831 0.449674
vt 0.183561 0.512178
vt 0.154190 0.449674
vt 0.144176 0.559267
vt 0.117662 0.449674
vt 0.092840 0.578446
vt 0.071141 0.449674
vt 0.091723 0.611919
vt 0.128624 0.662825
vt 0.112752 0.675673
vt 0.082921 0.613111
vt 0.129573 0.714209
vt 0.165576 0.703985
vt 0.159687 0.739819
vt 0.219359 0.734782
vt 0.282642 0.813284
vt 0.207968 0.813492
vt 0.282642 0.735019
vt 0.156596 0.811609
vt 0.074075 0.614311
vt 0.097189 0.673996
vt 0.111092 0.712286
vt 0.125670 0.749786
vt 0.126883 0.807691
vt 0.875338 0.819667
vt 0.849490 0.819630
vt 0.869923 0.761679
vt 0.845089 0.791487
vt 0.841936 0.730902
vt 0.816000 0.764933
vt 0.803029 0.716783
vt 0.777352 0.752155
vt 0.735639 0.745123
vt 0.606583 0.746855
vt 0.602275 0.822945
vt 0.596385 0.746519
vt 0.615482 0.823699
vt 0.475502 0.816533
vt 0.823448 0.820460
vt 0.773395 0.823795
vt 0.724127 0.823792
vt 0.675026 0.824270
vt 0.392101 0.481078
vt 0.277260 0.645451
vt 0.460277 0.815086
vt 0.003239 0.025431
vt 0.023471 0.013178
vt 0.037928 0.016211
vt 0.002449 0.159498
vt 0.454839 0.159498
vt 0.455052 0.086129
vt 0.445061 0.036834
vt 0.425389 0.014510
vt 0.159564 0.008689
vt 0.172780 0.009182
vt 0.231658 0.010252
vt 0.328521 0.012392
vt 0.376952 0.002449
vt 0.402636 0.003006
vt 0.508225 0.375937
vt 0.507037 0.368250
vt 0.514950 0.377363
vt 0.515756 0.373229
vt 0.521322 0.379207
vt 0.519529 0.372167
vt 0.518020 0.364851
vt 0.694543 0.377549
vt 0.687636 0.381298
vt 0.686315 0.377453
vt 0.688821 0.373820
vt 0.683281 0.370326
vt 0.682399 0.377013
vt 0.680952 0.383891
vt 0.481775 0.260979
vt 0.467699 0.267447
vt 0.465096 0.220956
vt 0.485025 0.220849
vt 0.399138 0.330242
vt 0.396168 0.355467
vt 0.353828 0.344767
vt 0.351916 0.319623
vt 0.740260 0.253928
vt 0.745465 0.261334
vt 0.750494 0.268416
vt 0.586618 0.366926
vt 0.595106 0.367121
vt 0.507879 0.367504
vt 0.724764 0.265787
vt 0.715176 0.272389
vt 0.613766 0.270443
vt 0.607559 0.259961
vt 0.276608 0.341408
vt 0.705719 0.377015
vt 0.716744 0.375963
vt 0.714495 0.420432
vt 0.715051 0.453086
vt 0.589344 0.251245
vt 0.594674 0.357341
vt 0.590039 0.260744
vt 0.497695 0.270403
vt 0.503193 0.274863
vt 0.520387 0.357173
vt 0.524132 0.354986
vt 0.681821 0.363893
vt 0.606443 0.359217
vt 0.598346 0.250856
vt 0.598769 0.260424
vt 0.578158 0.262374
vt 0.577014 0.359341
vt 0.496749 0.577100
vt 0.407274 0.593445
vt 0.403661 0.480293
vt 0.752435 0.281473
vt 0.023869 0.319599
vt 0.031994 0.309413
vt 0.017125 0.406110
vt 0.016862 0.362788
vt 0.016598 0.319467
vt 0.615208 0.354086
vt 0.571744 0.272447
vt 0.568023 0.351213
vt 0.675162 0.354647
vt 0.506256 0.368405
vt 0.757170 0.285635
vt 0.744187 0.311863
vt 0.730472 0.342412
vt 0.183561 0.387171
vt 0.144176 0.340081
vt 0.092840 0.320903
vt 0.473561 0.611919
vt 0.482363 0.613111
vt 0.452532 0.675673
vt 0.436660 0.662825
vt 0.435711 0.714209
vt 0.399708 0.703985
vt 0.405598 0.739819
vt 0.345925 0.734782
vt 0.357316 0.813492
vt 0.408689 0.811609
vt 0.491210 0.614311
vt 0.468095 0.673996
vt 0.454192 0.712286
vt 0.439614 0.749786
vt 0.438402 0.807691
vt 0.875338 0.142489
vt 0.869923 0.200477
vt 0.849490 0.142526
vt 0.845089 0.170669
vt 0.841936 0.231255
vt 0.816000 0.197223
vt 0.803029 0.245373
vt 0.777352 0.210001
vt 0.735639 0.217033
vt 0.606583 0.215301
vt 0.602275 0.139212
vt 0.615482 0.138457
vt 0.596385 0.215638
vt 0.475502 0.145623
vt 0.823448 0.141696
vt 0.773396 0.138361
vt 0.724127 0.138364
vt 0.675026 0.137887
vt 0.277260 0.316705
vt 0.460277 0.147070
vt 0.037928 0.302784
vt 0.023471 0.305817
vt 0.003239 0.293564
vt 0.159564 0.310307
vt 0.172780 0.309813
vt 0.231658 0.308743
vt 0.280090 0.307673
vt 0.328521 0.306604
vt 0.376952 0.316546
vt 0.402636 0.315989
vt 0.425389 0.304485
vt 0.445062 0.282162
vt 0.455052 0.232866
vt 0.334352 0.902851
vt 0.329259 0.914453
vt 0.325317 0.902851
vt 0.343387 0.909039
vt 0.370494 0.902851
vt 0.365976 0.914453
vt 0.361458 0.902851
vt 0.379528 0.907854
vt 0.406636 0.902851
vt 0.401437 0.914453
vt 0.397600 0.902851
vt 0.415672 0.909070
vt 0.442777 0.902851
vt 0.438450 0.914453
vt 0.433743 0.902851
vt 0.817465 0.686866
vt 0.812199 0.676700
vt 0.806632 0.673450
vt 0.806456 0.661291
vt 0.803534 0.656191
vt 0.840612 0.616391
vt 0.847561 0.622934
vt 0.856703 0.622594
vt 0.806001 0.642573
vt 0.785347 0.616294
vt 0.773112 0.647722
vt 0.823577 0.624105
vt 0.826270 0.591151
vt 0.801949 0.600023
vt 0.868165 0.666537
vt 0.894777 0.684213
vt 0.901182 0.659832
vt 0.788027 0.696147
vt 0.815395 0.715103
vt 0.775315 0.674378
vt 0.842248 0.687464
vt 0.835147 0.683300
vt 0.829980 0.687385
vt 0.253033 0.909173
vt 0.243998 0.914453
vt 0.243997 0.902851
vt 0.289175 0.902851
vt 0.298211 0.909124
vt 0.284920 0.914453
vt 0.225926 0.902851
vt 0.234963 0.908374
vt 0.226028 0.914453
vt 0.424707 0.914453
vt 0.415710 0.929832
vt 0.352422 0.909070
vt 0.347905 0.929832
vt 0.324220 0.929832
vt 0.316280 0.909037
vt 0.271104 0.908917
vt 0.267169 0.929832
vt 0.262069 0.909150
vt 0.249578 0.929832
vt 0.424707 0.840371
vt 0.429224 0.821406
vt 0.433743 0.840883
vt 0.406636 0.840883
vt 0.411154 0.821406
vt 0.415672 0.841638
vt 0.388565 0.841431
vt 0.392260 0.821406
vt 0.397600 0.840883
vt 0.370494 0.840371
vt 0.375012 0.821406
vt 0.379528 0.840142
vt 0.307246 0.840919
vt 0.310890 0.821406
vt 0.316280 0.841422
vt 0.280140 0.839594
vt 0.285025 0.821406
vt 0.289174 0.840311
vt 0.502242 0.856011
vt 0.509166 0.859863
vt 0.514320 0.850731
vt 0.542630 0.864739
vt 0.555258 0.839131
vt 0.527646 0.854388
vt 0.525415 0.824472
vt 0.498729 0.824307
vt 0.475954 0.835025
vt 0.487942 0.865598
vt 0.476897 0.898949
vt 0.449801 0.901741
vt 0.460764 0.924864
vt 0.486199 0.912511
vt 0.503015 0.919509
vt 0.501491 0.950669
vt 0.515208 0.920672
vt 0.527234 0.950669
vt 0.538021 0.909378
vt 0.571761 0.913367
vt 0.545612 0.893927
vt 0.533646 0.861428
vt 0.532805 0.909186
vt 0.528576 0.917178
vt 0.907809 0.101878
vt 0.916868 0.107415
vt 0.907809 0.113509
vt 0.898751 0.101878
vt 0.893977 0.113509
vt 0.889693 0.101878
vt 0.871579 0.101878
vt 0.880636 0.107415
vt 0.867294 0.113509
vt 0.862520 0.101878
vt 0.853462 0.109210
vt 0.844404 0.113509
vt 0.844404 0.101878
vt 0.808173 0.107862
vt 0.795064 0.113509
vt 0.799114 0.101878
vt 0.790056 0.101878
vt 0.780999 0.108774
vt 0.767996 0.113509
vt 0.771940 0.101878
vt 0.762883 0.101878
vt 0.744767 0.101878
vt 0.753824 0.107234
vt 0.739883 0.113509
vt 0.424707 0.902851
vt 0.717594 0.101878
vt 0.726651 0.108124
vt 0.713176 0.113509
vt 0.908944 0.128926
vt 0.885165 0.128926
vt 0.848877 0.128926
vt 0.817230 0.108850
vt 0.808571 0.128926
vt 0.758280 0.128926
vt 0.907809 0.039244
vt 0.913163 0.020231
vt 0.916868 0.040513
vt 0.889694 0.039244
vt 0.895047 0.020231
vt 0.898751 0.040513
vt 0.862519 0.039244
vt 0.867049 0.020231
vt 0.871578 0.039756
vt 0.808173 0.039955
vt 0.812473 0.020231
vt 0.817230 0.041374
vt 0.753825 0.040040
vt 0.757224 0.020231
vt 0.762883 0.039872
vt 0.735709 0.039823
vt 0.739623 0.020231
vt 0.744767 0.039224
vt 0.717593 0.039241
vt 0.722019 0.020231
vt 0.726651 0.039726
vt 0.388565 0.910167
vt 0.862955 0.652918
vt 0.870632 0.652918
vt 0.862463 0.639604
vt 0.867534 0.641050
vt 0.821726 0.679918
vt 0.861026 0.665032
vt 0.835447 0.621004
vt 0.822134 0.626433
vt 0.859229 0.673833
vt 0.858009 0.680472
vt 0.807459 0.644078
vt 0.847348 0.680931
vt 0.855262 0.629674
vt 0.812202 0.633635
vt 0.812204 0.631989
vt 0.850800 0.591151
vt 0.872357 0.600751
vt 0.895233 0.627076
vt 0.878676 0.703611
vt 0.850093 0.717560
vt 0.442704 0.841637
vt 0.914832 0.246132
vt 0.891764 0.234280
vt 0.877425 0.213263
vt 0.941056 0.245300
vt 0.968630 0.224113
vt 0.976715 0.185887
vt 0.961902 0.157405
vt 0.931822 0.144436
vt 0.897801 0.151856
vt 0.877425 0.180029
vt 0.280140 0.902851
vt 0.225999 0.841637
vt 0.234961 0.840875
vt 0.229584 0.929832
vt 0.437219 0.929832
vt 0.393906 0.929832
vt 0.371625 0.929832
vt 0.361458 0.841637
vt 0.352422 0.840371
vt 0.343388 0.841431
vt 0.334352 0.840883
vt 0.325316 0.840894
vt 0.301609 0.929832
vt 0.307245 0.909039
vt 0.298211 0.840739
vt 0.284558 0.929832
vt 0.271104 0.839435
vt 0.262069 0.840524
vt 0.253033 0.840669
vt 0.243998 0.840873
vt 0.226447 0.821406
vt 0.240311 0.821406
vt 0.442258 0.821406
vt 0.361458 0.821406
vt 0.347904 0.821406
vt 0.329835 0.821406
vt 0.298211 0.821406
vt 0.271104 0.821406
vt 0.258616 0.821406
vt 0.570320 0.857369
vt 0.549466 0.876749
vt 0.933281 0.590050
vt 0.910195 0.601656
vt 0.882074 0.599976
vt 0.948064 0.568526
vt 0.948064 0.535069
vt 0.923419 0.505582
vt 0.889119 0.499627
vt 0.864076 0.512176
vt 0.848912 0.539941
vt 0.855371 0.577568
vt 0.458227 0.852892
vt 0.449504 0.877722
vt 0.480217 0.881836
vt 0.478384 0.942242
vt 0.551730 0.938737
vt 0.576913 0.881463
vt 0.481780 0.898976
vt 0.492317 0.910706
vt 0.503015 0.916668
vt 0.516796 0.915520
vt 0.481435 0.881836
vt 0.489899 0.873591
vt 0.499144 0.864567
vt 0.522948 0.860882
vt 0.543907 0.875252
vt 0.541010 0.892355
vt 0.536460 0.905402
vt 0.925925 0.101878
vt 0.925822 0.113509
vt 0.925843 0.039749
vt 0.835347 0.107357
vt 0.735709 0.101878
vt 0.708536 0.101878
vt 0.925391 0.128926
vt 0.708618 0.039750
vt 0.880636 0.040513
vt 0.866223 0.128926
vt 0.853462 0.041057
vt 0.844404 0.038570
vt 0.831342 0.128926
vt 0.835347 0.039991
vt 0.826288 0.040079
vt 0.826288 0.107770
vt 0.799114 0.039858
vt 0.790056 0.038561
vt 0.782027 0.128926
vt 0.781000 0.040307
vt 0.771940 0.040483
vt 0.739448 0.128926
vt 0.718106 0.128926
vt 0.709056 0.020231
vt 0.925403 0.020231
vt 0.880636 0.020231
vt 0.853462 0.020231
vt 0.839251 0.020231
vt 0.826288 0.020231
vt 0.799114 0.020231
vt 0.785840 0.020231
vt 0.771940 0.020231
vt 0.111660 0.848388
vt 0.120696 0.848388
vt 0.116754 0.836785
vt 0.102625 0.842199
vt 0.075518 0.848388
vt 0.084554 0.848388
vt 0.080036 0.836785
vt 0.066484 0.843384
vt 0.039377 0.848388
vt 0.048413 0.848388
vt 0.044576 0.836785
vt 0.030341 0.842168
vt 0.003235 0.848388
vt 0.012270 0.848388
vt 0.007562 0.836785
vt 0.886115 0.320288
vt 0.872699 0.331121
vt 0.875949 0.325554
vt 0.855441 0.334220
vt 0.860541 0.331297
vt 0.815640 0.297141
vt 0.821843 0.281051
vt 0.822183 0.290192
vt 0.841822 0.331752
vt 0.846972 0.364640
vt 0.815543 0.352406
vt 0.823354 0.314176
vt 0.799273 0.335803
vt 0.790400 0.311482
vt 0.865787 0.269587
vt 0.859082 0.236570
vt 0.883463 0.242977
vt 0.914352 0.322358
vt 0.895396 0.349726
vt 0.873627 0.362438
vt 0.886713 0.295505
vt 0.886635 0.307772
vt 0.882550 0.302606
vt 0.192979 0.842065
vt 0.202016 0.848388
vt 0.202015 0.836785
vt 0.156838 0.848388
vt 0.161093 0.836785
vt 0.147802 0.842115
vt 0.220086 0.848388
vt 0.219984 0.836785
vt 0.211050 0.842864
vt 0.021306 0.836785
vt 0.030302 0.821406
vt 0.093590 0.842168
vt 0.098107 0.821406
vt 0.129732 0.842201
vt 0.121792 0.821406
vt 0.174909 0.842322
vt 0.183944 0.842088
vt 0.178844 0.821406
vt 0.196435 0.821406
vt 0.021306 0.910867
vt 0.012270 0.910356
vt 0.016788 0.929832
vt 0.039377 0.910355
vt 0.030341 0.909600
vt 0.034859 0.929832
vt 0.057448 0.909807
vt 0.048413 0.910356
vt 0.053752 0.929832
vt 0.075519 0.910867
vt 0.066484 0.911097
vt 0.071001 0.929832
vt 0.138767 0.910319
vt 0.129731 0.909816
vt 0.135122 0.929832
vt 0.165873 0.911645
vt 0.156838 0.910928
vt 0.160987 0.929832
vt 0.873385 0.878603
vt 0.878666 0.890681
vt 0.869533 0.885526
vt 0.864657 0.918991
vt 0.875009 0.904006
vt 0.890265 0.931619
vt 0.904924 0.901775
vt 0.894371 0.852314
vt 0.905089 0.875089
vt 0.863798 0.864302
vt 0.830447 0.853258
vt 0.804532 0.837124
vt 0.827655 0.826161
vt 0.816886 0.862559
vt 0.809887 0.879376
vt 0.808724 0.891568
vt 0.778727 0.877852
vt 0.778727 0.903595
vt 0.820018 0.914381
vt 0.835469 0.921972
vt 0.816029 0.948121
vt 0.867968 0.910007
vt 0.812219 0.904937
vt 0.820210 0.909166
vt 0.749211 0.566610
vt 0.737580 0.566610
vt 0.743674 0.575669
vt 0.749211 0.557553
vt 0.749212 0.548495
vt 0.737580 0.552779
vt 0.749211 0.530381
vt 0.737580 0.526095
vt 0.743674 0.539437
vt 0.749212 0.521320
vt 0.741879 0.512263
vt 0.749211 0.503205
vt 0.737580 0.503205
vt 0.743227 0.466974
vt 0.749212 0.457915
vt 0.737580 0.453865
vt 0.749211 0.448857
vt 0.742315 0.439800
vt 0.749212 0.430741
vt 0.737580 0.426796
vt 0.749211 0.421684
vt 0.749211 0.403569
vt 0.737580 0.398684
vt 0.743855 0.412625
vt 0.021306 0.848388
vt 0.749211 0.376395
vt 0.737580 0.371977
vt 0.742965 0.385452
vt 0.722163 0.567745
vt 0.722163 0.543966
vt 0.722163 0.507678
vt 0.742240 0.476032
vt 0.722163 0.467372
vt 0.722163 0.417081
vt 0.811846 0.566610
vt 0.810577 0.575669
vt 0.830859 0.571965
vt 0.811846 0.548495
vt 0.810577 0.557553
vt 0.830858 0.553848
vt 0.811846 0.521320
vt 0.811333 0.530379
vt 0.830859 0.525850
vt 0.811135 0.466974
vt 0.809715 0.476031
vt 0.830859 0.471273
vt 0.811050 0.412627
vt 0.811218 0.421684
vt 0.830858 0.416025
vt 0.811267 0.394510
vt 0.811865 0.403569
vt 0.830858 0.398423
vt 0.811848 0.376394
vt 0.811364 0.385452
vt 0.830859 0.380820
vt 0.057448 0.841072
vt 0.852168 0.274798
vt 0.838854 0.275290
vt 0.852168 0.267121
vt 0.840299 0.270219
vt 0.879167 0.316027
vt 0.864281 0.276727
vt 0.820254 0.302306
vt 0.825683 0.315619
vt 0.873082 0.278524
vt 0.879722 0.279743
vt 0.843327 0.330294
vt 0.880180 0.290405
vt 0.828924 0.282491
vt 0.832885 0.325551
vt 0.831239 0.325549
vt 0.790400 0.286953
vt 0.800000 0.265396
vt 0.826326 0.242520
vt 0.902861 0.259077
vt 0.916809 0.287659
vt 0.003308 0.909602
vt 0.994947 0.928724
vt 0.980608 0.907707
vt 0.957540 0.895855
vt 0.994947 0.961957
vt 0.974570 0.990131
vt 0.940550 0.997551
vt 0.910469 0.984582
vt 0.895657 0.956100
vt 0.903741 0.917874
vt 0.931316 0.896687
vt 0.165872 0.848388
vt 0.220013 0.909601
vt 0.211051 0.910364
vt 0.216428 0.821406
vt 0.008793 0.821406
vt 0.052107 0.821406
vt 0.074387 0.821406
vt 0.084554 0.909601
vt 0.093590 0.910867
vt 0.102625 0.909807
vt 0.111660 0.910355
vt 0.120696 0.910345
vt 0.144403 0.821406
vt 0.138767 0.842200
vt 0.147802 0.910499
vt 0.161455 0.821406
vt 0.174909 0.911804
vt 0.183944 0.910714
vt 0.192979 0.910569
vt 0.202015 0.910366
vt 0.219565 0.929832
vt 0.205701 0.929832
vt 0.003754 0.929832
vt 0.084554 0.929832
vt 0.098108 0.929832
vt 0.116178 0.929832
vt 0.147802 0.929832
vt 0.174909 0.929832
vt 0.187397 0.929832
vt 0.872027 0.946681
vt 0.852646 0.925827
vt 0.940948 0.690139
vt 0.912827 0.688458
vt 0.889742 0.700064
vt 0.967652 0.712547
vt 0.974110 0.750173
vt 0.958947 0.777939
vt 0.933904 0.790488
vt 0.899603 0.784533
vt 0.874958 0.755045
vt 0.874958 0.721589
vt 0.876504 0.834588
vt 0.847560 0.856577
vt 0.851675 0.825865
vt 0.787154 0.854745
vt 0.790660 0.928091
vt 0.847934 0.953274
vt 0.830420 0.858140
vt 0.818691 0.868678
vt 0.813877 0.893157
vt 0.812728 0.879376
vt 0.823995 0.912821
vt 0.837041 0.917370
vt 0.854144 0.920268
vt 0.868515 0.899309
vt 0.864830 0.875505
vt 0.855805 0.866260
vt 0.847560 0.857795
vt 0.749211 0.584726
vt 0.737580 0.584624
vt 0.811340 0.584644
vt 0.743732 0.494148
vt 0.749212 0.394510
vt 0.749211 0.367336
vt 0.722163 0.584192
vt 0.811340 0.367419
vt 0.810577 0.539437
vt 0.722163 0.525024
vt 0.810033 0.512263
vt 0.812521 0.503205
vt 0.722163 0.490143
vt 0.811099 0.494148
vt 0.811011 0.485089
vt 0.743320 0.485089
vt 0.811232 0.457915
vt 0.812528 0.448857
vt 0.722163 0.440828
vt 0.810783 0.439800
vt 0.810606 0.430741
vt 0.722163 0.398250
vt 0.722163 0.376907
vt 0.830858 0.367857
vt 0.830858 0.584204
vt 0.830858 0.539437
vt 0.830858 0.512263
vt 0.830859 0.498052
vt 0.830858 0.485089
vt 0.830858 0.457915
vt 0.830859 0.444641
vt 0.830858 0.430741
vt 0.529221 0.004113
vt 0.505102 0.109310
vt 0.464529 0.076539
vt 0.686673 0.076539
vt 0.677549 0.109046
vt 0.646099 0.109310
vt 0.621980 0.004113
vt 0.611723 0.109392
vt 0.665054 0.008351
vt 0.705839 0.011680
vt 0.696256 0.044109
vt 0.575601 0.109253
vt 0.575601 0.003327
vt 0.539478 0.109392
vt 0.445362 0.011680
vt 0.486147 0.008351
vt 0.454945 0.044109
vt 0.473652 0.109046
vt 0.590717 0.924623
vt 0.580864 0.830562
vt 0.658811 0.831654
vt 0.194778 0.404235
vt 0.183447 0.314695
vt 0.261760 0.314695
vt 0.249799 0.408918
vt 0.359957 0.662299
vt 0.364640 0.717320
vt 0.270417 0.729280
vt 0.270417 0.650968
vt 0.838376 0.369894
vt 0.931346 0.420829
vt 0.838376 0.488923
vt 0.932437 0.498776
vt 0.605449 0.612327
vt 0.605449 0.349829
vt 0.709746 0.924623
s 1
usemtl Material.001
f 649/1/1 2/2/2 3/3/3
f 2/2/2 4/4/4 3/3/3
f 5/5/5 6/6/6 4/4/4
f 5/5/5 4/4/4 2/2/2
f 7/7/7 3/3/3 4/4/4
f 7/7/7 4/4/4 6/6/6
f 8/8/8 9/9/9 10/10/10
f 8/8/8 10/10/10 11/11/11
f 12/12/12 13/13/13 10/10/10
f 12/12/12 10/10/10 9/9/9
f 14/14/14 11/11/11 10/10/10
f 14/14/14 10/10/10 13/13/13
f 15/15/15 16/16/16 17/17/17
f 15/15/15 17/17/17 18/18/18
f 18/19/18 17/20/17 19/21/19
f 18/19/18 19/21/19 651/22/20
f 21/23/21 12/12/12 9/9/9
f 21/23/21 9/9/9 22/24/22
f 22/24/22 9/9/9 8/8/8
f 22/24/22 8/8/8 23/25/23
f 24/26/24 5/5/5 25/27/25
f 5/5/5 2/2/2 25/27/25
f 25/27/25 2/2/2 650/28/26
f 2/2/2 649/1/1 650/28/26
f 5/5/5 14/14/14 13/13/13
f 5/5/5 13/13/13 6/6/6
f 7/7/7 6/6/6 13/13/13
f 27/29/27 7/7/7 13/13/13
f 661/30/28 27/29/27 13/13/13
f 12/12/12 661/30/28 13/13/13
f 29/31/29 8/8/8 11/11/11
f 29/31/29 11/11/11 30/32/30
f 30/32/30 11/11/11 14/14/14
f 30/32/30 14/14/14 31/33/31
f 7/7/7 15/15/15 3/34/3
f 15/15/15 18/18/18 3/34/3
f 32/35/32 33/36/32 34/37/32
f 32/35/32 34/37/32 35/38/33
f 36/39/34 37/40/35 19/21/19
f 36/39/34 19/21/19 38/41/36
f 39/42/37 40/43/38 41/44/39
f 42/45/40 39/42/37 41/44/39
f 43/46/41 42/45/40 41/44/39
f 44/47/39 43/46/41 41/44/39
f 5/5/5 24/26/24 14/14/14
f 24/26/24 31/33/31 14/14/14
f 46/48/42 28/49/43 669/49/44 673/48/45
f 661/30/28 662/50/46 27/29/27
f 47/51/47 48/52/48 49/53/48
f 48/52/48 50/54/48 49/53/48
f 32/35/49 51/55/50 21/23/21
f 51/55/50 12/12/12 21/23/21
f 51/55/50 663/56/51 12/12/12
f 663/56/51 661/30/28 12/12/12
f 48/52/52 47/51/53 15/15/15
f 48/52/52 15/15/15 7/7/7
f 33/36/54 32/35/49 21/23/21
f 33/36/54 21/23/21 664/57/55
f 663/56/51 33/36/54 664/57/55
f 45/58/56 46/48/42 673/48/45 670/58/57
f 47/51/53 53/59/58 15/15/15
f 53/59/58 662/50/46 15/15/15
f 54/60/59 48/52/52 7/7/7
f 54/60/59 7/7/7 27/29/27
f 53/59/58 54/60/59 662/50/46
f 54/60/59 27/29/27 662/50/46
f 101/61/60 26/62/61 657/62/62 658/61/63
f 119/63/64 101/61/60 658/61/63 660/63/65
f 40/43/66 56/64/67 8/8/8
f 56/64/67 23/25/23 8/8/8
f 41/44/68 40/43/66 8/8/8
f 41/44/68 8/8/8 29/31/29
f 56/65/67 57/66/69 23/67/23
f 57/66/69 58/68/70 23/67/23
f 57/66/71 56/65/72 59/69/72
f 57/66/71 59/69/72 60/70/72
f 57/66/71 60/70/72 61/71/72
f 57/66/71 61/71/72 62/72/71
f 33/36/73 663/56/74 34/37/75
f 663/56/76 63/73/77 34/37/78
f 53/59/79 47/51/79 49/53/79
f 53/59/79 49/53/79 64/74/79
f 48/52/80 54/60/80 50/54/80
f 54/60/80 65/75/80 50/54/80
f 54/60/81 53/59/81 64/74/81
f 54/60/81 64/74/81 65/75/81
f 51/55/82 32/35/83 35/38/84
f 51/55/82 35/38/84 66/76/85
f 663/56/86 51/55/82 66/76/85
f 663/56/86 66/76/85 63/73/87
f 3/77/3 18/19/18 651/22/20
f 3/77/3 651/22/20 649/1/1
f 59/78/88 56/64/88 40/43/89
f 67/79/88 59/78/88 40/43/38
f 68/80/90 67/79/88 40/43/38
f 39/42/37 68/80/90 40/43/38
f 69/81/91 70/82/92 71/83/93
f 72/84/94 73/85/95 71/83/93
f 72/84/94 71/83/93 70/82/92
f 74/86/96 75/87/97 73/85/95
f 74/86/96 73/85/95 72/84/94
f 58/68/70 75/87/97 23/67/23
f 75/87/97 74/86/96 23/67/23
f 23/88/23 74/89/96 76/90/98
f 23/88/23 76/90/98 22/91/22
f 77/92/99 76/90/98 72/93/94
f 76/90/98 74/89/96 72/93/94
f 78/94/100 77/92/99 70/95/92
f 77/92/99 72/93/94 70/95/92
f 79/96/101 80/97/102 69/98/91
f 80/97/102 70/95/92 69/98/91
f 80/97/102 81/99/103 70/95/92
f 81/99/103 78/94/100 70/95/92
f 21/100/21 22/91/22 76/90/98
f 21/100/21 76/90/98 82/101/104
f 76/90/98 77/92/99 82/101/104
f 77/92/99 83/102/105 82/101/104
f 77/92/99 78/94/100 84/103/106
f 77/92/99 84/103/106 83/102/105
f 85/104/107 84/103/106 78/94/100
f 85/104/107 78/94/100 81/99/103
f 85/105/107 86/106/108 84/107/106
f 86/106/108 87/108/109 84/107/106
f 83/109/105 84/107/106 87/108/109
f 83/109/105 87/108/109 88/110/110
f 83/109/105 88/110/110 82/111/104
f 88/110/110 89/112/111 82/111/104
f 21/23/21 82/111/104 90/113/112
f 82/111/104 89/112/111 90/113/112
f 21/23/21 90/113/112 91/114/113
f 21/23/21 91/114/113 664/57/55
f 92/115/114 93/116/115 94/117/116
f 93/116/115 91/114/113 94/117/116
f 95/118/117 16/16/16 92/115/114
f 16/16/16 93/116/115 92/115/114
f 87/108/109 86/106/108 96/119/118
f 91/114/113 93/116/115 662/50/46
f 91/114/113 662/50/46 664/57/55
f 88/110/110 87/108/109 96/119/118
f 88/110/110 96/119/118 97/120/119
f 93/116/115 16/16/16 662/50/46
f 16/16/16 15/15/15 662/50/46
f 89/112/111 88/110/110 98/121/120
f 88/110/110 97/120/119 98/121/120
f 90/113/112 89/112/111 98/121/120
f 94/117/116 91/114/113 90/113/112
f 99/122/121 94/117/116 90/113/112
f 98/121/120 99/122/121 90/113/112
f 19/21/19 37/40/35 55/123/122
f 19/21/19 55/123/122 651/22/20
f 19/21/19 17/20/17 100/124/123
f 19/21/19 100/124/123 38/41/36
f 17/17/17 16/16/16 100/125/123
f 16/16/16 95/118/117 100/125/123
f 38/126/124 100/127/124 95/128/117
f 36/129/125 38/126/124 95/128/117
f 79/130/126 36/129/125 95/128/117
f 80/131/124 79/130/126 95/128/117
f 81/132/127 80/131/124 95/128/117
f 85/133/128 81/132/127 95/128/117
f 95/128/117 92/134/114 94/135/116
f 85/133/128 95/128/117 94/135/116
f 85/133/128 94/135/116 99/136/121
f 97/137/119 96/138/118 86/139/124
f 97/137/119 86/139/124 85/133/124
f 652/140/129 102/141/130 103/142/131
f 102/141/130 104/143/132 103/142/131
f 105/144/133 103/142/131 104/143/132
f 105/144/133 104/143/132 106/145/134
f 107/146/135 106/145/134 104/143/132
f 107/146/135 104/143/132 102/141/130
f 108/147/136 109/148/137 110/149/138
f 108/147/136 110/149/138 111/150/139
f 112/151/140 111/150/139 110/149/138
f 112/151/140 110/149/138 113/152/141
f 114/153/142 113/152/141 110/149/138
f 114/153/142 110/149/138 109/148/137
f 115/154/143 116/155/144 117/156/145
f 115/154/143 117/156/145 118/157/146
f 116/158/144 654/159/147 120/160/148
f 116/158/144 120/160/148 117/161/145
f 121/162/149 122/163/150 111/150/139
f 121/162/149 111/150/139 112/151/140
f 122/163/150 123/164/151 108/147/136
f 122/163/150 108/147/136 111/150/139
f 24/26/24 25/27/25 105/144/133
f 25/27/25 103/142/131 105/144/133
f 25/27/25 650/28/26 103/142/131
f 650/28/26 652/140/129 103/142/131
f 105/144/133 106/145/134 113/152/141
f 105/144/133 113/152/141 114/153/142
f 106/145/134 107/146/135 124/165/152
f 106/145/134 124/165/152 665/166/153
f 106/145/134 665/166/153 112/151/140
f 106/145/134 112/151/140 113/152/141
f 29/31/29 30/32/30 109/148/137
f 29/31/29 109/148/137 108/147/136
f 30/32/30 31/33/31 114/153/142
f 30/32/30 114/153/142 109/148/137
f 107/146/135 102/167/130 115/154/143
f 102/167/130 116/155/144 115/154/143
f 126/168/154 127/169/154 128/170/154
f 126/168/155 128/170/155 129/171/155
f 36/39/34 130/172/156 120/160/148
f 36/39/34 120/160/148 37/40/35
f 131/173/157 132/174/158 133/175/159
f 131/173/157 133/175/159 134/176/159
f 131/173/157 134/176/159 44/47/39
f 131/173/157 44/47/39 41/44/39
f 105/144/133 114/153/142 24/26/24
f 114/153/142 31/33/31 24/26/24
f 665/166/153 124/165/152 666/177/160
f 125/178/161 135/179/162 675/179/163 671/178/164
f 137/180/165 138/181/166 139/182/165
f 138/181/166 140/183/165 139/182/165
f 126/168/167 121/162/149 141/184/168
f 121/162/149 112/151/140 141/184/168
f 141/184/168 112/151/140 667/185/169
f 112/151/140 665/166/153 667/185/169
f 139/182/170 107/146/135 115/154/143
f 139/182/170 115/154/143 137/180/171
f 129/171/172 668/186/173 121/162/149
f 129/171/172 121/162/149 126/168/167
f 135/179/162 136/187/174 672/187/175 675/179/163
f 667/185/169 668/186/173 129/171/172
f 137/180/171 115/154/143 143/188/176
f 115/154/143 666/177/160 143/188/176
f 144/189/177 124/165/152 107/146/135
f 144/189/177 107/146/135 139/182/170
f 143/188/176 666/177/160 144/189/177
f 666/177/160 124/165/152 144/189/177
f 1/190/178 20/191/179 659/191/180 655/190/181
f 20/191/179 653/192/182 656/192/183 659/191/180
f 131/173/184 108/147/136 145/193/185
f 108/147/136 123/164/151 145/193/185
f 41/44/68 29/31/29 108/147/136
f 41/44/68 108/147/136 131/173/184
f 145/194/185 123/195/151 57/66/69
f 123/195/151 58/68/70 57/66/69
f 57/66/71 146/196/186 147/197/186
f 57/66/71 147/197/186 148/198/186
f 57/66/71 148/198/186 145/194/186
f 129/171/187 128/170/188 667/185/189
f 128/170/188 149/199/190 667/185/189
f 143/188/191 150/200/191 138/181/191
f 143/188/191 138/181/191 137/180/191
f 139/182/192 140/183/192 144/189/192
f 140/183/192 151/201/192 144/189/192
f 144/189/193 151/201/193 150/200/193
f 144/189/193 150/200/193 143/188/193
f 141/184/194 152/202/195 127/169/196
f 141/184/197 127/169/198 126/168/199
f 667/185/200 149/199/200 152/202/195
f 667/185/200 152/202/195 141/184/194
f 102/203/130 652/140/129 654/159/147
f 102/203/130 654/159/147 116/158/144
f 131/173/157 145/193/201 148/204/202
f 131/173/157 148/204/202 153/205/201
f 132/174/158 131/173/157 153/205/201
f 154/206/201 132/174/158 153/205/201
f 69/81/91 71/83/93 155/207/203
f 156/208/204 155/207/203 71/83/93
f 156/208/204 71/83/93 73/85/95
f 157/209/205 156/208/204 73/85/95
f 157/209/205 73/85/95 75/87/97
f 58/68/70 123/195/151 75/87/97
f 123/195/151 157/209/205 75/87/97
f 123/210/151 122/211/150 158/212/206
f 123/210/151 158/212/206 157/213/205
f 159/214/207 156/215/204 158/212/206
f 156/215/204 157/213/205 158/212/206
f 160/216/208 155/217/203 159/214/207
f 155/217/203 156/215/204 159/214/207
f 79/96/101 69/98/91 161/218/209
f 69/98/91 155/217/203 161/218/209
f 161/218/209 155/217/203 162/219/210
f 155/217/203 160/216/208 162/219/210
f 121/220/149 163/221/211 158/212/206
f 121/220/149 158/212/206 122/211/150
f 158/212/206 163/221/211 159/214/207
f 163/221/211 164/222/212 159/214/207
f 159/214/207 164/222/212 165/223/213
f 159/214/207 165/223/213 160/216/208
f 166/224/214 162/219/210 160/216/208
f 166/224/214 160/216/208 165/223/213
f 166/225/214 165/226/213 167/227/215
f 165/226/213 168/228/216 167/227/215
f 164/229/212 169/230/217 168/228/216
f 164/229/212 168/228/216 165/226/213
f 164/229/212 163/231/211 169/230/217
f 163/231/211 170/232/218 169/230/217
f 121/162/149 171/233/219 163/231/211
f 171/233/219 170/232/218 163/231/211
f 121/162/149 668/186/173 172/234/220
f 121/162/149 172/234/220 171/233/219
f 173/235/221 174/236/222 175/237/223
f 174/236/222 172/234/220 175/237/223
f 176/238/224 173/235/221 118/157/146
f 173/235/221 175/237/223 118/157/146
f 168/228/216 177/239/225 167/227/215
f 172/234/220 668/186/173 666/177/160
f 172/234/220 666/177/160 175/237/223
f 169/230/217 178/240/226 177/239/225
f 169/230/217 177/239/225 168/228/216
f 175/237/223 666/177/160 118/157/146
f 666/177/160 115/154/143 118/157/146
f 170/232/218 179/241/227 169/230/217
f 179/241/227 178/240/226 169/230/217
f 171/233/219 179/241/227 170/232/218
f 171/233/219 172/234/220 174/236/222
f 179/241/227 171/233/219 174/236/222
f 180/242/228 179/241/227 174/236/222
f 120/160/148 654/159/147 55/123/122
f 120/160/148 55/123/122 37/40/35
f 120/160/148 130/172/156 181/243/229
f 120/160/148 181/243/229 117/161/145
f 117/156/145 181/244/229 118/157/146
f 181/244/229 176/238/224 118/157/146
f 176/245/224 181/246/230 130/247/230
f 173/248/221 176/245/224 130/247/230
f 174/249/222 173/248/221 130/247/230
f 180/250/228 174/249/222 130/247/230
f 179/251/227 180/250/228 130/247/230
f 178/252/226 179/251/227 130/247/230
f 178/252/226 130/247/230 36/129/125
f 177/253/225 178/252/226 36/129/125
f 167/254/231 177/253/225 36/129/125
f 166/255/232 167/254/231 36/129/125
f 161/257/234 162/256/233 36/129/125
f 79/130/126 161/257/234 36/129/125
f 182/258/235 183/259/235 184/260/235
f 182/258/236 185/261/236 183/259/236
f 186/262/237 187/263/237 188/264/237
f 186/262/238 189/265/238 187/263/238
f 190/266/239 191/267/239 192/268/239
f 190/266/240 193/269/240 191/267/240
f 194/270/241 195/271/241 196/272/241
f 197/273/242 198/274/242 199/275/242
f 199/275/243 200/276/243 201/277/243
f 202/278/244 203/279/244 204/280/244
f 205/281/245 206/282/246 207/283/247
f 208/284/248 209/285/249 210/286/250
f 202/278/251 209/285/249 208/284/248
f 211/287/252 212/288/253 213/289/254
f 197/273/255 214/290/256 215/291/257
f 199/275/258 214/290/256 197/273/255
f 199/275/258 216/292/259 214/290/256
f 217/293/260 218/294/260 219/295/260
f 220/296/261 221/297/261 222/298/261
f 223/299/262 224/300/262 225/301/262
f 194/302/263 226/303/263 195/304/263
f 227/305/264 228/306/264 193/269/264
f 193/269/265 228/306/265 191/267/265
f 229/307/266 230/308/266 185/261/266
f 183/259/267 231/309/267 232/310/267
f 233/311/268 234/312/268 235/313/268
f 220/296/269 236/314/269 221/297/269
f 237/315/270 214/316/270 238/317/270
f 239/318/271 215/319/271 240/320/271
f 241/321/272 242/322/272 243/323/272
f 244/324/273 245/325/273 246/326/273
f 247/327/274 248/328/274 249/329/274
f 250/330/275 209/331/275 251/332/275
f 252/333/260 253/334/260 254/335/260
f 255/336/258 256/337/257 257/338/255
f 257/338/255 256/337/257 258/339/276
f 252/333/277 259/340/278 260/341/279
f 252/333/277 260/341/279 261/342/280
f 262/343/281 263/344/281 264/345/281
f 262/343/282 264/345/282 265/346/282
f 266/347/283 267/348/284 268/349/285
f 268/349/285 267/348/284 269/350/286
f 270/351/287 271/352/288 272/353/289
f 257/338/290 273/354/290 255/336/290
f 270/351/291 274/355/291 275/356/291
f 276/357/292 277/358/292 278/359/292
f 279/360/293 280/361/293 281/362/293
f 282/363/294 283/364/294 284/365/294
f 282/363/295 284/365/295 285/366/295
f 286/367/296 287/368/296 288/369/296
f 289/370/297 290/371/297 291/372/297
f 291/372/298 290/371/298 292/373/298
f 293/374/299 294/375/299 295/376/299
f 295/376/300 294/375/300 296/377/300
f 297/378/301 298/379/301 299/380/301
f 227/305/302 300/381/302 195/271/302
f 300/381/302 196/272/302 195/271/302
f 301/382/303 302/383/303 303/384/303
f 278/359/304 304/385/304 280/361/304
f 280/361/305 305/386/305 283/364/305
f 286/367/306 306/387/306 287/368/306
f 307/388/307 308/389/307 289/370/307
f 289/370/308 308/389/308 290/371/308
f 294/375/309 309/390/309 298/379/309
f 310/391/310 256/392/310 311/393/310
f 312/394/311 258/395/311 313/396/311
f 314/397/312 260/398/312 315/399/312
f 316/400/313 264/401/313 317/402/313
f 318/403/314 319/404/314 320/405/314
f 321/406/315 271/407/315 322/408/315
f 323/409/316 324/410/316 325/411/316
f 232/310/317 184/260/317 183/259/317
f 188/264/318 187/263/318 229/307/318
f 326/412/319 192/268/319 191/267/319
f 300/381/320 227/305/320 193/269/320
f 327/413/321 328/414/322 329/415/321
f 328/414/322 330/416/321 329/415/321
f 331/417/323 197/273/323 219/295/324
f 331/417/323 219/295/324 218/294/325
f 332/418/326 211/287/327 327/413/328
f 211/287/327 328/414/326 327/413/328
f 333/419/329 202/278/329 334/420/329
f 202/278/329 208/284/329 334/420/329
f 335/421/330 336/422/331 211/287/330
f 335/421/330 211/287/330 332/418/331
f 197/273/332 331/417/332 198/274/332
f 202/278/333 333/419/333 203/279/333
f 337/423/334 205/281/334 200/276/334
f 205/281/334 201/277/334 200/276/334
f 199/275/335 198/274/335 200/276/335
f 338/424/336 217/293/336 335/421/336
f 217/293/336 336/422/336 335/421/336
f 204/280/337 203/279/337 339/425/337
f 329/415/338 330/416/339 339/425/340
f 330/416/339 204/280/338 339/425/340
f 340/426/341 341/427/341 337/423/341
f 341/427/341 205/281/341 337/423/341
f 334/420/342 208/284/342 340/426/343
f 208/284/342 341/427/342 340/426/343
f 217/293/344 338/424/344 218/294/344
f 337/423/345 200/276/345 198/274/345
f 340/426/345 337/423/345 198/274/345
f 334/420/345 340/426/345 198/274/345
f 333/419/345 334/420/345 198/274/345
f 203/279/345 333/419/345 198/274/345
f 339/425/345 203/279/345 198/274/345
f 329/415/345 339/425/345 198/274/345
f 327/413/345 329/415/345 198/274/345
f 332/418/345 327/413/345 198/274/345
f 335/421/345 332/418/345 198/274/345
f 338/424/345 335/421/345 198/274/345
f 218/294/345 338/424/345 198/274/345
f 331/417/345 218/294/345 198/274/345
f 216/292/259 199/275/258 201/277/346
f 216/292/259 201/277/346 207/283/247
f 210/286/250 206/282/246 341/427/347
f 210/286/250 341/427/347 208/284/248
f 201/277/346 205/281/245 207/283/247
f 205/281/245 341/427/347 206/282/246
f 342/428/348 202/278/251 204/280/349
f 342/428/348 204/280/349 248/429/350
f 202/278/251 342/428/348 209/285/249
f 248/429/350 204/280/349 343/430/351
f 204/280/349 330/416/351 343/430/351
f 343/430/351 330/416/351 328/414/352
f 343/430/351 328/414/352 213/289/254
f 212/288/253 211/287/252 336/422/279
f 212/288/253 336/422/279 245/431/353
f 328/414/352 211/287/252 213/289/254
f 245/431/353 336/422/279 242/432/353
f 336/422/279 217/293/354 242/432/353
f 215/291/257 242/432/353 219/295/257
f 242/432/353 217/293/354 219/295/257
f 219/295/257 197/273/255 215/291/257
f 238/317/355 344/433/355 196/272/355
f 344/433/355 194/270/355 196/272/355
f 234/434/356 345/435/356 346/436/357
f 236/437/357 234/434/356 346/436/357
f 347/438/358 236/437/357 346/436/357
f 228/439/359 347/438/358 346/436/357
f 348/440/360 228/439/359 346/436/357
f 349/441/361 348/440/360 346/436/357
f 230/442/359 349/441/361 346/436/357
f 231/443/356 230/442/359 346/436/357
f 350/444/362 225/301/362 233/311/362
f 350/444/363 223/299/363 225/301/363
f 222/298/364 221/297/364 226/303/364
f 344/445/365 351/446/365 194/302/365
f 351/446/365 226/303/365 194/302/365
f 195/304/366 226/303/366 347/447/366
f 347/448/367 228/306/367 195/271/367
f 228/306/367 227/305/367 195/271/367
f 237/315/368 238/317/368 196/272/368
f 237/315/368 196/272/368 300/381/368
f 240/320/369 237/315/369 193/269/370
f 237/315/369 300/381/370 193/269/370
f 239/318/371 240/320/371 190/266/371
f 240/320/371 193/269/371 190/266/371
f 243/323/372 239/318/372 190/266/372
f 243/323/372 190/266/372 192/268/372
f 191/267/373 228/306/373 348/449/373
f 241/321/374 243/323/374 192/268/374
f 241/321/374 192/268/374 326/412/374
f 326/412/375 191/267/375 348/449/375
f 349/450/376 189/265/376 326/412/377
f 349/450/376 326/412/377 348/449/376
f 189/265/378 246/326/378 241/321/378
f 189/265/378 241/321/378 326/412/378
f 244/324/379 246/326/379 189/265/379
f 244/324/379 189/265/379 186/262/379
f 187/263/380 189/265/380 349/450/380
f 352/451/381 244/324/381 186/262/381
f 352/451/381 186/262/381 188/264/381
f 230/308/382 229/307/382 187/263/382
f 230/308/382 187/263/382 349/450/382
f 353/452/383 352/451/383 229/307/383
f 352/451/383 188/264/383 229/307/383
f 354/453/384 353/452/384 185/261/384
f 353/452/384 229/307/384 185/261/384
f 230/308/385 231/309/385 183/259/385
f 230/308/385 183/259/385 185/261/385
f 182/258/386 355/454/386 354/453/386
f 182/258/386 354/453/386 185/261/386
f 184/260/387 356/455/387 182/258/387
f 356/455/387 355/454/387 182/258/387
f 249/329/388 356/455/389 232/310/389
f 356/455/389 184/260/389 232/310/389
f 231/309/390 346/456/390 232/310/390
f 346/456/390 357/457/390 232/310/390
f 357/457/391 247/327/391 232/310/391
f 247/327/391 249/329/391 232/310/391
f 224/300/392 358/458/392 357/457/392
f 358/458/392 247/327/392 357/457/392
f 224/300/393 357/457/393 346/456/393
f 346/456/394 345/459/394 224/300/394
f 345/459/394 225/301/394 224/300/394
f 223/299/395 251/332/395 224/300/395
f 251/332/395 358/458/395 224/300/395
f 350/444/396 250/330/396 223/299/396
f 250/330/396 251/332/396 223/299/396
f 234/312/397 233/311/397 345/459/397
f 233/311/397 225/301/397 345/459/397
f 233/311/398 359/460/398 250/330/398
f 233/311/398 250/330/398 350/444/398
f 360/461/399 359/460/399 233/311/399
f 360/461/399 233/311/399 235/313/399
f 236/314/400 220/296/400 234/312/400
f 220/296/400 235/313/400 234/312/400
f 361/462/401 360/461/401 220/296/401
f 360/461/401 235/313/401 220/296/401
f 362/463/402 361/462/402 222/298/402
f 361/462/402 220/296/402 222/298/402
f 347/447/403 226/303/403 221/297/403
f 347/447/403 221/297/403 236/314/404
f 351/446/405 362/463/405 226/303/405
f 362/463/405 222/298/405 226/303/405
f 216/464/406 207/465/407 344/445/408
f 207/465/407 351/446/407 344/445/408
f 216/466/409 344/433/409 214/316/409
f 344/433/409 238/317/409 214/316/409
f 215/319/410 214/316/410 237/315/410
f 215/319/410 237/315/410 240/320/410
f 215/319/411 239/318/411 242/322/411
f 239/318/411 243/323/411 242/322/411
f 242/322/412 241/321/412 246/326/412
f 242/322/412 246/326/412 245/325/412
f 212/467/413 245/325/413 244/324/413
f 212/467/413 244/324/413 352/451/413
f 212/467/414 352/451/414 213/468/414
f 352/451/414 353/452/414 213/468/414
f 343/469/415 213/468/416 355/454/417
f 213/468/416 354/453/415 355/454/417
f 353/452/418 354/453/418 213/468/418
f 343/469/419 356/455/419 248/328/419
f 356/455/419 249/329/419 248/328/419
f 355/454/420 356/455/420 343/469/420
f 248/328/421 247/327/421 358/458/421
f 248/328/421 358/458/421 342/470/421
f 342/470/422 358/458/422 209/331/422
f 358/458/422 251/332/422 209/331/422
f 210/471/423 209/331/423 359/460/423
f 209/331/423 250/330/423 359/460/423
f 206/472/424 210/471/424 359/460/424
f 206/472/424 359/460/424 360/461/424
f 207/465/425 206/472/426 362/463/427
f 206/472/426 361/462/425 362/463/427
f 360/461/428 361/462/428 206/472/428
f 362/463/429 351/446/429 207/465/429
f 363/473/354 256/337/257 255/336/258
f 363/473/354 255/336/258 364/474/353
f 306/475/430 365/476/430 305/477/431
f 366/478/430 306/475/430 305/477/431
f 308/479/430 366/478/430 305/477/431
f 367/480/430 308/479/430 305/477/431
f 309/481/430 367/480/430 305/477/431
f 368/482/430 309/481/430 305/477/431
f 369/483/430 368/482/430 305/477/431
f 304/484/432 369/483/430 305/477/431
f 259/340/278 252/333/277 254/335/433
f 259/340/278 254/335/433 258/339/276
f 254/335/433 257/338/255 258/339/276
f 370/485/280 371/486/434 372/487/435
f 370/485/280 372/487/435 261/342/280
f 261/342/280 260/341/279 370/485/280
f 371/486/436 263/344/436 372/487/436
f 263/344/436 262/343/436 372/487/436
f 267/348/437 266/347/437 373/488/437
f 266/347/437 265/346/437 373/488/437
f 265/346/438 264/345/438 373/488/438
f 269/350/286 319/489/286 275/356/439
f 269/350/286 275/356/439 268/349/285
f 270/351/287 275/356/439 319/489/286
f 270/351/287 319/489/286 271/352/288
f 272/353/289 271/352/288 324/490/440
f 364/474/353 272/353/289 324/490/440
f 364/474/353 324/490/440 363/473/354
f 374/491/441 262/343/441 375/492/441
f 262/343/441 265/346/441 375/492/441
f 375/492/345 376/493/345 377/494/345
f 374/491/345 375/492/345 377/494/345
f 378/495/345 374/491/345 377/494/345
f 379/496/345 378/495/345 377/494/345
f 380/497/345 379/496/345 377/494/345
f 253/334/345 380/497/345 377/494/345
f 381/498/345 253/334/345 377/494/345
f 273/354/345 381/498/345 377/494/345
f 382/499/345 273/354/345 377/494/345
f 383/500/345 382/499/345 377/494/345
f 384/501/345 383/500/345 377/494/345
f 274/355/345 384/501/345 377/494/345
f 270/351/442 384/501/442 274/355/442
f 384/501/443 270/351/443 383/500/443
f 270/351/443 272/353/443 383/500/443
f 252/333/344 380/497/344 253/334/344
f 380/497/336 252/333/336 379/496/336
f 252/333/336 261/342/336 379/496/336
f 375/492/444 265/346/444 376/493/445
f 265/346/444 266/347/444 376/493/445
f 383/500/446 272/353/446 364/474/446
f 383/500/446 364/474/446 382/499/446
f 382/499/447 364/474/447 273/354/447
f 364/474/447 255/336/447 273/354/447
f 376/493/448 266/347/449 377/494/448
f 266/347/449 268/349/448 377/494/448
f 379/496/450 261/342/450 378/495/450
f 261/342/450 372/487/450 378/495/450
f 377/494/451 268/349/451 274/355/451
f 268/349/451 275/356/451 274/355/451
f 257/338/452 381/498/452 273/354/452
f 374/491/453 378/495/453 262/343/453
f 378/495/453 372/487/453 262/343/453
f 381/498/323 257/338/323 254/335/325
f 381/498/323 254/335/325 253/334/325
f 278/359/454 280/361/454 276/357/454
f 280/361/454 279/360/454 276/357/454
f 385/502/455 303/503/455 277/358/455
f 311/393/456 386/504/456 277/358/456
f 386/504/456 385/502/456 277/358/456
f 281/362/457 280/361/457 283/364/457
f 285/366/458 284/365/458 286/367/458
f 288/369/459 287/368/459 387/505/459
f 292/373/460 290/371/460 293/374/460
f 296/377/461 294/375/461 298/379/461
f 388/506/462 297/378/462 299/380/462
f 302/383/463 388/506/463 299/380/463
f 385/507/464 301/382/464 303/384/464
f 304/385/465 277/358/465 303/503/465
f 304/385/465 303/503/465 369/508/465
f 386/509/466 323/409/467 385/507/466
f 323/409/467 301/382/466 385/507/466
f 310/391/468 311/393/468 276/357/468
f 311/393/468 277/358/468 276/357/468
f 278/359/469 277/358/469 304/385/469
f 313/396/470 310/391/470 276/357/470
f 313/396/470 276/357/470 279/360/470
f 312/394/471 313/396/472 281/362/473
f 313/396/472 279/360/471 281/362/473
f 280/361/474 304/385/474 305/386/474
f 389/510/475 312/394/475 283/364/475
f 312/394/475 281/362/475 283/364/475
f 305/386/476 365/511/476 284/365/476
f 305/386/476 284/365/476 283/364/476
f 315/399/477 389/510/477 282/363/477
f 389/510/477 283/364/477 282/363/477
f 314/397/478 315/399/478 282/363/478
f 314/397/478 282/363/478 285/366/478
f 365/511/479 306/387/479 286/367/479
f 365/511/479 286/367/479 284/365/479
f 390/512/480 314/397/480 285/366/480
f 390/512/480 285/366/480 286/367/480
f 288/369/481 391/513/481 286/367/481
f 391/513/481 390/512/481 286/367/481
f 366/514/482 387/505/482 287/368/482
f 366/514/482 287/368/482 306/387/482
f 392/515/483 391/513/483 387/505/483
f 391/513/483 288/369/483 387/505/483
f 393/516/484 392/515/484 394/517/484
f 392/515/484 387/505/484 394/517/484
f 394/517/485 387/505/485 366/514/485
f 366/514/486 308/389/486 307/388/486
f 366/514/486 307/388/486 394/517/486
f 317/402/487 393/516/487 307/388/487
f 393/516/487 394/517/487 307/388/487
f 289/370/488 316/400/488 307/388/488
f 316/400/488 317/402/488 307/388/488
f 291/372/489 395/518/489 289/370/489
f 395/518/489 316/400/489 289/370/489
f 292/373/490 396/519/490 395/518/490
f 292/373/490 395/518/490 291/372/490
f 290/371/491 308/389/491 367/520/491
f 397/521/492 396/519/492 292/373/492
f 397/521/492 292/373/492 293/374/492
f 293/374/493 290/371/493 367/520/493
f 295/376/494 398/522/494 293/374/494
f 398/522/494 397/521/494 293/374/494
f 294/375/495 293/374/495 367/520/495
f 296/377/496 320/405/496 398/522/496
f 296/377/496 398/522/496 295/376/496
f 294/375/497 367/520/497 309/390/497
f 298/379/498 318/403/498 296/377/498
f 318/403/498 320/405/498 296/377/498
f 309/390/499 368/523/499 299/380/499
f 309/390/499 299/380/499 298/379/499
f 297/378/500 322/408/500 298/379/500
f 322/408/500 318/403/500 298/379/500
f 321/406/501 322/408/501 297/378/501
f 321/406/501 297/378/501 388/506/501
f 368/523/502 369/524/502 299/380/502
f 369/524/502 302/383/502 299/380/502
f 325/411/503 321/406/503 302/383/503
f 321/406/503 388/506/503 302/383/503
f 323/409/504 325/411/504 301/382/504
f 325/411/504 302/383/504 301/382/504
f 303/384/505 302/383/505 369/524/505
f 363/525/506 324/410/506 386/509/506
f 324/410/506 323/409/506 386/509/506
f 256/392/507 363/526/507 386/504/507
f 256/392/507 386/504/507 311/393/507
f 258/395/508 256/392/508 310/391/508
f 258/395/508 310/391/508 313/396/508
f 259/527/509 258/395/509 389/510/509
f 258/395/509 312/394/509 389/510/509
f 259/527/510 389/510/510 260/398/510
f 389/510/510 315/399/510 260/398/510
f 370/528/511 260/398/511 314/397/511
f 370/528/511 314/397/511 390/512/511
f 370/528/512 390/512/512 391/513/512
f 370/528/512 391/513/512 371/529/512
f 263/530/513 371/529/513 392/515/513
f 263/530/513 392/515/513 393/516/513
f 391/513/514 392/515/514 371/529/514
f 264/401/515 263/530/515 393/516/515
f 264/401/515 393/516/515 317/402/515
f 264/401/516 316/400/516 395/518/516
f 264/401/516 395/518/516 373/531/516
f 373/531/517 395/518/517 396/519/517
f 373/531/517 396/519/517 267/532/517
f 269/533/518 267/532/519 398/522/520
f 267/532/519 397/521/519 398/522/520
f 396/519/521 397/521/521 267/532/521
f 269/533/522 398/522/522 319/404/522
f 398/522/522 320/405/522 319/404/522
f 319/404/523 318/403/523 322/408/523
f 319/404/523 322/408/523 271/407/523
f 271/407/524 321/406/524 324/410/524
f 321/406/524 325/411/524 324/410/524
f 399/534/525 400/535/525 401/536/525
f 399/534/526 401/536/526 402/537/526
f 403/538/527 404/539/527 405/540/527
f 403/538/528 405/540/528 406/541/528
f 407/542/529 408/543/529 409/544/529
f 407/542/530 409/544/530 410/545/530
f 411/546/531 412/547/531 413/548/531
f 414/549/532 415/550/532 416/551/532
f 415/550/533 417/552/533 418/553/533
f 419/554/534 420/555/534 421/556/534
f 422/557/535 423/558/536 424/559/537
f 425/560/538 426/561/539 427/562/540
f 419/554/541 425/560/538 427/562/540
f 428/563/542 429/564/543 430/565/544
f 414/549/545 431/566/546 432/567/547
f 415/550/432 414/549/545 432/567/547
f 415/550/432 432/567/547 433/568/548
f 434/569/549 435/570/549 436/571/549
f 437/572/550 438/573/550 439/574/550
f 440/575/551 441/576/551 442/577/551
f 411/578/552 413/579/552 443/580/552
f 444/581/553 410/545/553 445/582/553
f 410/545/554 409/544/554 445/582/554
f 446/583/555 402/537/555 447/584/555
f 401/536/556 448/585/556 449/586/556
f 450/587/557 451/588/557 452/589/557
f 437/572/558 439/574/558 453/590/558
f 454/591/559 455/592/559 432/593/559
f 456/594/560 457/595/560 431/596/560
f 458/597/561 459/598/561 460/599/561
f 461/600/562 462/601/562 463/602/562
f 464/603/563 465/604/563 466/605/563
f 467/606/564 468/607/564 427/608/564
f 469/609/549 470/610/549 471/611/549
f 472/612/432 473/613/545 474/614/546
f 473/613/545 475/615/431 474/614/546
f 469/609/565 476/616/566 477/617/430
f 469/609/565 478/618/567 476/616/566
f 479/619/568 480/620/568 481/621/568
f 479/619/569 482/622/569 480/620/569
f 483/623/570 484/624/571 485/625/572
f 484/624/571 486/626/573 485/625/572
f 487/627/574 488/628/575 489/629/576
f 473/613/577 472/612/577 490/630/577
f 487/627/578 491/631/578 492/632/578
f 493/633/579 494/634/579 495/635/579
f 496/636/580 497/637/580 498/638/580
f 499/639/581 500/640/581 501/641/581
f 499/639/582 502/642/582 500/640/582
f 503/643/583 504/644/583 505/645/583
f 506/646/584 507/647/584 508/648/584
f 507/647/585 509/649/585 508/648/585
f 510/650/586 511/651/586 512/652/586
f 511/651/587 513/653/587 512/652/587
f 514/654/588 515/655/588 516/656/588
f 444/581/589 413/548/589 517/657/589
f 413/548/589 412/547/589 517/657/589
f 518/658/590 519/659/590 520/660/590
f 494/634/591 498/638/591 521/661/591
f 498/638/592 501/641/592 522/662/592
f 503/643/593 505/645/593 523/663/593
f 524/664/594 506/646/594 525/665/594
f 506/646/595 508/648/595 525/665/595
f 512/652/596 516/656/596 526/666/596
f 527/667/597 528/668/597 474/669/597
f 529/670/598 530/671/598 475/672/598
f 531/673/599 532/674/599 476/675/599
f 533/676/600 534/677/600 480/678/600
f 535/679/601 536/680/601 537/681/601
f 538/682/602 539/683/602 489/684/602
f 540/685/603 541/686/603 542/687/603
f 448/585/604 401/536/604 400/535/604
f 404/539/605 446/583/605 405/540/605
f 543/688/606 409/544/606 408/543/606
f 517/657/607 410/545/607 444/581/607
f 544/689/608 545/690/608 546/691/609
f 545/690/608 547/692/608 546/691/609
f 548/693/323 436/571/325 435/570/324
f 548/693/323 435/570/324 414/549/323
f 549/694/610 544/689/611 428/563/612
f 544/689/611 546/691/610 428/563/612
f 550/695/613 551/696/613 419/554/613
f 551/696/613 425/560/613 419/554/613
f 552/697/330 549/694/331 428/563/330
f 552/697/330 428/563/330 553/698/331
f 414/549/614 416/551/614 548/693/614
f 419/554/615 421/556/615 550/695/615
f 554/699/616 418/553/616 422/557/616
f 418/553/616 417/552/616 422/557/616
f 415/550/617 418/553/617 416/551/617
f 555/700/618 552/697/618 434/569/618
f 552/697/618 553/698/618 434/569/618
f 420/555/619 556/701/619 421/556/619
f 545/690/620 556/701/621 547/692/622
f 556/701/621 420/555/620 547/692/622
f 557/702/623 554/699/623 558/703/624
f 554/699/623 422/557/623 558/703/624
f 551/696/625 557/702/626 425/560/625
f 557/702/626 558/703/625 425/560/625
f 434/569/627 436/571/627 555/700/627
f 416/551/628 418/553/628 554/699/628
f 548/693/628 416/551/628 554/699/628
f 436/571/628 548/693/628 554/699/628
f 555/700/628 436/571/628 554/699/628
f 552/697/628 555/700/628 554/699/628
f 549/694/628 552/697/628 554/699/628
f 544/689/628 549/694/628 554/699/628
f 545/690/628 544/689/628 554/699/628
f 556/701/628 545/690/628 554/699/628
f 421/556/628 556/701/628 554/699/628
f 550/695/628 421/556/628 554/699/628
f 551/696/628 550/695/628 554/699/628
f 557/702/628 551/696/628 554/699/628
f 433/568/548 423/558/536 417/552/629
f 433/568/548 417/552/629 415/550/432
f 426/561/539 425/560/538 558/703/630
f 426/561/539 558/703/630 424/559/537
f 417/552/629 423/558/536 422/557/535
f 422/557/535 424/559/537 558/703/630
f 559/704/631 466/705/632 420/555/633
f 559/704/631 420/555/633 419/554/541
f 419/554/541 427/562/540 559/704/631
f 466/705/632 560/706/634 420/555/633
f 560/706/634 547/692/634 420/555/633
f 560/706/634 429/564/543 546/691/635
f 560/706/634 546/691/635 547/692/634
f 430/565/544 463/707/636 553/698/566
f 430/565/544 553/698/566 428/563/542
f 546/691/635 429/564/543 428/563/542
f 463/707/636 460/708/636 553/698/566
f 460/708/636 434/569/637 553/698/566
f 431/566/546 435/570/546 460/708/636
f 435/570/546 434/569/637 460/708/636
f 435/570/546 431/566/546 414/549/545
f 455/592/638 412/547/638 561/709/638
f 412/547/638 411/546/638 561/709/638
f 562/710/639 563/711/639 452/712/640
f 449/713/641 562/710/639 452/712/640
f 447/714/642 449/713/641 452/712/640
f 564/715/641 447/714/642 452/712/640
f 565/716/643 564/715/641 452/712/640
f 445/717/639 565/716/643 452/712/640
f 566/718/639 445/717/639 452/712/640
f 453/719/639 566/718/639 452/712/640
f 567/720/644 450/587/644 441/576/644
f 567/720/645 441/576/645 440/575/645
f 438/573/646 443/580/646 439/574/646
f 561/721/647 411/578/647 568/722/647
f 411/578/647 443/580/647 568/722/647
f 413/579/648 566/723/648 443/580/648
f 566/724/649 413/548/649 445/582/649
f 413/548/649 444/581/649 445/582/649
f 454/591/650 517/657/650 412/547/650
f 454/591/650 412/547/650 455/592/650
f 457/595/651 410/545/652 454/591/651
f 410/545/652 517/657/651 454/591/651
f 456/594/653 407/542/653 457/595/653
f 407/542/653 410/545/653 457/595/653
f 459/598/654 408/543/654 407/542/654
f 459/598/654 407/542/654 456/594/654
f 409/544/655 565/725/655 445/582/655
f 458/597/656 543/688/656 408/543/656
f 458/597/656 408/543/656 459/598/656
f 543/688/657 565/725/657 409/544/657
f 564/726/658 565/725/658 543/688/659
f 564/726/658 543/688/659 406/541/658
f 406/541/660 543/688/660 458/597/660
f 406/541/660 458/597/660 462/601/660
f 461/600/661 403/538/661 406/541/661
f 461/600/661 406/541/661 462/601/661
f 405/540/662 564/726/662 406/541/662
f 569/727/663 404/539/663 403/538/663
f 569/727/663 403/538/663 461/600/663
f 447/584/664 564/726/664 405/540/664
f 447/584/664 405/540/664 446/583/664
f 570/728/665 446/583/665 569/727/665
f 446/583/665 404/539/665 569/727/665
f 571/729/666 402/537/666 570/728/666
f 402/537/666 446/583/666 570/728/666
f 447/584/667 402/537/667 401/536/667
f 447/584/667 401/536/667 449/586/667
f 399/534/668 402/537/668 571/729/668
f 399/534/668 571/729/668 572/730/668
f 400/535/669 399/534/669 573/731/669
f 399/534/669 572/730/669 573/731/669
f 465/604/670 448/585/671 573/731/671
f 448/585/671 400/535/671 573/731/671
f 449/586/672 448/585/672 562/732/672
f 448/585/672 574/733/672 562/732/672
f 574/733/673 448/585/673 464/603/673
f 448/585/673 465/604/673 464/603/673
f 442/577/674 574/733/674 575/734/674
f 574/733/674 464/603/674 575/734/674
f 442/577/675 562/732/675 574/733/675
f 562/732/676 442/577/676 563/735/676
f 442/577/676 441/576/676 563/735/676
f 440/575/677 442/577/677 468/607/677
f 442/577/677 575/734/677 468/607/677
f 567/720/678 440/575/678 467/606/678
f 440/575/678 468/607/678 467/606/678
f 452/589/679 563/735/679 450/587/679
f 563/735/679 441/576/679 450/587/679
f 450/587/680 567/720/680 467/606/680
f 450/587/680 467/606/680 576/736/680
f 577/737/681 451/588/681 450/587/681
f 577/737/681 450/587/681 576/736/681
f 453/590/682 452/589/682 437/572/682
f 452/589/682 451/588/682 437/572/682
f 578/738/683 437/572/683 577/737/683
f 437/572/683 451/588/683 577/737/683
f 579/739/684 438/573/684 578/738/684
f 438/573/684 437/572/684 578/738/684
f 566/723/685 453/590/686 439/574/685
f 566/723/685 439/574/685 443/580/685
f 568/722/687 443/580/687 579/739/687
f 443/580/687 438/573/687 579/739/687
f 433/740/688 561/721/689 423/741/690
f 561/721/689 568/722/690 423/741/690
f 433/742/691 432/593/691 561/709/691
f 432/593/691 455/592/691 561/709/691
f 431/596/692 457/595/692 454/591/692
f 431/596/692 454/591/692 432/593/692
f 431/596/693 460/599/693 456/594/693
f 460/599/693 459/598/693 456/594/693
f 460/599/694 463/602/694 462/601/694
f 460/599/694 462/601/694 458/597/694
f 430/743/695 569/727/695 461/600/695
f 430/743/695 461/600/695 463/602/695
f 430/743/696 429/744/696 569/727/696
f 429/744/696 570/728/696 569/727/696
f 560/745/697 572/730/698 429/744/699
f 572/730/698 571/729/697 429/744/699
f 570/728/700 429/744/700 571/729/700
f 560/745/701 466/605/701 573/731/701
f 466/605/701 465/604/701 573/731/701
f 572/730/702 560/745/702 573/731/702
f 466/605/703 559/746/703 575/734/703
f 466/605/703 575/734/703 464/603/703
f 559/746/704 427/608/704 575/734/704
f 427/608/704 468/607/704 575/734/704
f 426/747/705 576/736/705 427/608/705
f 576/736/705 467/606/705 427/608/705
f 424/748/706 577/737/706 576/736/706
f 424/748/706 576/736/706 426/747/706
f 423/741/707 579/739/707 424/748/708
f 579/739/707 578/738/707 424/748/708
f 577/737/709 424/748/709 578/738/709
f 579/739/710 423/741/710 568/722/710
f 580/749/637 581/750/636 472/612/432
f 580/749/637 472/612/432 474/614/546
f 522/751/279 582/752/278 523/753/277
f 521/754/711 522/751/279 523/753/277
f 583/755/278 521/754/711 523/753/277
f 584/756/278 583/755/278 523/753/277
f 526/757/278 584/756/278 523/753/277
f 585/758/278 526/757/278 523/753/277
f 525/759/278 585/758/278 523/753/277
f 586/760/278 525/759/278 523/753/277
f 477/617/430 475/615/431 470/610/712
f 477/617/430 470/610/712 469/609/565
f 470/610/712 475/615/431 473/613/545
f 587/761/567 478/618/567 588/762/713
f 587/761/567 588/762/713 589/763/714
f 478/618/567 587/761/567 476/616/566
f 589/763/715 588/762/715 481/621/715
f 588/762/715 479/619/715 481/621/715
f 485/625/716 590/764/716 483/623/716
f 590/764/716 482/622/716 483/623/716
f 482/622/717 590/764/717 480/620/717
f 486/626/573 484/624/571 491/631/718
f 486/626/573 491/631/718 537/765/573
f 487/627/574 537/765/573 491/631/718
f 487/627/574 489/629/576 537/765/573
f 488/628/575 542/766/719 489/629/576
f 581/750/636 542/766/719 488/628/575
f 581/750/636 580/749/637 542/766/719
f 591/767/720 592/768/720 479/619/720
f 592/768/720 482/622/720 479/619/720
f 593/769/628 594/770/628 592/768/628
f 492/632/628 593/769/628 592/768/628
f 595/771/628 492/632/628 592/768/628
f 596/772/628 595/771/628 592/768/628
f 597/773/628 596/772/628 592/768/628
f 490/630/628 597/773/628 592/768/628
f 598/774/628 490/630/628 592/768/628
f 471/611/628 598/774/628 592/768/628
f 599/775/628 471/611/628 592/768/628
f 600/776/628 599/775/628 592/768/628
f 601/777/628 600/776/628 592/768/628
f 591/767/628 601/777/628 592/768/628
f 487/627/721 492/632/721 595/771/721
f 595/771/722 596/772/722 487/627/722
f 596/772/722 488/628/722 487/627/722
f 469/609/627 471/611/627 599/775/627
f 599/775/618 600/776/618 469/609/618
f 600/776/618 478/618/618 469/609/618
f 592/768/723 594/770/724 482/622/723
f 594/770/724 483/623/723 482/622/723
f 596/772/446 597/773/446 581/750/446
f 596/772/446 581/750/446 488/628/446
f 597/773/725 490/630/725 581/750/725
f 490/630/725 472/612/725 581/750/725
f 594/770/726 593/769/726 483/623/727
f 593/769/726 484/624/726 483/623/727
f 600/776/728 601/777/728 478/618/728
f 601/777/728 588/762/728 478/618/728
f 593/769/729 492/632/729 484/624/729
f 492/632/729 491/631/729 484/624/729
f 473/613/730 490/630/730 598/774/730
f 591/767/731 479/619/731 601/777/731
f 479/619/731 588/762/731 601/777/731
f 598/774/323 471/611/325 470/610/325
f 598/774/323 470/610/325 473/613/323
f 494/634/732 493/633/732 498/638/732
f 493/633/732 496/636/732 498/638/732
f 602/778/733 495/635/733 519/779/733
f 528/668/734 495/635/734 603/780/734
f 495/635/734 602/778/734 603/780/734
f 497/637/735 501/641/735 498/638/735
f 502/642/736 503/643/736 500/640/736
f 504/644/737 604/781/737 505/645/737
f 509/649/738 510/650/738 508/648/738
f 513/653/739 516/656/739 512/652/739
f 605/782/740 515/655/740 514/654/740
f 520/660/741 515/655/741 605/782/741
f 602/783/742 519/659/742 518/658/742
f 521/661/743 583/784/743 519/779/743
f 521/661/743 519/779/743 495/635/743
f 603/785/744 602/783/744 540/685/745
f 602/783/744 518/658/744 540/685/745
f 527/667/746 493/633/746 528/668/746
f 493/633/746 495/635/746 528/668/746
f 494/634/747 521/661/747 495/635/747
f 530/671/748 496/636/748 493/633/748
f 530/671/748 493/633/748 527/667/748
f 529/670/749 497/637/750 530/671/751
f 497/637/750 496/636/749 530/671/751
f 498/638/752 522/662/752 521/661/752
f 606/786/753 501/641/753 529/670/753
f 501/641/753 497/637/753 529/670/753
f 522/662/754 501/641/754 500/640/754
f 522/662/754 500/640/754 582/787/754
f 532/674/755 499/639/755 606/786/755
f 499/639/755 501/641/755 606/786/755
f 531/673/756 502/642/756 499/639/756
f 531/673/756 499/639/756 532/674/756
f 582/787/757 500/640/757 503/643/757
f 582/787/757 503/643/757 523/663/757
f 607/788/758 503/643/758 502/642/758
f 607/788/758 502/642/758 531/673/758
f 504/644/759 503/643/759 608/789/759
f 503/643/759 607/788/759 608/789/759
f 586/790/760 523/663/760 505/645/760
f 586/790/760 505/645/760 604/781/760
f 609/791/761 604/781/761 608/789/761
f 604/781/761 504/644/761 608/789/761
f 610/792/762 611/793/762 609/791/762
f 611/793/762 604/781/762 609/791/762
f 611/793/763 586/790/763 604/781/763
f 586/790/764 611/793/764 524/664/764
f 586/790/764 524/664/764 525/665/764
f 534/677/765 524/664/765 610/792/765
f 524/664/765 611/793/765 610/792/765
f 506/646/766 524/664/766 533/676/766
f 524/664/766 534/677/766 533/676/766
f 507/647/767 506/646/767 612/794/767
f 506/646/767 533/676/767 612/794/767
f 509/649/768 507/647/768 612/794/768
f 509/649/768 612/794/768 613/795/768
f 508/648/769 585/796/769 525/665/769
f 614/797/770 510/650/770 509/649/770
f 614/797/770 509/649/770 613/795/770
f 510/650/771 585/796/771 508/648/771
f 511/651/772 510/650/772 615/798/772
f 510/650/772 614/797/772 615/798/772
f 512/652/773 585/796/773 510/650/773
f 513/653/774 511/651/774 615/798/774
f 513/653/774 615/798/774 536/680/774
f 512/652/775 526/666/775 585/796/775
f 516/656/776 513/653/776 535/679/776
f 513/653/776 536/680/776 535/679/776
f 526/666/777 516/656/777 515/655/777
f 526/666/777 515/655/777 584/799/777
f 514/654/778 516/656/778 539/683/778
f 516/656/778 535/679/778 539/683/778
f 538/682/779 605/782/779 514/654/779
f 538/682/779 514/654/779 539/683/779
f 584/799/780 515/655/780 583/800/780
f 515/655/780 520/660/780 583/800/780
f 541/686/781 520/660/781 538/682/781
f 520/660/781 605/782/781 538/682/781
f 540/685/782 518/658/782 541/686/782
f 518/658/782 520/660/782 541/686/782
f 519/659/783 583/800/783 520/660/783
f 580/801/784 603/785/784 542/687/784
f 603/785/784 540/685/784 542/687/784
f 474/669/785 528/668/785 603/780/785
f 474/669/785 603/780/785 580/802/785
f 475/672/786 530/671/786 527/667/786
f 475/672/786 527/667/786 474/669/786
f 477/803/787 606/786/787 475/672/787
f 606/786/787 529/670/787 475/672/787
f 477/803/788 476/675/788 606/786/788
f 476/675/788 532/674/788 606/786/788
f 587/804/789 607/788/789 531/673/789
f 587/804/789 531/673/789 476/675/789
f 587/804/790 589/805/790 608/789/790
f 587/804/790 608/789/790 607/788/790
f 481/806/791 610/792/791 609/791/791
f 481/806/791 609/791/791 589/805/791
f 608/789/792 589/805/792 609/791/792
f 480/678/793 534/677/793 610/792/793
f 480/678/793 610/792/793 481/806/793
f 480/678/794 590/807/794 612/794/794
f 480/678/794 612/794/794 533/676/794
f 590/807/795 485/808/795 613/795/795
f 590/807/795 613/795/795 612/794/795
f 486/809/796 615/798/797 485/808/798
f 615/798/797 614/797/797 485/808/798
f 613/795/799 485/808/799 614/797/799
f 486/809/800 537/681/800 615/798/800
f 537/681/800 536/680/800 615/798/800
f 537/681/801 489/684/801 539/683/801
f 537/681/801 539/683/801 535/679/801
f 489/684/802 542/687/802 538/682/802
f 542/687/802 541/686/802 538/682/802
f 1/190/178 26/62/61 650/28/26 649/1/1
f 20/191/179 1/190/178 649/1/1 651/22/20
f 26/62/61 101/61/60 652/140/129 650/28/26
f 653/192/182 20/191/179 651/22/20 55/123/122
f 101/61/60 119/63/64 654/159/147 652/140/129
f 119/63/64 653/192/182 55/123/122 654/159/147
f 26/62/61 1/190/178 655/190/181 657/62/62
f 653/192/182 119/63/64 660/63/65 656/192/183
f 28/49/43 46/48/42 662/50/46 661/30/28
f 52/843/826 28/49/43 661/30/28 663/56/51
f 46/48/42 45/58/56 664/57/55 662/50/46
f 45/58/56 52/843/826 663/56/51 664/57/55
f 135/179/162 125/178/161 665/166/153 666/177/160
f 125/178/161 142/844/827 667/185/169 665/166/153
f 136/187/174 135/179/162 666/177/160 668/186/173
f 142/844/827 136/187/174 668/186/173 667/185/169
f 136/187/174 142/844/827 676/844/829 672/187/175
f 142/844/827 125/178/161 671/178/164 676/844/829
f 52/843/826 45/58/56 670/58/57 674/843/828
f 28/49/43 52/843/826 674/843/828 669/49/44
usemtl Material.006
f 57/66/71 62/72/71 146/196/186
f 162/256/233 166/255/232 36/129/125
f 616/810/803 617/811/804 618/812/805
f 619/813/806 620/814/807 621/815/808
f 619/813/806 621/815/808 622/816/809
f 621/815/808 623/817/810 622/816/809
f 624/818/811 625/819/812 626/820/812
f 626/820/812 619/813/806 624/818/811
f 619/813/806 622/816/809 624/818/811
f 623/817/810 627/821/813 628/822/814
f 622/816/809 623/817/810 628/822/814
f 616/810/803 628/822/814 629/823/815
f 629/823/815 628/822/814 627/821/813
f 630/824/816 631/825/817 632/826/816
f 631/825/817 616/810/803 618/812/805
f 632/826/816 631/825/817 618/812/805
f 633/827/818 618/812/805 617/811/804
f 629/823/815 617/811/804 616/810/803
f 634/828/819 636/829/820 635/830/821
f 637/831/822 638/832/822 639/833/822
f 637/831/822 639/833/822 640/834/822
f 641/835/823 642/836/823 643/837/823
f 641/835/823 643/837/823 644/838/823
f 645/839/824 646/840/824 647/841/825
f 646/840/824 648/842/824 647/841/825
f 655/190/181 659/191/180 656/192/183
f 655/190/181 656/192/183 657/62/62
f 658/61/63 657/62/62 656/192/183
f 658/61/63 656/192/183 660/63/65
f 669/49/44 670/58/57 673/48/45
f 674/843/828 670/58/57 669/49/44
f 671/178/164 675/179/163 672/187/175
f 676/844/829 671/178/164 672/187/175
f 677/845/820 678/828/830 679/830/831
