# Blender 5.0.1
# www.blender.org
mtllib YELLOWCARFINAL.mtl
o YELLOWCAR_2
v 0.572488 0.913171 -1.635716
v 0.622937 0.996507 -1.570200
v 0.669617 0.970232 -1.612970
v 0.644248 0.986456 -1.563430
v 0.617145 1.018910 -1.536620
v 0.652997 0.992630 -1.543250
v 0.688848 0.966355 -1.549890
v 0.631258 0.976112 -0.450218
v 0.658725 0.975130 -0.478278
v 0.644253 0.992774 -0.492288
v 0.622874 1.002090 -0.485263
v 0.688848 0.974149 -0.506338
v 0.652997 1.001100 -0.513324
v 0.617145 1.028060 -0.520308
v 0.932411 0.334915 -1.722850
v 0.969175 0.088241 -1.688000
v 0.921661 0.079286 -1.799140
v 0.899260 0.361622 -1.809810
v 0.851303 0.105769 -1.931900
v 0.716841 0.441165 -1.898433
v 0.945952 0.328321 -0.091869
v 0.907401 0.359907 -0.070299
v 0.869151 0.390982 -0.048676
v 0.000000 1.026120 -1.519180
v 0.000000 1.002290 -1.554900
v 0.000000 0.917250 -1.623850
v 0.691733 0.972987 -1.120640
v 0.691733 0.972987 -1.068440
v 0.000000 0.975074 -0.411605
v 0.000000 1.002700 -0.448878
v 0.000000 1.030330 -0.486152
v 0.937653 0.401400 -0.190437
v 0.945978 0.395985 -0.927769
v 0.892692 0.391570 -0.928962
v 0.884381 0.396825 -0.191173
v 0.000000 -0.364673 -1.919140
v 0.000000 0.085012 -1.930320
v 0.831068 -0.362214 -1.914200
v 0.628417 0.932623 -0.433491
v 0.601882 0.940762 -0.394200
v 0.000000 0.936736 -0.396009
v 0.418945 0.931330 -0.434025
v 0.209472 0.930037 -0.434558
v 0.000000 0.928743 -0.435092
v 0.954339 0.324107 -0.994260
v 0.954555 0.323025 -1.050350
v 0.927972 0.405224 -1.618550
v 0.706682 0.915184 -1.530950
v 0.889349 0.403826 -1.611770
v 0.684252 0.916798 -1.523370
v 0.705969 0.923713 -0.514494
v 0.711864 0.928053 -0.997196
v 0.946172 0.392773 -1.125400
v 0.710656 0.928092 -1.182520
v 0.000000 0.358383 -1.927300
v 0.805621 0.437690 -0.064955
v 0.000000 0.423144 -0.062786
v 0.000000 0.376384 -0.048570
v 0.806845 0.424847 -0.108226
v 0.537897 0.419880 -0.107551
v 0.268948 0.414912 -0.106876
v 0.000000 0.409945 -0.106200
v 0.663652 0.927013 -0.996424
v 0.892922 0.388109 -1.126590
v 0.662231 0.926971 -1.181920
v 0.657515 0.922782 -0.513246
v 0.747369 0.594106 -0.216648
v 0.687893 0.763364 -0.325070
v 0.000000 0.112478 0.862337
v 0.384257 0.112478 0.832245
v 0.000000 0.239094 0.687064
v 0.677287 0.244033 0.628477
v 0.000000 0.309420 0.471950
v 0.798006 0.326837 0.321614
v 0.000000 0.375609 0.190647
v 0.917243 0.303981 0.350108
v 0.917243 0.215933 0.609618
v 0.754114 0.084669 0.771990
v 0.000000 -0.363657 0.885206
v 0.454808 -0.363657 0.886514
v 0.760384 -0.363657 0.824565
v 0.988745 0.274474 0.291332
v 1.002140 0.186314 0.528448
v 0.940026 -0.003855 0.685759
v 0.898620 -0.357492 0.702606
v 0.969997 -0.357854 0.561594
v 0.990463 -0.185518 0.540506
v 1.036230 -0.020161 0.367050
v 1.033720 0.064181 0.129074
v 1.005510 0.110103 -0.125545
v 1.015550 0.109866 -0.933077
v 0.934819 -0.359358 -0.945169
v 1.016650 0.109871 -0.997265
v 0.931790 -0.361345 -0.863269
v 0.888216 -0.363657 -1.699170
v 0.973515 -0.358263 0.402383
v 0.911888 -0.359033 0.102161
v 0.918522 -0.359804 -0.198062
v 0.925156 -0.360574 -0.498284
v 0.907018 -0.363657 -1.788790
v -0.572488 0.913171 -1.635716
v -0.669617 0.970232 -1.612970
v -0.622937 0.996507 -1.570200
v -0.644248 0.986456 -1.563430
v -0.617145 1.018910 -1.536620
v -0.652997 0.992630 -1.543250
v -0.688848 0.966355 -1.549890
v -0.631258 0.976112 -0.450218
v -0.622874 1.002090 -0.485263
v -0.644253 0.992774 -0.492288
v -0.658725 0.975130 -0.478278
v -0.688848 0.974149 -0.506338
v -0.652997 1.001100 -0.513324
v -0.617145 1.028060 -0.520308
v -0.932411 0.334915 -1.722850
v -0.899260 0.361622 -1.809810
v -0.921661 0.079286 -1.799140
v -0.969175 0.088241 -1.688000
v -0.716841 0.441165 -1.898433
v -0.851303 0.105769 -1.931900
v -0.945952 0.328321 -0.091869
v -0.907401 0.359907 -0.070299
v -0.869151 0.390982 -0.048676
v -0.691733 0.972987 -1.120640
v -0.691733 0.972987 -1.068440
v -0.937653 0.401400 -0.190437
v -0.884381 0.396825 -0.191173
v -0.892692 0.391570 -0.928962
v -0.945978 0.395985 -0.927769
v -0.831068 -0.362214 -1.914200
v -0.601882 0.940762 -0.394200
v -0.628417 0.932623 -0.433491
v -0.418945 0.931330 -0.434025
v -0.209472 0.930037 -0.434558
v -0.954555 0.323025 -1.050350
v -0.954339 0.324107 -0.994260
v -0.927972 0.405224 -1.618550
v -0.889349 0.403826 -1.611770
v -0.706682 0.915184 -1.530950
v -0.684252 0.916798 -1.523370
v -0.705969 0.923713 -0.514494
v -0.711864 0.928053 -0.997196
v -0.946172 0.392773 -1.125400
v -0.710656 0.928092 -1.182520
v -0.805621 0.437690 -0.064955
v -0.268948 0.414912 -0.106876
v -0.537897 0.419880 -0.107551
v -0.806845 0.424847 -0.108226
v -0.663652 0.927013 -0.996424
v -0.892922 0.388109 -1.126590
v -0.662231 0.926971 -1.181920
v -0.657515 0.922782 -0.513246
v -0.747369 0.594106 -0.216648
v -0.687893 0.763364 -0.325070
v -0.384257 0.112478 0.832245
v -0.677287 0.244033 0.628477
v -0.798006 0.326837 0.321614
v -0.917243 0.303981 0.350108
v -0.917243 0.215933 0.609618
v -0.754114 0.084669 0.771990
v -0.454808 -0.363657 0.886514
v -0.760384 -0.363657 0.824565
v -0.988745 0.274474 0.291332
v -1.002140 0.186314 0.528448
v -0.940026 -0.003855 0.685759
v -0.898620 -0.357492 0.702606
v -0.969997 -0.357854 0.561594
v -0.990463 -0.185518 0.540506
v -1.036230 -0.020161 0.367050
v -1.033720 0.064181 0.129074
v -1.005510 0.110103 -0.125545
v -1.015550 0.109866 -0.933077
v -0.934819 -0.359358 -0.945169
v -0.931790 -0.361345 -0.863269
v -1.016650 0.109871 -0.997265
v -0.888216 -0.363657 -1.699170
v -0.973515 -0.358263 0.402383
v -0.911888 -0.359033 0.102161
v -0.918522 -0.359804 -0.198062
v -0.925156 -0.360574 -0.498284
v -0.907018 -0.363657 -1.788790
v 1.008470 -0.115420 -1.019980
v 1.042140 -0.057470 -1.040060
v 1.008470 -0.009230 -1.033960
v 1.027430 -0.219939 -1.040190
v 1.008470 -0.470737 -1.225120
v 1.043000 -0.427091 -1.191110
v 1.008470 -0.405535 -1.140150
v 1.024510 -0.507925 -1.325090
v 1.008470 -0.470737 -1.635400
v 1.040290 -0.483703 -1.574450
v 1.008470 -0.511724 -1.536450
v 1.027960 -0.406819 -1.711010
v 1.008470 -0.115420 -1.840550
v 1.042110 -0.164015 -1.820620
v 1.008470 -0.221609 -1.826570
v 0.781805 -0.227145 -1.583210
v 0.850446 -0.192013 -1.603490
v 0.781805 -0.135703 -1.618580
v 0.850446 -0.095136 -1.618580
v 0.781805 -0.066766 -1.611840
v 0.781776 0.057810 -1.353670
v 0.850446 0.037528 -1.318540
v 0.781841 -0.003693 -1.277320
v 0.781811 0.003399 -1.577770
v 0.781700 0.181232 -1.643880
v 0.781745 0.032574 -1.764740
v 0.781792 0.072899 -1.450540
v 0.780866 0.240898 -1.376720
v 0.781133 0.232398 -1.523060
v 0.781805 -0.234239 -1.282760
v 0.781805 -0.372134 -1.173550
v 0.781754 -0.255009 -1.093260
v 0.781763 -0.255012 -1.767270
v 0.781744 -0.406521 -1.653630
v 0.781805 -0.115420 -1.793310
v 0.781805 -0.302571 -1.459410
v 0.850446 -0.292072 -1.498590
v 0.781805 -0.278218 -1.524250
v 1.028230 0.165077 -1.721150
v 1.040760 0.080744 -1.770030
v 1.008470 0.089723 -1.785580
v 1.007050 0.270530 -1.317280
v 1.027320 0.226771 -1.217410
v 1.041780 0.263341 -1.370030
v 1.025790 -0.015103 -1.822920
v 1.040760 -0.311583 -1.770030
v 1.083660 -0.342860 -1.657700
v 1.027960 -0.311181 -1.076130
v 1.083630 -0.237855 -1.134680
v 1.083720 -0.021705 -1.121100
v 1.027430 0.086499 -1.080530
v 1.026580 0.267716 -1.534950
v 1.083220 0.180039 -1.546200
v 1.027900 0.228780 -1.637810
v 1.083620 0.086475 -1.677390
v 0.833222 -0.315628 -1.783380
v 0.834758 -0.215357 -1.823970
v 0.834758 -0.464481 -1.637990
v 0.836976 -0.400863 -1.719890
v 0.836156 -0.522493 -1.432410
v 0.781745 -0.479063 -1.469430
v 0.834757 -0.506351 -1.540570
v 0.833222 -0.468539 -1.230050
v 0.781763 -0.452426 -1.290670
v 0.832824 -0.507219 -1.327500
v 0.834773 0.171810 -1.142710
v 0.781783 0.114349 -1.145570
v 0.836131 0.086265 -1.076660
v 0.830343 0.280430 -1.430030
v 0.832180 0.268700 -1.321800
v 0.781805 -0.302571 -0.138489
v 0.850446 -0.292072 -0.177673
v 0.781805 -0.278218 -0.203332
v 0.781805 -0.164073 -0.290918
v 0.781755 -0.247373 -0.450464
v 0.781805 -0.227145 -0.262288
v 0.781745 -0.400249 -0.338780
v 0.781805 -0.466098 -0.203305
v 0.781754 -0.477065 -0.061729
v 0.781805 -0.292072 -0.041008
v 0.782066 -0.140235 0.077919
v 0.786722 -0.209384 0.241338
v 0.789947 -0.065227 0.253477
v 0.781751 -0.047225 0.067368
v 0.781805 0.017504 0.023583
v 0.781545 0.171969 0.115299
v 0.781805 0.057811 -0.032747
v 0.781805 0.235259 -0.015376
v 0.781706 0.061232 -0.177675
v 0.780665 0.171909 -0.336639
v 0.781883 0.003402 -0.256843
v 0.850446 -0.192013 -0.282571
v 0.850446 0.071732 -0.138489
v 0.781805 0.072563 -0.109340
v 1.008470 -0.320562 -0.464658
v 1.025790 -0.224874 -0.499553
v 1.040760 -0.311583 -0.449106
v 1.008470 -0.405535 -0.399456
v 1.042110 -0.429180 -0.346602
v 1.008470 -0.470737 -0.314483
v 1.008470 -0.525704 -0.109341
v 1.025790 -0.508081 -0.209657
v 1.042110 -0.505774 -0.060745
v 1.008470 -0.511724 -0.003151
v 1.030880 -0.464153 0.091952
v 1.040660 -0.392837 0.168076
v 1.008270 -0.405535 0.180774
v 1.033360 -0.015351 0.283017
v 1.041150 0.120688 0.207256
v 1.010350 0.089723 0.245976
v 1.008470 0.174695 0.180774
v 1.029550 0.232536 0.094204
v 1.042110 0.274786 -0.051208
v 1.008470 0.280885 -0.003151
v 1.007780 0.295737 -0.109009
v 1.004660 0.244052 -0.311869
v 1.022730 0.280699 -0.208018
v 1.038770 0.197820 -0.351034
v 1.008470 -0.320562 -1.785580
v 1.008470 -0.009230 -0.505645
v 1.027690 0.084673 -0.460895
v 1.042990 -0.063450 -0.498809
v 1.083740 -0.267481 -0.394370
v 1.083630 -0.411007 -0.231776
v 1.083620 -0.367479 0.084715
v 1.037440 -0.115521 0.293701
v 1.083680 -0.035776 0.203622
v 1.083460 0.201989 -0.151622
v 0.833222 -0.315628 -0.462459
v 0.836976 -0.217807 -0.502889
v 0.833222 -0.465364 -0.315047
v 0.836976 -0.400863 -0.398970
v 0.833222 -0.508324 -0.007349
v 0.834757 -0.521580 -0.114709
v 0.846457 -0.008373 0.282757
v 0.853051 -0.115273 0.298330
v 0.833113 0.280016 -0.215021
v 0.781481 0.246314 -0.168530
v 0.834556 0.291625 -0.111349
v 0.832910 0.178375 -0.390843
v 0.830280 0.240487 -0.308257
v 0.833214 -0.007191 -0.500572
v 0.781845 0.023178 -0.446763
v 0.834420 0.093165 -0.457806
v 1.030880 -0.518075 -1.430260
v 0.850446 -0.164073 -1.248680
v 0.781805 -0.164073 -1.248680
v 0.850446 -0.086271 -1.243110
v 0.781805 -0.095136 -1.241940
v 0.850446 -0.248344 -1.563190
v 0.850446 -0.227145 -1.277310
v 0.850446 0.066158 -1.381610
v 0.850446 0.071732 -1.459410
v 0.850446 -0.288650 -1.353670
v 0.781805 -0.292072 -1.361930
v 0.850446 -0.003695 -1.583210
v 0.850446 -0.303402 -1.430260
v 0.850446 -0.021428 -1.267460
v 0.850446 0.047378 -1.524250
v 0.781805 0.047378 -1.524250
v 0.781461 0.197422 -1.247350
v 0.781744 -0.067526 -1.066480
v 0.836976 -0.112460 -1.836900
v 1.082680 0.196075 -1.386760
v 1.083470 0.142847 -1.243220
v 1.083790 -0.115417 -1.754980
v 1.083620 -0.430557 -1.479340
v 1.083760 -0.400411 -1.278220
v 1.007250 0.282728 -1.424000
v 0.834701 -0.009361 -1.822420
v 0.836976 -0.405049 -1.144820
v 0.833222 -0.321126 -1.080320
v 0.836156 -0.218707 -1.036500
v 0.834757 -0.110051 -1.024100
v 0.835023 -0.010456 -1.038530
v 1.027850 0.164727 -1.137820
v 0.833659 0.232931 -1.224740
v 0.830173 0.268834 -1.533520
v 0.833590 0.234830 -1.631220
v 0.834167 0.172301 -1.716340
v 0.834693 0.088562 -1.781580
v 0.781805 -0.115420 -0.472390
v 0.781805 -0.086271 -0.296492
v 1.083580 -0.430619 -0.060248
v 1.083310 -0.242202 0.184212
v 1.083830 0.159055 0.060492
v 1.083200 0.133286 -0.308602
v 1.083720 -0.028684 -0.419396
v 0.781805 -0.429830 0.072184
v 0.781526 -0.332605 0.184437
v 0.781813 -0.231098 0.041411
v 0.784008 0.066105 0.205070
v 0.850446 -0.140222 0.079053
v 0.850446 -0.038826 0.063890
v 0.850446 0.017504 0.023583
v 0.850446 0.061233 -0.041008
v 0.850446 -0.230412 0.040521
v 0.850446 -0.288650 -0.032747
v 0.850446 -0.303402 -0.109341
v 0.850446 -0.248344 -0.242265
v 0.850446 -0.095136 -0.297659
v 0.850446 -0.003695 -0.262288
v 0.850446 0.047378 -0.203332
v 1.008470 -0.115420 -0.519625
v 0.834701 -0.114473 -0.515586
v 1.025460 -0.312513 0.244875
v 1.006020 0.177010 -0.397360
v 0.836976 -0.507436 -0.217445
v 0.838399 -0.468259 0.094406
v 0.831055 -0.401773 0.176727
v 0.836526 -0.319288 0.242281
v 0.844201 -0.221758 0.283028
v 1.031380 -0.216690 0.282857
v 0.839048 0.089085 0.241814
v 0.831497 0.171024 0.176622
v 0.836156 0.238188 0.092339
v 0.836873 0.278267 -0.007379
v -1.008470 -0.115420 -1.019980
v -1.008470 -0.009230 -1.033960
v -1.042140 -0.057470 -1.040060
v -1.027430 -0.219939 -1.040190
v -1.008470 -0.470737 -1.225120
v -1.008470 -0.405535 -1.140150
v -1.043000 -0.427091 -1.191110
v -1.024510 -0.507925 -1.325090
v -1.008470 -0.470737 -1.635400
v -1.008470 -0.511724 -1.536450
v -1.040290 -0.483703 -1.574450
v -1.027960 -0.406819 -1.711010
v -1.008470 -0.115420 -1.840550
v -1.008470 -0.221609 -1.826570
v -1.042110 -0.164015 -1.820620
v -0.781805 -0.227145 -1.583210
v -0.781805 -0.135703 -1.618580
v -0.850446 -0.192013 -1.603490
v -0.781805 -0.066766 -1.611840
v -0.850446 -0.095136 -1.618580
v -0.781776 0.057810 -1.353670
v -0.781841 -0.003693 -1.277320
v -0.850446 0.037528 -1.318540
v -0.781811 0.003399 -1.577770
v -0.781745 0.032574 -1.764740
v -0.781700 0.181232 -1.643880
v -0.781792 0.072899 -1.450540
v -0.781133 0.232398 -1.523060
v -0.780866 0.240898 -1.376720
v -0.781805 -0.234239 -1.282760
v -0.781754 -0.255009 -1.093260
v -0.781805 -0.372134 -1.173550
v -0.781744 -0.406521 -1.653630
v -0.781763 -0.255012 -1.767270
v -0.781805 -0.115420 -1.793310
v -0.781805 -0.302571 -1.459410
v -0.781805 -0.278218 -1.524250
v -0.850446 -0.292072 -1.498590
v -1.028230 0.165077 -1.721150
v -1.008470 0.089723 -1.785580
v -1.040760 0.080744 -1.770030
v -1.007050 0.270530 -1.317280
v -1.041780 0.263341 -1.370030
v -1.027320 0.226771 -1.217410
v -1.025790 -0.015103 -1.822920
v -1.040760 -0.311583 -1.770030
v -1.083660 -0.342860 -1.657700
v -1.027960 -0.311181 -1.076130
v -1.083630 -0.237855 -1.134680
v -1.027430 0.086499 -1.080530
v -1.083720 -0.021705 -1.121100
v -1.026580 0.267716 -1.534950
v -1.027900 0.228780 -1.637810
v -1.083220 0.180039 -1.546200
v -1.083620 0.086475 -1.677390
v -0.833222 -0.315628 -1.783380
v -0.834758 -0.215357 -1.823970
v -0.834758 -0.464481 -1.637990
v -0.836976 -0.400863 -1.719890
v -0.836156 -0.522493 -1.432410
v -0.834757 -0.506351 -1.540570
v -0.781745 -0.479063 -1.469430
v -0.833222 -0.468539 -1.230050
v -0.832824 -0.507219 -1.327500
v -0.781763 -0.452426 -1.290670
v -0.834773 0.171810 -1.142710
v -0.836131 0.086265 -1.076660
v -0.781783 0.114349 -1.145570
v -0.830343 0.280430 -1.430030
v -0.832180 0.268700 -1.321800
v -0.781805 -0.302571 -0.138489
v -0.781805 -0.278218 -0.203332
v -0.850446 -0.292072 -0.177673
v -0.781805 -0.164073 -0.290918
v -0.781805 -0.227145 -0.262288
v -0.781755 -0.247373 -0.450464
v -0.781745 -0.400249 -0.338780
v -0.781754 -0.477065 -0.061729
v -0.781805 -0.466098 -0.203305
v -0.781805 -0.292072 -0.041008
v -0.782066 -0.140235 0.077919
v -0.789947 -0.065227 0.253477
v -0.786722 -0.209384 0.241338
v -0.781751 -0.047225 0.067368
v -0.781805 0.017504 0.023583
v -0.781805 0.057811 -0.032747
v -0.781545 0.171969 0.115299
v -0.781805 0.235259 -0.015376
v -0.781706 0.061232 -0.177675
v -0.781883 0.003402 -0.256843
v -0.780665 0.171909 -0.336639
v -0.850446 -0.192013 -0.282571
v -0.781805 0.072563 -0.109340
v -0.850446 0.071732 -0.138489
v -1.008470 -0.320562 -0.464658
v -1.040760 -0.311583 -0.449106
v -1.025790 -0.224874 -0.499553
v -1.008470 -0.405535 -0.399456
v -1.008470 -0.470737 -0.314483
v -1.042110 -0.429180 -0.346602
v -1.008470 -0.525704 -0.109341
v -1.042110 -0.505774 -0.060745
v -1.025790 -0.508081 -0.209657
v -1.008470 -0.511724 -0.003151
v -1.030880 -0.464153 0.091952
v -1.008270 -0.405535 0.180774
v -1.040660 -0.392837 0.168076
v -1.033360 -0.015351 0.283017
v -1.010350 0.089723 0.245976
v -1.041150 0.120688 0.207256
v -1.008470 0.174695 0.180774
v -1.029550 0.232536 0.094204
v -1.008470 0.280885 -0.003151
v -1.042110 0.274786 -0.051208
v -1.007780 0.295737 -0.109009
v -1.004660 0.244052 -0.311869
v -1.038770 0.197820 -0.351034
v -1.022730 0.280699 -0.208018
v -1.008470 -0.320562 -1.785580
v -1.008470 -0.009230 -0.505645
v -1.042990 -0.063450 -0.498809
v -1.027690 0.084673 -0.460895
v -1.083740 -0.267481 -0.394370
v -1.083630 -0.411007 -0.231776
v -1.083620 -0.367479 0.084715
v -1.037440 -0.115521 0.293701
v -1.083680 -0.035776 0.203622
v -1.083460 0.201989 -0.151622
v -0.833222 -0.315628 -0.462459
v -0.836976 -0.217807 -0.502889
v -0.833222 -0.465364 -0.315047
v -0.836976 -0.400863 -0.398970
v -0.833222 -0.508324 -0.007349
v -0.834757 -0.521580 -0.114709
v -0.846457 -0.008373 0.282757
v -0.853051 -0.115273 0.298330
v -0.833113 0.280016 -0.215021
v -0.834556 0.291625 -0.111349
v -0.781481 0.246314 -0.168530
v -0.832910 0.178375 -0.390843
v -0.830280 0.240487 -0.308257
v -0.833214 -0.007191 -0.500572
v -0.834420 0.093165 -0.457806
v -0.781845 0.023178 -0.446763
v -1.030880 -0.518075 -1.430260
v -0.850446 -0.164073 -1.248680
v -0.850446 -0.086271 -1.243110
v -0.781805 -0.164073 -1.248680
v -0.781805 -0.095136 -1.241940
v -0.850446 -0.248344 -1.563190
v -0.850446 -0.227145 -1.277310
v -0.850446 0.066158 -1.381610
v -0.850446 0.071732 -1.459410
v -0.850446 -0.288650 -1.353670
v -0.781805 -0.292072 -1.361930
v -0.850446 -0.003695 -1.583210
v -0.850446 -0.303402 -1.430260
v -0.850446 -0.021428 -1.267460
v -0.850446 0.047378 -1.524250
v -0.781805 0.047378 -1.524250
v -0.781461 0.197422 -1.247350
v -0.781744 -0.067526 -1.066480
v -0.836976 -0.112460 -1.836900
v -1.083470 0.142847 -1.243220
v -1.082680 0.196075 -1.386760
v -1.083760 -0.400411 -1.278220
v -1.083620 -0.430557 -1.479340
v -1.083790 -0.115417 -1.754980
v -1.007250 0.282728 -1.424000
v -0.834701 -0.009361 -1.822420
v -0.836976 -0.405049 -1.144820
v -0.833222 -0.321126 -1.080320
v -0.836156 -0.218707 -1.036500
v -0.834757 -0.110051 -1.024100
v -0.835023 -0.010456 -1.038530
v -1.027850 0.164727 -1.137820
v -0.833659 0.232931 -1.224740
v -0.830173 0.268834 -1.533520
v -0.833590 0.234830 -1.631220
v -0.834167 0.172301 -1.716340
v -0.834693 0.088562 -1.781580
v -0.781805 -0.115420 -0.472390
v -0.781805 -0.086271 -0.296492
v -1.083580 -0.430619 -0.060248
v -1.083720 -0.028684 -0.419396
v -1.083200 0.133286 -0.308602
v -1.083830 0.159055 0.060492
v -1.083310 -0.242202 0.184212
v -0.781805 -0.429830 0.072184
v -0.781813 -0.231098 0.041411
v -0.781526 -0.332605 0.184437
v -0.784008 0.066105 0.205070
v -0.850446 -0.140222 0.079053
v -0.850446 -0.038826 0.063890
v -0.850446 0.061233 -0.041008
v -0.850446 0.017504 0.023583
v -0.850446 0.047378 -0.203332
v -0.850446 -0.003695 -0.262288
v -0.850446 -0.095136 -0.297659
v -0.850446 -0.248344 -0.242265
v -0.850446 -0.303402 -0.109341
v -0.850446 -0.288650 -0.032747
v -0.850446 -0.230412 0.040521
v -1.008470 -0.115420 -0.519625
v -0.834701 -0.114473 -0.515586
v -1.025460 -0.312513 0.244875
v -1.006020 0.177010 -0.397360
v -0.836976 -0.507436 -0.217445
v -0.838399 -0.468259 0.094406
v -0.831055 -0.401773 0.176727
v -0.836526 -0.319288 0.242281
v -0.844201 -0.221758 0.283028
v -1.031380 -0.216690 0.282857
v -0.839048 0.089085 0.241814
v -0.831497 0.171024 0.176622
v -0.836156 0.238188 0.092339
v -0.836873 0.278267 -0.007379
v -0.287497 0.397221 -0.064282
v -0.436810 0.942413 -0.422154
v -0.687893 0.763364 -0.325070
v 0.687893 0.763364 -0.325070
v 0.631307 0.933824 -0.432528
v 0.436810 0.942413 -0.422154
v 0.287497 0.397221 -0.064282
v 0.223919 0.947872 -0.414563
v 0.554182 0.412264 -0.089535
v 0.806845 0.424847 -0.108226
v 0.747369 0.594106 -0.216648
v 0.000000 0.946489 -0.415134
v 0.000000 0.391911 -0.063560
v -0.223919 0.947872 -0.414563
v -0.806845 0.424847 -0.108226
v -0.554182 0.412264 -0.089535
v -0.747369 0.594106 -0.216648
v -0.631307 0.933824 -0.432528
v -0.884381 0.396825 -0.191173
v -0.892692 0.391570 -0.928962
v -0.657515 0.922782 -0.513246
v -0.663652 0.927013 -0.996424
v -0.684252 0.916798 -1.523370
v -0.889349 0.403826 -1.611770
v -0.892922 0.388109 -1.126590
v -0.662231 0.926971 -1.181920
v 0.684252 0.916798 -1.523370
v 0.662231 0.926971 -1.181920
v 0.892922 0.388109 -1.126590
v 0.889349 0.403826 -1.611770
v 0.884381 0.396825 -0.191173
v 0.657515 0.922782 -0.513246
v 0.892692 0.391570 -0.928962
v 0.663652 0.927013 -0.996424
v 0.626177 0.974108 -1.603790
v 0.000000 0.978471 -1.590630
v 0.806968 0.382827 -1.932540
v -0.626177 0.974108 -1.603790
v 0.000000 0.419435 -1.893749
v -0.806968 0.382827 -1.932540
v 0.572488 0.887400 -1.588502
v -0.000000 0.393664 -1.846535
v -0.000000 0.891479 -1.576636
v -0.572488 0.887400 -1.588502
v 0.716841 0.415394 -1.851219
v -0.716841 0.415394 -1.851219
vn 0.1694 0.7415 -0.6493
vn 0.1763 0.8548 -0.4881
vn 0.6484 0.6347 -0.4204
vn 0.3883 0.8639 -0.3208
vn 0.2724 0.9276 -0.2558
vn 0.5292 0.8339 -0.1569
vn 0.7592 0.6393 -0.1222
vn 0.3440 0.7235 0.5985
vn 0.5610 0.6738 0.4809
vn 0.4711 0.7478 0.4678
vn 0.2582 0.7981 0.5445
vn 0.7250 0.6456 0.2399
vn 0.5373 0.8074 0.2437
vn 0.2828 0.9234 0.2596
vn 0.9514 0.2246 -0.2109
vn 0.9885 0.0011 -0.1514
vn 0.9237 -0.0040 -0.3831
vn 0.8477 0.2763 -0.4528
vn 0.5135 0.0105 -0.8580
vn 0.3899 0.2878 -0.8747
vn 0.8764 0.4700 0.1055
vn 0.5642 0.7622 0.3174
vn 0.3637 0.8319 0.4192
vn -0.0000 0.9577 -0.2878
vn -0.0000 0.8317 -0.5552
vn -0.0000 0.6766 -0.7363
vn 0.7731 0.6341 0.0181
vn 0.7758 0.6305 -0.0246
vn -0.0000 0.7505 0.6608
vn -0.0000 0.8050 0.5932
vn -0.0000 0.9477 0.3191
vn -0.0839 0.9964 -0.0082
vn -0.0840 0.9964 -0.0082
vn -0.0000 -0.0315 -0.9995
vn -0.0000 -0.0140 -0.9999
vn 0.4978 -0.0461 -0.8661
vn -0.6137 -0.7890 -0.0287
vn -0.4547 -0.8897 0.0416
vn -0.0000 -0.9791 0.2035
vn 0.0057 -0.9791 0.2035
vn 0.0057 -0.9791 0.2034
vn 0.9562 0.2923 -0.0160
vn 0.9611 0.2763 -0.0005
vn 0.2282 -0.0720 0.9710
vn 0.2282 -0.0720 0.9709
vn 0.9472 0.3060 0.0953
vn 0.8962 0.4310 0.1052
vn 0.9268 0.3695 -0.0669
vn 0.9160 0.3882 -0.1014
vn 0.9645 0.2466 -0.0947
vn 0.9676 0.2425 -0.0698
vn 0.9667 0.2499 0.0548
vn 0.9231 0.3803 0.0562
vn 0.5033 -0.0815 -0.8603
vn -0.0000 -0.2844 -0.9587
vn -0.0006 -0.2837 -0.9589
vn 0.5199 -0.1444 -0.8420
vn 0.2854 0.6396 -0.7138
vn 0.6732 0.6943 -0.2546
vn 0.2112 0.6632 0.7180
vn 0.1940 0.4830 0.8539
vn -0.0000 0.6931 0.7209
vn -0.0000 0.3077 0.9515
vn -0.0000 0.7780 0.6283
vn -0.0000 0.9577 -0.2879
vn -0.0182 0.9575 -0.2879
vn -0.0107 0.1226 0.9924
vn -0.0640 0.9975 0.0301
vn -0.0031 -0.9994 0.0334
vn 0.0113 -0.0992 -0.9950
vn 0.0253 -0.8446 -0.5347
vn 0.0237 -0.5170 -0.8556
vn 0.0249 -0.8954 -0.4446
vn 0.0202 -0.9998 -0.0086
vn 0.0203 -0.9998 -0.0086
vn -0.8756 -0.4480 -0.1806
vn -0.4546 -0.8897 0.0417
vn -0.8756 -0.4480 -0.1807
vn -0.0000 0.4831 0.8756
vn 0.0886 0.5312 0.8426
vn -0.0000 0.8652 0.5015
vn 0.0987 0.8717 0.4801
vn -0.0000 0.9412 0.3379
vn 0.1253 0.9695 0.2104
vn -0.0000 0.9852 0.1717
vn 0.3759 0.8965 0.2347
vn 0.4256 0.6879 0.5879
vn 0.3319 0.3835 0.8618
vn -0.0000 0.0833 0.9965
vn 0.1146 0.1077 0.9876
vn 0.3659 0.0913 0.9262
vn 0.8134 0.5762 0.0800
vn 0.8361 0.4211 0.3515
vn 0.7652 0.0942 0.6368
vn 0.7389 -0.0089 0.6738
vn 0.9636 -0.0953 0.2498
vn 0.9727 -0.1006 0.2093
vn 0.9968 -0.0560 0.0564
vn 0.9986 0.0090 -0.0516
vn 0.9969 0.0633 -0.0457
vn 0.9986 0.0512 0.0154
vn 0.6595 -0.7517 -0.0096
vn 0.9991 0.0387 -0.0192
vn 0.6442 -0.7647 0.0132
vn 0.6765 -0.7334 -0.0676
vn 0.6676 -0.7432 -0.0437
vn 0.6285 -0.7770 -0.0346
vn 0.6321 -0.7747 -0.0150
vn 0.6426 -0.7661 0.0103
vn -0.0018 0.2474 -0.9689
vn 0.9442 -0.0786 -0.3198
vn 0.0040 -1.0000 0.0001
vn -0.0000 -1.0000 0.0001
vn 0.0001 -1.0000 0.0002
vn -0.1694 0.7415 -0.6493
vn -0.6484 0.6347 -0.4204
vn -0.1763 0.8548 -0.4881
vn -0.3883 0.8639 -0.3208
vn -0.2723 0.9276 -0.2558
vn -0.5292 0.8339 -0.1569
vn -0.7592 0.6393 -0.1222
vn -0.3440 0.7235 0.5985
vn -0.2582 0.7981 0.5445
vn -0.4711 0.7478 0.4678
vn -0.5610 0.6738 0.4809
vn -0.7250 0.6457 0.2399
vn -0.5373 0.8074 0.2437
vn -0.2828 0.9234 0.2596
vn -0.9514 0.2246 -0.2109
vn -0.8477 0.2763 -0.4528
vn -0.9237 -0.0040 -0.3831
vn -0.9885 0.0011 -0.1514
vn -0.3899 0.2878 -0.8747
vn -0.5135 0.0105 -0.8580
vn -0.8764 0.4700 0.1055
vn -0.5642 0.7622 0.3174
vn -0.3637 0.8319 0.4192
vn -0.7731 0.6341 0.0181
vn -0.7758 0.6305 -0.0246
vn 0.0840 0.9964 -0.0082
vn 0.0839 0.9964 -0.0082
vn -0.4978 -0.0461 -0.8661
vn 0.4547 -0.8897 0.0416
vn 0.6137 -0.7890 -0.0287
vn -0.0057 -0.9791 0.2035
vn -0.9611 0.2763 -0.0005
vn -0.9562 0.2923 -0.0160
vn -0.2282 -0.0720 0.9710
vn -0.2282 -0.0720 0.9709
vn -0.9472 0.3060 0.0953
vn -0.8962 0.4310 0.1052
vn -0.9268 0.3695 -0.0669
vn -0.9160 0.3882 -0.1014
vn -0.9645 0.2466 -0.0947
vn -0.9676 0.2425 -0.0698
vn -0.9667 0.2499 0.0548
vn -0.9231 0.3803 0.0562
vn -0.4863 -0.1027 -0.8677
vn -0.2902 0.6267 -0.7232
vn -0.6679 0.6967 -0.2618
vn -0.3816 -0.3040 -0.8729
vn 0.0016 0.9590 -0.2833
vn -0.0010 0.9594 -0.2819
vn -0.2112 0.6632 0.7180
vn -0.1940 0.4830 0.8539
vn 0.0182 0.9575 -0.2879
vn 0.0107 0.1226 0.9924
vn 0.0640 0.9975 0.0301
vn 0.0031 -0.9994 0.0334
vn -0.0113 -0.0992 -0.9950
vn -0.0253 -0.8447 -0.5347
vn -0.0249 -0.8954 -0.4446
vn -0.0237 -0.5170 -0.8556
vn -0.0253 -0.8446 -0.5347
vn -0.0202 -0.9998 -0.0086
vn -0.0203 -0.9998 -0.0086
vn 0.8756 -0.4480 -0.1806
vn 0.8756 -0.4480 -0.1805
vn -0.0886 0.5312 0.8426
vn -0.0987 0.8717 0.4801
vn -0.1253 0.9695 0.2104
vn -0.3759 0.8965 0.2347
vn -0.4256 0.6879 0.5879
vn -0.3319 0.3835 0.8618
vn -0.1146 0.1077 0.9876
vn -0.3659 0.0913 0.9262
vn -0.8134 0.5762 0.0800
vn -0.8361 0.4211 0.3515
vn -0.7652 0.0942 0.6368
vn -0.7389 -0.0089 0.6738
vn -0.9636 -0.0953 0.2498
vn -0.9727 -0.1006 0.2093
vn -0.9968 -0.0560 0.0564
vn -0.9986 0.0090 -0.0516
vn -0.9969 0.0633 -0.0457
vn -0.9986 0.0512 0.0154
vn -0.6594 -0.7517 -0.0096
vn -0.6442 -0.7647 0.0132
vn -0.9991 0.0387 -0.0192
vn -0.6764 -0.7334 -0.0675
vn -0.6676 -0.7432 -0.0437
vn -0.6285 -0.7770 -0.0346
vn -0.6321 -0.7747 -0.0150
vn -0.6426 -0.7661 0.0104
vn -0.9442 -0.0786 -0.3198
vn -0.0040 -1.0000 0.0001
vn 0.3442 0.1225 0.9309
vn 0.5771 -0.0529 0.8150
vn 0.3739 -0.7358 0.5646
vn 0.5703 -0.7358 0.3652
vn 0.3359 -0.8702 -0.3605
vn 0.5648 -0.6962 -0.4430
vn 0.3704 -0.1212 -0.9209
vn 0.0905 0.3593 0.9288
vn 0.0574 -0.0971 0.9936
vn 0.0906 -0.7755 -0.6248
vn -1.0000 -0.0004 0.0003
vn -1.0000 -0.0012 0.0005
vn -1.0000 -0.0004 0.0002
vn -1.0000 -0.0045 -0.0015
vn -1.0000 -0.0052 -0.0016
vn -1.0000 -0.0039 -0.0014
vn -1.0000 -0.0044 0.0022
vn -1.0000 -0.0000 -0.0002
vn -1.0000 -0.0000 -0.0001
vn -1.0000 -0.0001 -0.0003
vn -1.0000 0.0002 0.0002
vn -1.0000 0.0002 0.0001
vn -1.0000 0.0003 0.0002
vn -1.0000 0.0001 0.0001
vn -1.0000 -0.0000 0.0001
vn 0.0574 0.9346 0.3510
vn 0.4850 0.4914 -0.7234
vn 0.5380 0.8067 0.2443
vn 0.5598 0.0486 -0.8272
vn 0.8282 -0.3714 -0.4197
vn 0.8306 -0.4498 -0.3282
vn 0.8241 -0.2035 0.5287
vn 0.8206 0.2308 0.5229
vn 0.8116 0.5497 -0.1977
vn 0.8373 0.3619 -0.4098
vn -0.5855 -0.2965 -0.7545
vn -0.5563 -0.6489 -0.5191
vn -0.5713 -0.8128 -0.1139
vn -0.5887 -0.7505 0.3003
vn -0.5724 0.4954 0.6534
vn -0.5539 0.8267 0.0990
vn -1.0000 0.0001 0.0003
vn -1.0000 0.0001 -0.0001
vn -1.0000 0.0001 -0.0000
vn -1.0000 0.0002 -0.0000
vn -1.0000 -0.0000 -0.0007
vn -0.9991 0.0193 0.0366
vn -0.9990 0.0016 0.0442
vn -1.0000 -0.0012 -0.0008
vn -1.0000 -0.0009 -0.0010
vn -1.0000 -0.0013 0.0004
vn -1.0000 -0.0009 0.0015
vn -1.0000 -0.0028 0.0057
vn -1.0000 -0.0084 0.0031
vn -1.0000 -0.0073 -0.0014
vn 0.0574 0.4127 0.9091
vn 0.0574 -0.9849 0.1632
vn 0.4849 -0.3758 -0.7898
vn 0.3705 -0.7369 -0.5654
vn 0.5601 -0.8270 -0.0486
vn 0.3705 -0.9209 0.1212
vn 0.4836 -0.6689 0.5645
vn 0.5496 0.3822 0.7429
vn 0.3511 0.5749 0.7391
vn 0.5404 0.7943 0.2775
vn 0.3509 0.9277 0.1279
vn 0.5795 0.7317 -0.3590
vn 0.5509 -0.2933 -0.7813
vn 0.5510 -0.2933 -0.7813
vn 0.5624 0.2591 -0.7852
vn 0.8531 -0.3372 -0.3981
vn 0.8178 -0.5354 -0.2110
vn 0.8461 -0.4389 0.3025
vn 0.8515 0.0898 0.5166
vn 0.8486 0.2195 0.4814
vn 0.8159 0.5727 -0.0792
vn -0.5700 -0.2951 -0.7668
vn -0.5700 -0.6389 -0.5166
vn -0.5855 -0.8055 0.0911
vn -0.5284 0.0904 0.8442
vn -0.5951 0.7996 -0.0813
vn -0.5930 0.6343 -0.4959
vn -0.5866 0.3235 -0.7425
vn 0.5423 0.2783 0.7928
vn 0.5750 -0.5374 0.6169
vn 0.5356 -0.8287 -0.1626
vn 0.4843 -0.5070 -0.7130
vn -0.0139 0.0836 -0.9964
vn -0.0136 0.0833 -0.9964
vn -0.0000 0.7933 0.6088
vn -0.0000 0.7934 0.6088
vn -0.0000 0.7934 0.6087
vn 0.0139 0.4258 -0.9047
vn 0.0140 0.4258 -0.9047
vn 0.0138 0.4259 -0.9047
vn 0.0204 -0.9929 -0.1174
vn -0.0000 0.7933 -0.6088
vn -0.0000 0.7934 -0.6088
vn -0.0574 0.5812 0.8118
vn -0.0574 -0.9091 -0.4127
vn -0.0204 -0.3947 0.9186
vn -0.0906 0.1533 0.9840
vn 0.0204 0.9894 -0.1435
vn -0.0605 -0.6536 -0.7544
vn 0.0360 -0.3568 -0.9335
vn 0.0359 -0.3567 -0.9335
vn 0.0363 -0.3570 -0.9334
vn -0.0139 -0.7637 0.6454
vn 0.0139 -0.9408 0.3387
vn 0.0138 -0.9408 0.3386
vn -0.0574 0.9849 0.1633
vn -1.0000 -0.0000 -0.0000
vn -1.0000 -0.0001 0.0002
vn -1.0000 -0.0029 -0.0019
vn -1.0000 -0.0021 0.0005
vn -1.0000 -0.0014 0.0010
vn -1.0000 -0.0007 -0.0006
vn -1.0000 0.0001 -0.0004
vn -1.0000 0.0001 -0.0003
vn -1.0000 0.0003 0.0001
vn -1.0000 0.0003 -0.0000
vn -0.0213 -0.1274 -0.9916
vn 1.0000 0.0008 0.0001
vn 1.0000 0.0009 0.0001
vn 1.0000 0.0007 0.0002
vn 1.0000 0.0007 0.0001
vn 1.0000 0.0003 -0.0001
vn 1.0000 0.0007 -0.0000
vn 0.5190 0.8544 -0.0252
vn 0.3546 0.9289 0.1068
vn 0.4843 0.3635 -0.7958
vn -0.0076 0.1564 -0.9877
vn 0.8135 0.0803 -0.5760
vn 0.8969 -0.1653 -0.4102
vn -0.0248 -0.3787 -0.9252
vn -0.0044 -0.6274 -0.7787
vn -0.0044 -0.6274 -0.7786
vn -0.0062 -0.7767 -0.6298
vn -0.0233 -0.9211 -0.3886
vn 0.9003 -0.3907 -0.1919
vn -0.0008 -0.9945 -0.1043
vn 0.8348 -0.5454 -0.0755
vn 0.8647 -0.4955 0.0828
vn 0.8647 -0.4954 0.0828
vn 0.0081 -0.9927 0.1205
vn -0.0146 -0.9337 0.3577
vn 0.8129 -0.5415 0.2145
vn -0.0229 -0.7972 0.6033
vn 0.8772 -0.3001 0.3747
vn -0.0045 -0.5845 0.8114
vn 0.0074 -0.3808 0.9246
vn 0.8746 -0.0516 0.4820
vn -0.0039 -0.1516 0.9884
vn -0.0232 0.1368 0.9903
vn -0.0034 0.4031 0.9152
vn -0.0034 0.4031 0.9151
vn 0.8670 0.2958 0.4011
vn 0.0086 0.6016 0.7988
vn 0.0081 0.7954 0.6061
vn 0.8260 0.4472 0.3431
vn 0.8497 0.4924 0.1885
vn -0.0012 0.9272 0.3746
vn -0.0150 0.9937 0.1107
vn 0.8402 0.5392 -0.0574
vn -0.0016 0.9924 -0.1233
vn 0.0102 0.9398 -0.3415
vn 0.8551 0.4195 -0.3046
vn 0.0098 0.8002 -0.5996
vn -0.0081 0.6323 -0.7747
vn 0.8753 0.1569 -0.4573
vn 0.8754 0.1569 -0.4573
vn -0.0070 0.3593 -0.9332
vn -0.6547 0.1218 -0.7460
vn -0.6548 0.1218 -0.7459
vn -0.6508 -0.1145 -0.7506
vn -0.6795 -0.4464 -0.5823
vn -0.6857 -0.6744 -0.2740
vn -0.6782 -0.7281 0.0996
vn -0.6545 -0.6105 0.4461
vn -0.6550 -0.4497 0.6073
vn -0.6779 -0.0996 0.7283
vn -0.6780 -0.0996 0.7283
vn -0.6779 -0.0996 0.7284
vn -0.5821 -0.3057 0.7534
vn -0.6824 0.2859 0.6728
vn -0.5592 0.1203 0.8203
vn -0.6446 0.5991 0.4750
vn -0.6379 0.7250 0.2596
vn -0.6344 0.7705 -0.0622
vn -0.6333 0.7171 -0.2910
vn -0.6852 0.4543 -0.5694
vn -0.6852 0.4542 -0.5694
vn -0.5651 0.6631 -0.4909
vn -0.5738 0.3152 -0.7559
vn 1.0000 0.0001 -0.0000
vn 1.0000 0.0001 0.0003
vn 1.0000 0.0001 0.0001
vn -1.0000 0.0001 0.0002
vn -1.0000 -0.0002 -0.0013
vn -1.0000 -0.0002 -0.0012
vn -0.9996 0.0155 0.0229
vn -0.9999 -0.0038 0.0132
vn -0.9987 -0.0300 0.0411
vn -1.0000 -0.0010 0.0015
vn -1.0000 0.0011 0.0006
vn -0.0089 -0.1311 -0.9913
vn -0.0573 -0.9346 0.3510
vn 0.0204 -0.7851 0.6190
vn 0.0141 -0.5704 -0.8212
vn 0.0140 -0.5704 -0.8213
vn -0.0000 -0.3827 0.9239
vn -0.0204 0.1174 0.9929
vn -0.0139 -0.8211 -0.5706
vn -0.0135 -0.8213 -0.5704
vn 0.0089 0.7939 -0.6079
vn -0.0204 -0.9894 -0.1435
vn -0.0574 0.5809 0.8119
vn -0.0003 0.3829 -0.9238
vn 0.5509 -0.5300 -0.6447
vn 0.5779 -0.0578 -0.8140
vn -0.0053 -0.1527 -0.9883
vn 0.5713 -0.7388 -0.3576
vn 0.5734 -0.7788 0.2544
vn 0.4831 -0.5556 0.6767
vn 0.5689 0.6131 0.5481
vn 0.5678 0.8223 -0.0392
vn 0.3437 0.7416 -0.5761
vn 0.5367 0.5602 -0.6310
vn 0.3725 0.1211 -0.9201
vn 0.8788 -0.0664 -0.4726
vn -0.0247 0.1344 -0.9906
vn -0.0247 0.1345 -0.9906
vn -0.0090 -0.3619 -0.9322
vn 0.8352 -0.1616 -0.5256
vn -0.0229 -0.6033 -0.7972
vn -0.0228 -0.7927 -0.6092
vn -0.0227 -0.7925 -0.6094
vn -0.0230 -0.7928 -0.6090
vn 0.9072 -0.3157 -0.2781
vn -0.0070 -0.9311 -0.3646
vn 0.8603 -0.5049 -0.0710
vn -0.0074 -0.9878 -0.1553
vn -0.0248 -0.9917 0.1263
vn 0.8630 -0.4655 0.1963
vn -0.0002 -0.9136 0.4067
vn -0.0018 -0.8075 0.5899
vn 0.8638 -0.2888 0.4128
vn -0.0097 -0.5933 0.8049
vn 0.0059 -0.3775 0.9260
vn 0.8287 -0.2497 0.5009
vn 0.8927 -0.0626 0.4463
vn 0.0144 -0.1259 0.9919
vn 0.0141 0.1265 0.9919
vn -0.0052 0.3586 0.9335
vn -0.0264 0.6145 0.7885
vn 0.9133 0.2406 0.3285
vn -0.0053 0.8074 0.5900
vn 0.8223 0.4444 0.3553
vn 0.0008 0.9124 0.4093
vn 0.8302 0.5121 0.2205
vn -0.0219 0.9908 0.1335
vn 0.9103 0.4059 0.0806
vn -0.0097 0.9913 -0.1310
vn 0.8506 0.4859 -0.2008
vn -0.0075 0.9330 -0.3598
vn -0.0228 0.7925 -0.6095
vn 0.8637 0.2948 -0.4089
vn -0.0052 0.5918 -0.8061
vn -0.0084 0.4115 -0.9114
vn 0.8262 0.2183 -0.5193
vn -0.6581 0.1190 -0.7435
vn -0.6390 -0.1179 -0.7601
vn -0.6805 -0.4411 -0.5851
vn -0.6583 -0.6872 -0.3074
vn -0.6508 -0.7546 -0.0836
vn -0.6515 -0.7066 0.2762
vn -0.6598 -0.5875 0.4685
vn -0.6346 -0.2814 0.7198
vn -0.5751 -0.4853 0.6586
vn -0.6018 -0.0582 0.7965
vn -0.6206 0.2536 0.7420
vn -0.6559 0.4593 0.5990
vn -0.6496 0.6947 0.3089
vn -0.6497 0.6946 0.3089
vn -0.6496 0.6946 0.3089
vn -0.5841 0.6502 0.4858
vn -0.6584 0.7487 0.0778
vn -0.7073 0.6516 -0.2742
vn -0.6829 0.4359 -0.5862
vn -0.3442 0.1225 0.9309
vn -0.5771 -0.0529 0.8150
vn -0.3739 -0.7358 0.5646
vn -0.5703 -0.7358 0.3652
vn -0.3359 -0.8702 -0.3605
vn -0.5648 -0.6962 -0.4430
vn -0.3704 -0.1212 -0.9209
vn -0.0905 0.3593 0.9288
vn -0.0574 -0.0971 0.9936
vn -0.0906 -0.7755 -0.6248
vn 1.0000 -0.0004 0.0003
vn 1.0000 -0.0004 0.0002
vn 1.0000 -0.0012 0.0005
vn 1.0000 -0.0045 -0.0015
vn 1.0000 -0.0039 -0.0014
vn 1.0000 -0.0052 -0.0016
vn 1.0000 -0.0044 0.0022
vn 1.0000 -0.0000 -0.0002
vn 1.0000 -0.0001 -0.0003
vn 1.0000 -0.0000 -0.0001
vn 1.0000 0.0002 0.0002
vn 1.0000 0.0003 0.0002
vn 1.0000 0.0002 0.0001
vn 1.0000 -0.0000 0.0001
vn -0.0574 0.9346 0.3510
vn -0.4850 0.4914 -0.7234
vn -0.5380 0.8067 0.2443
vn -0.5598 0.0486 -0.8272
vn -0.8282 -0.3714 -0.4197
vn -0.8306 -0.4498 -0.3282
vn -0.8241 -0.2035 0.5287
vn -0.8206 0.2308 0.5229
vn -0.8116 0.5497 -0.1977
vn -0.8373 0.3619 -0.4098
vn 0.5855 -0.2965 -0.7545
vn 0.5563 -0.6489 -0.5191
vn 0.5713 -0.8128 -0.1139
vn 0.5887 -0.7505 0.3003
vn 0.5724 0.4954 0.6534
vn 0.5539 0.8267 0.0990
vn 1.0000 0.0001 -0.0001
vn 1.0000 0.0002 -0.0000
vn 1.0000 -0.0000 -0.0007
vn 0.9991 0.0193 0.0366
vn 0.9990 0.0016 0.0442
vn 1.0000 -0.0012 -0.0008
vn 1.0000 -0.0013 0.0004
vn 1.0000 -0.0009 -0.0010
vn 1.0000 -0.0009 0.0015
vn 1.0000 -0.0028 0.0057
vn 1.0000 -0.0073 -0.0014
vn 1.0000 -0.0084 0.0031
vn -0.0574 0.4127 0.9091
vn -0.0574 -0.9849 0.1632
vn -0.4849 -0.3758 -0.7898
vn -0.3705 -0.7369 -0.5654
vn -0.5601 -0.8270 -0.0486
vn -0.3705 -0.9209 0.1212
vn -0.4836 -0.6689 0.5645
vn -0.5496 0.3822 0.7429
vn -0.3511 0.5749 0.7391
vn -0.5404 0.7943 0.2775
vn -0.3509 0.9277 0.1279
vn -0.5795 0.7317 -0.3590
vn -0.5509 -0.2933 -0.7813
vn -0.5510 -0.2933 -0.7813
vn -0.5624 0.2591 -0.7852
vn -0.8531 -0.3372 -0.3981
vn -0.8178 -0.5354 -0.2110
vn -0.8461 -0.4389 0.3025
vn -0.8515 0.0898 0.5166
vn -0.8486 0.2195 0.4814
vn -0.8159 0.5727 -0.0792
vn 0.5700 -0.2951 -0.7668
vn 0.5700 -0.6389 -0.5166
vn 0.5855 -0.8055 0.0911
vn 0.5284 0.0904 0.8442
vn 0.5951 0.7996 -0.0813
vn 0.5930 0.6343 -0.4959
vn 0.5866 0.3235 -0.7425
vn -0.5423 0.2783 0.7928
vn -0.5750 -0.5374 0.6169
vn -0.5356 -0.8287 -0.1626
vn -0.4843 -0.5070 -0.7130
vn 0.0139 0.0836 -0.9964
vn 0.0136 0.0833 -0.9964
vn -0.0139 0.4258 -0.9047
vn -0.0138 0.4259 -0.9047
vn -0.0140 0.4258 -0.9047
vn -0.0204 -0.9929 -0.1174
vn 0.0574 0.5812 0.8118
vn 0.0574 -0.9091 -0.4127
vn 0.0204 -0.3947 0.9186
vn 0.0906 0.1533 0.9840
vn -0.0204 0.9894 -0.1435
vn 0.0605 -0.6536 -0.7544
vn -0.0360 -0.3568 -0.9335
vn -0.0363 -0.3570 -0.9334
vn -0.0359 -0.3567 -0.9335
vn 0.0139 -0.7637 0.6454
vn 0.0138 -0.7637 0.6454
vn -0.0139 -0.9408 0.3387
vn -0.0138 -0.9408 0.3386
vn 0.0574 0.9849 0.1633
vn 1.0000 -0.0000 -0.0000
vn 1.0000 -0.0001 0.0002
vn 1.0000 -0.0029 -0.0019
vn 1.0000 -0.0021 0.0005
vn 1.0000 -0.0007 -0.0006
vn 1.0000 -0.0014 0.0010
vn 1.0000 0.0001 -0.0004
vn 1.0000 0.0001 -0.0003
vn 1.0000 0.0003 0.0001
vn 1.0000 0.0003 -0.0000
vn 0.0213 -0.1274 -0.9916
vn -1.0000 0.0008 0.0001
vn -1.0000 0.0009 0.0002
vn -1.0000 0.0008 -0.0000
vn -1.0000 0.0007 -0.0001
vn -1.0000 0.0006 -0.0002
vn -0.5190 0.8544 -0.0252
vn -0.3546 0.9289 0.1068
vn -0.4843 0.3635 -0.7958
vn 0.0076 0.1564 -0.9877
vn -0.8135 0.0803 -0.5760
vn -0.8969 -0.1653 -0.4102
vn 0.0248 -0.3787 -0.9252
vn 0.0044 -0.6274 -0.7787
vn 0.0062 -0.7767 -0.6298
vn 0.0233 -0.9211 -0.3886
vn -0.9003 -0.3907 -0.1919
vn 0.0008 -0.9945 -0.1043
vn -0.8348 -0.5454 -0.0755
vn -0.8647 -0.4955 0.0828
vn -0.8647 -0.4954 0.0828
vn -0.0081 -0.9927 0.1205
vn 0.0146 -0.9337 0.3577
vn -0.8129 -0.5415 0.2145
vn 0.0229 -0.7972 0.6033
vn -0.8772 -0.3001 0.3747
vn 0.0045 -0.5845 0.8114
vn -0.0074 -0.3808 0.9246
vn -0.8746 -0.0516 0.4820
vn -0.8747 -0.0516 0.4820
vn 0.0039 -0.1516 0.9884
vn 0.0232 0.1368 0.9903
vn 0.0034 0.4031 0.9152
vn 0.0034 0.4031 0.9151
vn -0.8670 0.2958 0.4011
vn -0.0086 0.6016 0.7988
vn -0.0081 0.7954 0.6061
vn -0.8260 0.4472 0.3431
vn -0.8497 0.4924 0.1885
vn 0.0012 0.9272 0.3746
vn 0.0150 0.9937 0.1107
vn -0.8402 0.5392 -0.0574
vn 0.0016 0.9924 -0.1233
vn -0.0102 0.9398 -0.3415
vn -0.8551 0.4195 -0.3046
vn -0.0098 0.8002 -0.5996
vn 0.0081 0.6323 -0.7747
vn -0.8753 0.1569 -0.4573
vn -0.8754 0.1569 -0.4573
vn 0.0070 0.3593 -0.9332
vn 0.6547 0.1218 -0.7460
vn 0.6548 0.1218 -0.7459
vn 0.6508 -0.1146 -0.7506
vn 0.6795 -0.4464 -0.5823
vn 0.6857 -0.6744 -0.2740
vn 0.6782 -0.7281 0.0996
vn 0.6545 -0.6105 0.4461
vn 0.6550 -0.4497 0.6073
vn 0.6779 -0.0996 0.7283
vn 0.6779 -0.0996 0.7284
vn 0.6780 -0.0996 0.7283
vn 0.5821 -0.3057 0.7534
vn 0.6824 0.2859 0.6728
vn 0.5592 0.1203 0.8203
vn 0.6446 0.5991 0.4750
vn 0.6379 0.7250 0.2596
vn 0.6344 0.7705 -0.0622
vn 0.6333 0.7171 -0.2910
vn 0.6852 0.4543 -0.5694
vn 0.5651 0.6631 -0.4909
vn 0.5738 0.3152 -0.7559
vn -1.0000 -0.0000 0.0002
vn 1.0000 0.0001 0.0002
vn 1.0000 -0.0002 -0.0012
vn 1.0000 -0.0002 -0.0013
vn 0.9996 0.0155 0.0229
vn 0.9999 -0.0038 0.0132
vn 0.9987 -0.0300 0.0411
vn 1.0000 -0.0010 0.0015
vn 1.0000 0.0011 0.0006
vn 0.0089 -0.1311 -0.9913
vn 0.0573 -0.9346 0.3510
vn -0.0204 -0.7851 0.6190
vn -0.0141 -0.5704 -0.8212
vn -0.0140 -0.5704 -0.8213
vn 0.0204 0.1174 0.9929
vn 0.0139 -0.8211 -0.5706
vn 0.0135 -0.8213 -0.5704
vn -0.0089 0.7939 -0.6079
vn 0.0204 -0.9894 -0.1435
vn 0.0574 0.5809 0.8119
vn 0.0003 0.3829 -0.9238
vn -0.5509 -0.5300 -0.6447
vn -0.5779 -0.0578 -0.8140
vn 0.0053 -0.1527 -0.9883
vn -0.5713 -0.7388 -0.3576
vn -0.5734 -0.7788 0.2544
vn -0.4831 -0.5556 0.6767
vn -0.5689 0.6131 0.5481
vn -0.5678 0.8223 -0.0392
vn -0.3437 0.7416 -0.5761
vn -0.5367 0.5602 -0.6310
vn -0.3725 0.1211 -0.9201
vn -0.8788 -0.0664 -0.4726
vn 0.0247 0.1344 -0.9906
vn 0.0247 0.1345 -0.9906
vn 0.0090 -0.3619 -0.9322
vn -0.8352 -0.1616 -0.5256
vn 0.0229 -0.6033 -0.7972
vn 0.0228 -0.7927 -0.6092
vn 0.0230 -0.7928 -0.6090
vn 0.0227 -0.7925 -0.6094
vn -0.9072 -0.3157 -0.2781
vn 0.0070 -0.9311 -0.3646
vn -0.8603 -0.5049 -0.0710
vn 0.0074 -0.9878 -0.1553
vn 0.0248 -0.9917 0.1263
vn -0.8630 -0.4655 0.1963
vn 0.0002 -0.9136 0.4067
vn 0.0018 -0.8075 0.5899
vn -0.8638 -0.2888 0.4128
vn 0.0097 -0.5933 0.8049
vn -0.0059 -0.3775 0.9260
vn -0.8287 -0.2497 0.5009
vn -0.8927 -0.0626 0.4463
vn -0.0144 -0.1259 0.9919
vn -0.0141 0.1265 0.9919
vn 0.0052 0.3586 0.9335
vn 0.0264 0.6145 0.7885
vn -0.9133 0.2406 0.3285
vn 0.0053 0.8074 0.5900
vn -0.8223 0.4444 0.3553
vn -0.0008 0.9124 0.4093
vn -0.8302 0.5121 0.2205
vn 0.0219 0.9908 0.1335
vn -0.9103 0.4059 0.0806
vn 0.0097 0.9913 -0.1310
vn -0.8506 0.4859 -0.2008
vn 0.0075 0.9330 -0.3598
vn 0.0228 0.7925 -0.6095
vn -0.8637 0.2948 -0.4089
vn 0.0052 0.5918 -0.8061
vn 0.0084 0.4115 -0.9114
vn -0.8262 0.2183 -0.5193
vn 0.6581 0.1190 -0.7435
vn 0.6390 -0.1179 -0.7601
vn 0.6805 -0.4411 -0.5851
vn 0.6583 -0.6872 -0.3074
vn 0.6508 -0.7546 -0.0836
vn 0.6515 -0.7066 0.2762
vn 0.6598 -0.5875 0.4685
vn 0.6346 -0.2814 0.7198
vn 0.5751 -0.4853 0.6586
vn 0.6018 -0.0582 0.7965
vn 0.6206 0.2536 0.7420
vn 0.6559 0.4593 0.5990
vn 0.6496 0.6947 0.3089
vn 0.6496 0.6946 0.3089
vn 0.6497 0.6946 0.3089
vn 0.5841 0.6502 0.4858
vn 0.6584 0.7487 0.0778
vn 0.7073 0.6516 -0.2742
vn 0.6829 0.4359 -0.5862
vn -0.0221 0.5387 0.8422
vn -0.0540 0.5406 0.8396
vn -0.0541 0.5420 0.8386
vn 0.0541 0.5420 0.8386
vn 0.0687 0.5482 0.8335
vn 0.0540 0.5406 0.8396
vn 0.0221 0.5387 0.8422
vn 0.0174 0.5377 0.8429
vn 0.0434 0.5451 0.8372
vn 0.0346 0.5477 0.8360
vn -0.0000 0.5354 0.8446
vn -0.0000 0.5359 0.8442
vn -0.0174 0.5377 0.8429
vn -0.0346 0.5477 0.8360
vn -0.0434 0.5451 0.8372
vn -0.0687 0.5482 0.8335
vn -0.9174 0.3979 0.0105
vn -0.9174 0.3979 0.0104
vn -0.9239 0.3820 0.0232
vn 0.9239 0.3820 0.0232
vn 0.9174 0.3979 0.0105
vn 0.9173 0.3980 0.0104
vt 0.508225 0.586219
vt 0.514950 0.584793
vt 0.507037 0.593906
vt 0.515756 0.588927
vt 0.521322 0.582949
vt 0.519529 0.589989
vt 0.518020 0.597305
vt 0.694543 0.584607
vt 0.688821 0.588336
vt 0.686315 0.584703
vt 0.687636 0.580858
vt 0.683281 0.591830
vt 0.682399 0.585143
vt 0.680952 0.578265
vt 0.481775 0.701177
vt 0.485025 0.741307
vt 0.465096 0.741200
vt 0.467699 0.694709
vt 0.399137 0.631914
vt 0.351915 0.642532
vt 0.353828 0.617389
vt 0.396168 0.606689
vt 0.740260 0.708228
vt 0.745465 0.700822
vt 0.750494 0.693740
vt 0.520737 0.481078
vt 0.513283 0.481078
vt 0.506113 0.481078
vt 0.586618 0.595230
vt 0.595106 0.595035
vt 0.705750 0.481078
vt 0.698249 0.481078
vt 0.690440 0.481078
vt 0.507879 0.594652
vt 0.724764 0.696369
vt 0.607559 0.702195
vt 0.613766 0.691713
vt 0.715176 0.689767
vt 0.272022 0.481078
vt 0.345964 0.481078
vt 0.276608 0.620748
vt 0.716744 0.586193
vt 0.705719 0.585141
vt 0.711024 0.481078
vt 0.714495 0.541724
vt 0.715051 0.509070
vt 0.716307 0.481078
vt 0.598346 0.711300
vt 0.589344 0.710911
vt 0.497695 0.691753
vt 0.520387 0.604983
vt 0.503193 0.687293
vt 0.524132 0.607170
vt 0.681821 0.598263
vt 0.606443 0.602938
vt 0.578158 0.699782
vt 0.577014 0.602815
vt 0.496749 0.385056
vt 0.494858 0.481078
vt 0.407274 0.368711
vt 0.752435 0.680683
vt 0.023869 0.579749
vt 0.024699 0.449674
vt 0.031994 0.589936
vt 0.032583 0.449674
vt 0.016598 0.579882
vt 0.016862 0.536560
vt 0.017125 0.493239
vt 0.017336 0.449674
vt 0.615208 0.608070
vt 0.571743 0.689709
vt 0.568023 0.610943
vt 0.675162 0.607509
vt 0.506256 0.593751
vt 0.757170 0.676522
vt 0.744187 0.650293
vt 0.730472 0.619744
vt 0.188831 0.449674
vt 0.183561 0.512178
vt 0.154190 0.449674
vt 0.144176 0.559267
vt 0.117662 0.449674
vt 0.092840 0.578446
vt 0.071141 0.449674
vt 0.091723 0.611919
vt 0.128624 0.662825
vt 0.112752 0.675673
vt 0.082921 0.613111
vt 0.129573 0.714209
vt 0.165576 0.703985
vt 0.159687 0.739819
vt 0.219359 0.734782
vt 0.282642 0.813284
vt 0.207968 0.813492
vt 0.282642 0.735019
vt 0.156596 0.811609
vt 0.074075 0.614311
vt 0.097189 0.673996
vt 0.111092 0.712286
vt 0.125670 0.749786
vt 0.126883 0.807691
vt 0.875338 0.819667
vt 0.849490 0.819630
vt 0.869923 0.761679
vt 0.845089 0.791487
vt 0.841936 0.730902
vt 0.816000 0.764933
vt 0.803029 0.716783
vt 0.777352 0.752155
vt 0.735639 0.745123
vt 0.606583 0.746855
vt 0.602275 0.822945
vt 0.596385 0.746519
vt 0.615482 0.823699
vt 0.475502 0.816533
vt 0.823448 0.820460
vt 0.773395 0.823795
vt 0.724127 0.823792
vt 0.675026 0.824270
vt 0.392101 0.481078
vt 0.277260 0.645451
vt 0.460277 0.815086
vt 0.003239 0.025431
vt 0.023471 0.013178
vt 0.037928 0.016211
vt 0.002449 0.159498
vt 0.454839 0.159498
vt 0.455052 0.086129
vt 0.445061 0.036834
vt 0.425389 0.014510
vt 0.159564 0.008689
vt 0.172780 0.009182
vt 0.231658 0.010252
vt 0.328521 0.012392
vt 0.376952 0.002449
vt 0.402636 0.003006
vt 0.508225 0.375937
vt 0.507037 0.368250
vt 0.514950 0.377363
vt 0.515756 0.373229
vt 0.521322 0.379207
vt 0.519529 0.372167
vt 0.518020 0.364851
vt 0.694543 0.377549
vt 0.687636 0.381298
vt 0.686315 0.377453
vt 0.688821 0.373820
vt 0.683281 0.370326
vt 0.682399 0.377013
vt 0.680952 0.383891
vt 0.481775 0.260979
vt 0.467699 0.267447
vt 0.465096 0.220956
vt 0.485025 0.220849
vt 0.399138 0.330242
vt 0.396168 0.355467
vt 0.353828 0.344767
vt 0.351916 0.319623
vt 0.740260 0.253928
vt 0.745465 0.261334
vt 0.750494 0.268416
vt 0.586618 0.366926
vt 0.595106 0.367121
vt 0.507879 0.367504
vt 0.724764 0.265787
vt 0.715176 0.272389
vt 0.613766 0.270443
vt 0.607559 0.259961
vt 0.276608 0.341408
vt 0.705719 0.377015
vt 0.716744 0.375963
vt 0.714495 0.420432
vt 0.715051 0.453086
vt 0.589344 0.251245
vt 0.598346 0.250856
vt 0.497695 0.270403
vt 0.503193 0.274863
vt 0.520387 0.357173
vt 0.524132 0.354986
vt 0.681821 0.363893
vt 0.606443 0.359217
vt 0.578158 0.262374
vt 0.577014 0.359341
vt 0.496749 0.577100
vt 0.407274 0.593445
vt 0.403661 0.480293
vt 0.752435 0.281473
vt 0.023869 0.319599
vt 0.031994 0.309413
vt 0.017125 0.406110
vt 0.016862 0.362788
vt 0.016598 0.319467
vt 0.615208 0.354086
vt 0.571744 0.272447
vt 0.568023 0.351213
vt 0.675162 0.354647
vt 0.506256 0.368405
vt 0.757170 0.285635
vt 0.744187 0.311863
vt 0.730472 0.342412
vt 0.183561 0.387171
vt 0.144176 0.340081
vt 0.092840 0.320903
vt 0.473561 0.611919
vt 0.482363 0.613111
vt 0.452532 0.675673
vt 0.436660 0.662825
vt 0.435711 0.714209
vt 0.399708 0.703985
vt 0.405598 0.739819
vt 0.345925 0.734782
vt 0.357316 0.813492
vt 0.408689 0.811609
vt 0.491210 0.614311
vt 0.468095 0.673996
vt 0.454192 0.712286
vt 0.439614 0.749786
vt 0.438402 0.807691
vt 0.875338 0.142489
vt 0.869923 0.200477
vt 0.849490 0.142526
vt 0.845089 0.170669
vt 0.841936 0.231255
vt 0.816000 0.197223
vt 0.803029 0.245373
vt 0.777352 0.210001
vt 0.735639 0.217033
vt 0.606583 0.215301
vt 0.602275 0.139212
vt 0.615482 0.138457
vt 0.596385 0.215638
vt 0.475502 0.145623
vt 0.823448 0.141696
vt 0.773396 0.138361
vt 0.724127 0.138364
vt 0.675026 0.137887
vt 0.277260 0.316705
vt 0.460277 0.147070
vt 0.037928 0.302784
vt 0.023471 0.305817
vt 0.003239 0.293564
vt 0.159564 0.310307
vt 0.172780 0.309813
vt 0.231658 0.308743
vt 0.280090 0.307673
vt 0.328521 0.306604
vt 0.376952 0.316546
vt 0.402636 0.315989
vt 0.425389 0.304485
vt 0.445062 0.282162
vt 0.455052 0.232866
vt 0.334352 0.902851
vt 0.329259 0.914453
vt 0.325317 0.902851
vt 0.343387 0.909039
vt 0.370494 0.902851
vt 0.365976 0.914453
vt 0.361458 0.902851
vt 0.379528 0.907854
vt 0.406636 0.902851
vt 0.401437 0.914453
vt 0.397600 0.902851
vt 0.415672 0.909070
vt 0.442777 0.902851
vt 0.438450 0.914453
vt 0.433743 0.902851
vt 0.817465 0.686866
vt 0.812199 0.676700
vt 0.806632 0.673450
vt 0.806456 0.661291
vt 0.803534 0.656191
vt 0.840612 0.616391
vt 0.847561 0.622934
vt 0.856703 0.622594
vt 0.806001 0.642573
vt 0.785347 0.616294
vt 0.773112 0.647722
vt 0.823577 0.624105
vt 0.826270 0.591151
vt 0.801949 0.600023
vt 0.868165 0.666537
vt 0.894777 0.684213
vt 0.901182 0.659832
vt 0.788027 0.696147
vt 0.815395 0.715103
vt 0.775315 0.674378
vt 0.842248 0.687464
vt 0.835147 0.683300
vt 0.829980 0.687385
vt 0.253033 0.909173
vt 0.243998 0.914453
vt 0.243997 0.902851
vt 0.289175 0.902851
vt 0.298211 0.909124
vt 0.284920 0.914453
vt 0.225926 0.902851
vt 0.234963 0.908374
vt 0.226028 0.914453
vt 0.424707 0.914453
vt 0.415710 0.929832
vt 0.352422 0.909070
vt 0.347905 0.929832
vt 0.324220 0.929832
vt 0.316280 0.909037
vt 0.271104 0.908917
vt 0.267169 0.929832
vt 0.262069 0.909150
vt 0.249578 0.929832
vt 0.424707 0.840371
vt 0.429224 0.821406
vt 0.433743 0.840883
vt 0.406636 0.840883
vt 0.411154 0.821406
vt 0.415672 0.841638
vt 0.388565 0.841431
vt 0.392260 0.821406
vt 0.397600 0.840883
vt 0.370494 0.840371
vt 0.375012 0.821406
vt 0.379528 0.840142
vt 0.307246 0.840919
vt 0.310890 0.821406
vt 0.316280 0.841422
vt 0.280140 0.839594
vt 0.285025 0.821406
vt 0.289174 0.840311
vt 0.502242 0.856011
vt 0.509166 0.859863
vt 0.514320 0.850731
vt 0.542630 0.864739
vt 0.555258 0.839131
vt 0.527646 0.854388
vt 0.525415 0.824472
vt 0.498729 0.824307
vt 0.475954 0.835025
vt 0.487942 0.865598
vt 0.476897 0.898949
vt 0.449801 0.901741
vt 0.460764 0.924864
vt 0.486199 0.912511
vt 0.503015 0.919509
vt 0.501491 0.950669
vt 0.515208 0.920672
vt 0.527234 0.950669
vt 0.538021 0.909378
vt 0.571761 0.913367
vt 0.545612 0.893927
vt 0.533646 0.861428
vt 0.532805 0.909186
vt 0.528576 0.917178
vt 0.907809 0.101878
vt 0.916868 0.107415
vt 0.907809 0.113509
vt 0.898751 0.101878
vt 0.893977 0.113509
vt 0.889693 0.101878
vt 0.871579 0.101878
vt 0.880636 0.107415
vt 0.867294 0.113509
vt 0.862520 0.101878
vt 0.853462 0.109210
vt 0.844404 0.113509
vt 0.844404 0.101878
vt 0.808173 0.107862
vt 0.795064 0.113509
vt 0.799114 0.101878
vt 0.790056 0.101878
vt 0.780999 0.108774
vt 0.767996 0.113509
vt 0.771940 0.101878
vt 0.762883 0.101878
vt 0.744767 0.101878
vt 0.753824 0.107234
vt 0.739883 0.113509
vt 0.424707 0.902851
vt 0.717594 0.101878
vt 0.726651 0.108124
vt 0.713176 0.113509
vt 0.908944 0.128926
vt 0.885165 0.128926
vt 0.848877 0.128926
vt 0.817230 0.108850
vt 0.808571 0.128926
vt 0.758280 0.128926
vt 0.907809 0.039244
vt 0.913163 0.020231
vt 0.916868 0.040513
vt 0.889694 0.039244
vt 0.895047 0.020231
vt 0.898751 0.040513
vt 0.862519 0.039244
vt 0.867049 0.020231
vt 0.871578 0.039756
vt 0.808173 0.039955
vt 0.812473 0.020231
vt 0.817230 0.041374
vt 0.753825 0.040040
vt 0.757224 0.020231
vt 0.762883 0.039872
vt 0.735709 0.039823
vt 0.739623 0.020231
vt 0.744767 0.039224
vt 0.717593 0.039241
vt 0.722019 0.020231
vt 0.726651 0.039726
vt 0.388565 0.910167
vt 0.862955 0.652918
vt 0.870632 0.652918
vt 0.862463 0.639604
vt 0.867534 0.641050
vt 0.821726 0.679918
vt 0.861026 0.665032
vt 0.835447 0.621004
vt 0.822134 0.626433
vt 0.859229 0.673833
vt 0.858009 0.680472
vt 0.807459 0.644078
vt 0.847348 0.680931
vt 0.855262 0.629674
vt 0.812202 0.633635
vt 0.812204 0.631989
vt 0.850800 0.591151
vt 0.872357 0.600751
vt 0.895233 0.627076
vt 0.878676 0.703611
vt 0.850093 0.717560
vt 0.442704 0.841637
vt 0.914832 0.246132
vt 0.891764 0.234280
vt 0.877425 0.213263
vt 0.941056 0.245300
vt 0.968630 0.224113
vt 0.976715 0.185887
vt 0.961902 0.157405
vt 0.931822 0.144436
vt 0.897801 0.151856
vt 0.877425 0.180029
vt 0.280140 0.902851
vt 0.225999 0.841637
vt 0.234961 0.840875
vt 0.229584 0.929832
vt 0.437219 0.929832
vt 0.393906 0.929832
vt 0.371625 0.929832
vt 0.361458 0.841637
vt 0.352422 0.840371
vt 0.343388 0.841431
vt 0.334352 0.840883
vt 0.325316 0.840894
vt 0.301609 0.929832
vt 0.307245 0.909039
vt 0.298211 0.840739
vt 0.284558 0.929832
vt 0.271104 0.839435
vt 0.262069 0.840524
vt 0.253033 0.840669
vt 0.243998 0.840873
vt 0.226447 0.821406
vt 0.240311 0.821406
vt 0.442258 0.821406
vt 0.361458 0.821406
vt 0.347904 0.821406
vt 0.329835 0.821406
vt 0.298211 0.821406
vt 0.271104 0.821406
vt 0.258616 0.821406
vt 0.570320 0.857369
vt 0.549466 0.876749
vt 0.933281 0.590050
vt 0.910195 0.601656
vt 0.882074 0.599976
vt 0.948064 0.568526
vt 0.948064 0.535069
vt 0.923419 0.505582
vt 0.889119 0.499627
vt 0.864076 0.512176
vt 0.848912 0.539941
vt 0.855371 0.577568
vt 0.458227 0.852892
vt 0.449504 0.877722
vt 0.480217 0.881836
vt 0.478384 0.942242
vt 0.551730 0.938737
vt 0.576913 0.881463
vt 0.481780 0.898976
vt 0.492317 0.910706
vt 0.503015 0.916668
vt 0.516796 0.915520
vt 0.481435 0.881836
vt 0.489899 0.873591
vt 0.499144 0.864567
vt 0.522948 0.860882
vt 0.543907 0.875252
vt 0.541010 0.892355
vt 0.536460 0.905402
vt 0.925925 0.101878
vt 0.925822 0.113509
vt 0.925843 0.039749
vt 0.835347 0.107357
vt 0.735709 0.101878
vt 0.708536 0.101878
vt 0.925391 0.128926
vt 0.708618 0.039750
vt 0.880636 0.040513
vt 0.866223 0.128926
vt 0.853462 0.041057
vt 0.844404 0.038570
vt 0.831342 0.128926
vt 0.835347 0.039991
vt 0.826288 0.040079
vt 0.826288 0.107770
vt 0.799114 0.039858
vt 0.790056 0.038561
vt 0.782027 0.128926
vt 0.781000 0.040307
vt 0.771940 0.040483
vt 0.739448 0.128926
vt 0.718106 0.128926
vt 0.709056 0.020231
vt 0.925403 0.020231
vt 0.880636 0.020231
vt 0.853462 0.020231
vt 0.839251 0.020231
vt 0.826288 0.020231
vt 0.799114 0.020231
vt 0.785840 0.020231
vt 0.771940 0.020231
vt 0.111660 0.848388
vt 0.120696 0.848388
vt 0.116754 0.836785
vt 0.102625 0.842199
vt 0.075518 0.848388
vt 0.084554 0.848388
vt 0.080036 0.836785
vt 0.066484 0.843384
vt 0.039377 0.848388
vt 0.048413 0.848388
vt 0.044576 0.836785
vt 0.030341 0.842168
vt 0.003235 0.848388
vt 0.012270 0.848388
vt 0.007562 0.836785
vt 0.886115 0.320288
vt 0.872699 0.331121
vt 0.875949 0.325554
vt 0.855441 0.334220
vt 0.860541 0.331297
vt 0.815640 0.297141
vt 0.821843 0.281051
vt 0.822183 0.290192
vt 0.841822 0.331752
vt 0.846972 0.364640
vt 0.815543 0.352406
vt 0.823354 0.314176
vt 0.799273 0.335803
vt 0.790400 0.311482
vt 0.865787 0.269587
vt 0.859082 0.236570
vt 0.883463 0.242977
vt 0.914352 0.322358
vt 0.895396 0.349726
vt 0.873627 0.362438
vt 0.886713 0.295505
vt 0.886635 0.307772
vt 0.882550 0.302606
vt 0.192979 0.842065
vt 0.202016 0.848388
vt 0.202015 0.836785
vt 0.156838 0.848388
vt 0.161093 0.836785
vt 0.147802 0.842115
vt 0.220086 0.848388
vt 0.219984 0.836785
vt 0.211050 0.842864
vt 0.021306 0.836785
vt 0.030302 0.821406
vt 0.093590 0.842168
vt 0.098107 0.821406
vt 0.129732 0.842201
vt 0.121792 0.821406
vt 0.174909 0.842322
vt 0.183944 0.842088
vt 0.178844 0.821406
vt 0.196435 0.821406
vt 0.021306 0.910867
vt 0.012270 0.910356
vt 0.016788 0.929832
vt 0.039377 0.910355
vt 0.030341 0.909600
vt 0.034859 0.929832
vt 0.057448 0.909807
vt 0.048413 0.910356
vt 0.053752 0.929832
vt 0.075519 0.910867
vt 0.066484 0.911097
vt 0.071001 0.929832
vt 0.138767 0.910319
vt 0.129731 0.909816
vt 0.135122 0.929832
vt 0.165873 0.911645
vt 0.156838 0.910928
vt 0.160987 0.929832
vt 0.873385 0.878603
vt 0.878666 0.890681
vt 0.869533 0.885526
vt 0.864657 0.918991
vt 0.875009 0.904006
vt 0.890265 0.931619
vt 0.904924 0.901775
vt 0.894371 0.852314
vt 0.905089 0.875089
vt 0.863798 0.864302
vt 0.830447 0.853258
vt 0.804532 0.837124
vt 0.827655 0.826161
vt 0.816886 0.862559
vt 0.809887 0.879376
vt 0.808724 0.891568
vt 0.778727 0.877852
vt 0.778727 0.903595
vt 0.820018 0.914381
vt 0.835469 0.921972
vt 0.816029 0.948121
vt 0.867968 0.910007
vt 0.812219 0.904937
vt 0.820210 0.909166
vt 0.749211 0.566610
vt 0.737580 0.566610
vt 0.743674 0.575669
vt 0.749211 0.557553
vt 0.749212 0.548495
vt 0.737580 0.552779
vt 0.749211 0.530381
vt 0.737580 0.526095
vt 0.743674 0.539437
vt 0.749212 0.521320
vt 0.741879 0.512263
vt 0.749211 0.503205
vt 0.737580 0.503205
vt 0.743227 0.466974
vt 0.749212 0.457915
vt 0.737580 0.453865
vt 0.749211 0.448857
vt 0.742315 0.439800
vt 0.749212 0.430741
vt 0.737580 0.426796
vt 0.749211 0.421684
vt 0.749211 0.403569
vt 0.737580 0.398684
vt 0.743855 0.412625
vt 0.021306 0.848388
vt 0.749211 0.376395
vt 0.737580 0.371977
vt 0.742965 0.385452
vt 0.722163 0.567745
vt 0.722163 0.543966
vt 0.722163 0.507678
vt 0.742240 0.476032
vt 0.722163 0.467372
vt 0.722163 0.417081
vt 0.811846 0.566610
vt 0.810577 0.575669
vt 0.830859 0.571965
vt 0.811846 0.548495
vt 0.810577 0.557553
vt 0.830858 0.553848
vt 0.811846 0.521320
vt 0.811333 0.530379
vt 0.830859 0.525850
vt 0.811135 0.466974
vt 0.809715 0.476031
vt 0.830859 0.471273
vt 0.811050 0.412627
vt 0.811218 0.421684
vt 0.830858 0.416025
vt 0.811267 0.394510
vt 0.811865 0.403569
vt 0.830858 0.398423
vt 0.811848 0.376394
vt 0.811364 0.385452
vt 0.830859 0.380820
vt 0.057448 0.841072
vt 0.852168 0.274798
vt 0.838854 0.275290
vt 0.852168 0.267121
vt 0.840299 0.270219
vt 0.879167 0.316027
vt 0.864281 0.276727
vt 0.820254 0.302306
vt 0.825683 0.315619
vt 0.873082 0.278524
vt 0.879722 0.279743
vt 0.843327 0.330294
vt 0.880180 0.290405
vt 0.828924 0.282491
vt 0.832885 0.325551
vt 0.831239 0.325549
vt 0.790400 0.286953
vt 0.800000 0.265396
vt 0.826326 0.242520
vt 0.902861 0.259077
vt 0.916809 0.287659
vt 0.003308 0.909602
vt 0.994947 0.928724
vt 0.980608 0.907707
vt 0.957540 0.895855
vt 0.994947 0.961957
vt 0.974570 0.990131
vt 0.940550 0.997551
vt 0.910469 0.984582
vt 0.895657 0.956100
vt 0.903741 0.917874
vt 0.931316 0.896687
vt 0.165872 0.848388
vt 0.220013 0.909601
vt 0.211051 0.910364
vt 0.216428 0.821406
vt 0.008793 0.821406
vt 0.052107 0.821406
vt 0.074387 0.821406
vt 0.084554 0.909601
vt 0.093590 0.910867
vt 0.102625 0.909807
vt 0.111660 0.910355
vt 0.120696 0.910345
vt 0.144403 0.821406
vt 0.138767 0.842200
vt 0.147802 0.910499
vt 0.161455 0.821406
vt 0.174909 0.911804
vt 0.183944 0.910714
vt 0.192979 0.910569
vt 0.202015 0.910366
vt 0.219565 0.929832
vt 0.205701 0.929832
vt 0.003754 0.929832
vt 0.084554 0.929832
vt 0.098108 0.929832
vt 0.116178 0.929832
vt 0.147802 0.929832
vt 0.174909 0.929832
vt 0.187397 0.929832
vt 0.872027 0.946681
vt 0.852646 0.925827
vt 0.940948 0.690139
vt 0.912827 0.688458
vt 0.889742 0.700064
vt 0.967652 0.712547
vt 0.974110 0.750173
vt 0.958947 0.777939
vt 0.933904 0.790488
vt 0.899603 0.784533
vt 0.874958 0.755045
vt 0.874958 0.721589
vt 0.876504 0.834588
vt 0.847560 0.856577
vt 0.851675 0.825865
vt 0.787154 0.854745
vt 0.790660 0.928091
vt 0.847934 0.953274
vt 0.830420 0.858140
vt 0.818691 0.868678
vt 0.813877 0.893157
vt 0.812728 0.879376
vt 0.823995 0.912821
vt 0.837041 0.917370
vt 0.854144 0.920268
vt 0.868515 0.899309
vt 0.864830 0.875505
vt 0.855805 0.866260
vt 0.847560 0.857795
vt 0.749211 0.584726
vt 0.737580 0.584624
vt 0.811340 0.584644
vt 0.743732 0.494148
vt 0.749212 0.394510
vt 0.749211 0.367336
vt 0.722163 0.584192
vt 0.811340 0.367419
vt 0.810577 0.539437
vt 0.722163 0.525024
vt 0.810033 0.512263
vt 0.812521 0.503205
vt 0.722163 0.490143
vt 0.811099 0.494148
vt 0.811011 0.485089
vt 0.743320 0.485089
vt 0.811232 0.457915
vt 0.812528 0.448857
vt 0.722163 0.440828
vt 0.810783 0.439800
vt 0.810606 0.430741
vt 0.722163 0.398250
vt 0.722163 0.376907
vt 0.830858 0.367857
vt 0.830858 0.584204
vt 0.830858 0.539437
vt 0.830858 0.512263
vt 0.830859 0.498052
vt 0.830858 0.485089
vt 0.830858 0.457915
vt 0.830859 0.444641
vt 0.830858 0.430741
vt 0.529221 0.004113
vt 0.505102 0.109310
vt 0.464529 0.076539
vt 0.686673 0.076539
vt 0.677549 0.109046
vt 0.646099 0.109310
vt 0.621980 0.004113
vt 0.611723 0.109392
vt 0.665054 0.008351
vt 0.705839 0.011680
vt 0.696256 0.044109
vt 0.575601 0.109253
vt 0.575601 0.003327
vt 0.539478 0.109392
vt 0.445362 0.011680
vt 0.486147 0.008351
vt 0.454945 0.044109
vt 0.473652 0.109046
vt 0.709746 0.924623
vt 0.590717 0.924623
vt 0.658811 0.831654
vt 0.580864 0.830562
vt 0.194778 0.404235
vt 0.183447 0.314695
vt 0.261760 0.314695
vt 0.249799 0.408918
vt 0.359957 0.662299
vt 0.364640 0.717320
vt 0.270417 0.729280
vt 0.270417 0.650968
vt 0.838376 0.369894
vt 0.931346 0.420829
vt 0.838376 0.488923
vt 0.932437 0.498776
s 1
usemtl Material.004
f 650/1/1 2/2/2 3/3/3
f 2/2/2 4/4/4 3/3/3
f 5/5/5 6/6/6 4/4/4
f 5/5/5 4/4/4 2/2/2
f 7/7/7 3/3/3 4/4/4
f 7/7/7 4/4/4 6/6/6
f 8/8/8 9/9/9 10/10/10
f 8/8/8 10/10/10 11/11/11
f 12/12/12 13/13/13 10/10/10
f 12/12/12 10/10/10 9/9/9
f 14/14/14 11/11/11 10/10/10
f 14/14/14 10/10/10 13/13/13
f 15/15/15 16/16/16 17/17/17
f 15/15/15 17/17/17 18/18/18
f 18/19/18 17/20/17 19/21/19
f 18/19/18 19/21/19 652/22/20
f 21/23/21 12/12/12 9/9/9
f 21/23/21 9/9/9 22/24/22
f 22/24/22 9/9/9 8/8/8
f 22/24/22 8/8/8 23/25/23
f 24/26/24 5/5/5 25/27/25
f 5/5/5 2/2/2 25/27/25
f 25/27/25 2/2/2 651/28/26
f 2/2/2 650/1/1 651/28/26
f 5/5/5 14/14/14 13/13/13
f 5/5/5 13/13/13 6/6/6
f 7/7/7 6/6/6 13/13/13
f 27/29/27 7/7/7 13/13/13
f 28/30/28 27/29/27 13/13/13
f 12/12/12 28/30/28 13/13/13
f 29/31/29 8/8/8 11/11/11
f 29/31/29 11/11/11 30/32/30
f 30/32/30 11/11/11 14/14/14
f 30/32/30 14/14/14 31/33/31
f 7/7/7 15/15/15 3/34/3
f 15/15/15 18/18/18 3/34/3
f 32/35/32 33/36/32 34/37/32
f 32/35/32 34/37/32 35/38/33
f 36/39/34 37/40/35 19/21/19
f 36/39/34 19/21/19 38/41/36
f 39/42/37 40/43/38 41/44/39
f 42/45/40 39/42/37 41/44/39
f 43/46/41 42/45/40 41/44/39
f 44/47/39 43/46/41 41/44/39
f 5/5/5 24/26/24 14/14/14
f 24/26/24 31/33/31 14/14/14
f 28/30/28 45/48/42 46/49/43
f 28/30/28 46/49/43 27/29/27
f 47/50/44 48/51/44 49/52/44
f 48/51/45 50/53/45 49/52/45
f 32/35/46 51/54/47 21/23/21
f 51/54/47 12/12/12 21/23/21
f 51/54/47 52/55/48 12/12/12
f 52/55/48 28/30/28 12/12/12
f 48/51/49 47/50/50 15/15/15
f 48/51/49 15/15/15 7/7/7
f 33/36/51 32/35/46 21/23/21
f 33/36/51 21/23/21 45/48/42
f 52/55/48 33/36/51 45/48/42
f 52/55/48 45/48/42 28/30/28
f 47/50/50 53/56/52 15/15/15
f 53/56/52 46/49/43 15/15/15
f 54/57/53 48/51/49 7/7/7
f 54/57/53 7/7/7 27/29/27
f 53/56/52 54/57/53 46/49/43
f 54/57/53 27/29/27 46/49/43
f 101/58/54 26/59/55 658/59/56 659/58/57
f 119/60/58 101/58/54 659/58/57 661/60/59
f 40/43/60 56/61/61 8/8/8
f 56/61/61 23/25/23 8/8/8
f 41/44/62 40/43/60 8/8/8
f 41/44/62 8/8/8 29/31/29
f 56/62/61 57/63/63 23/64/23
f 57/63/63 58/65/64 23/64/23
f 57/63/65 56/62/66 59/66/66
f 57/63/65 59/66/66 60/67/66
f 57/63/65 60/67/66 61/68/66
f 57/63/65 61/68/66 62/69/65
f 33/36/67 52/55/67 34/37/67
f 52/55/67 63/70/67 34/37/67
f 53/56/68 47/50/68 49/52/68
f 53/56/68 49/52/68 64/71/68
f 48/51/69 54/57/69 50/53/69
f 54/57/69 65/72/69 50/53/69
f 54/57/70 53/56/70 64/71/70
f 54/57/70 64/71/70 65/72/70
f 51/54/71 32/35/72 35/38/72
f 51/54/71 35/38/72 66/73/73
f 52/55/74 51/54/71 66/73/73
f 52/55/74 66/73/73 63/70/75
f 3/74/3 18/19/18 652/22/20
f 3/74/3 652/22/20 650/1/1
f 59/75/76 56/61/76 40/43/77
f 67/76/76 59/75/76 40/43/38
f 68/77/78 67/76/76 40/43/38
f 39/42/37 68/77/78 40/43/38
f 69/78/79 70/79/80 71/80/81
f 72/81/82 73/82/83 71/80/81
f 72/81/82 71/80/81 70/79/80
f 74/83/84 75/84/85 73/82/83
f 74/83/84 73/82/83 72/81/82
f 58/65/64 75/84/85 23/64/23
f 75/84/85 74/83/84 23/64/23
f 23/85/23 74/86/84 76/87/86
f 23/85/23 76/87/86 22/88/22
f 77/89/87 76/87/86 72/90/82
f 76/87/86 74/86/84 72/90/82
f 78/91/88 77/89/87 70/92/80
f 77/89/87 72/90/82 70/92/80
f 79/93/89 80/94/90 69/95/79
f 80/94/90 70/92/80 69/95/79
f 80/94/90 81/96/91 70/92/80
f 81/96/91 78/91/88 70/92/80
f 21/97/21 22/88/22 76/87/86
f 21/97/21 76/87/86 82/98/92
f 76/87/86 77/89/87 82/98/92
f 77/89/87 83/99/93 82/98/92
f 77/89/87 78/91/88 84/100/94
f 77/89/87 84/100/94 83/99/93
f 85/101/95 84/100/94 78/91/88
f 85/101/95 78/91/88 81/96/91
f 85/102/95 86/103/96 84/104/94
f 86/103/96 87/105/97 84/104/94
f 83/106/93 84/104/94 87/105/97
f 83/106/93 87/105/97 88/107/98
f 83/106/93 88/107/98 82/108/92
f 88/107/98 89/109/99 82/108/92
f 21/23/21 82/108/92 90/110/100
f 82/108/92 89/109/99 90/110/100
f 21/23/21 90/110/100 91/111/101
f 21/23/21 91/111/101 45/48/42
f 92/112/102 93/113/103 94/114/104
f 93/113/103 91/111/101 94/114/104
f 95/115/105 16/16/16 92/112/102
f 16/16/16 93/113/103 92/112/102
f 87/105/97 86/103/96 96/116/106
f 91/111/101 93/113/103 46/49/43
f 91/111/101 46/49/43 45/48/42
f 88/107/98 87/105/97 96/116/106
f 88/107/98 96/116/106 97/117/107
f 93/113/103 16/16/16 46/49/43
f 16/16/16 15/15/15 46/49/43
f 89/109/99 88/107/98 98/118/108
f 88/107/98 97/117/107 98/118/108
f 90/110/100 89/109/99 98/118/108
f 94/114/104 91/111/101 90/110/100
f 99/119/109 94/114/104 90/110/100
f 98/118/108 99/119/109 90/110/100
f 19/21/19 37/40/35 55/120/110
f 19/21/19 55/120/110 652/22/20
f 19/21/19 17/20/17 100/121/111
f 19/21/19 100/121/111 38/41/36
f 17/17/17 16/16/16 100/122/111
f 16/16/16 95/115/105 100/122/111
f 38/123/112 100/124/112 95/125/105
f 36/126/113 38/123/112 95/125/105
f 79/127/114 36/126/113 95/125/105
f 80/128/112 79/127/114 95/125/105
f 81/129/112 80/128/112 95/125/105
f 85/130/112 81/129/112 95/125/105
f 95/125/105 92/131/102 94/132/104
f 85/130/112 95/125/105 94/132/104
f 85/130/112 94/132/104 99/133/109
f 97/134/107 96/135/106 86/136/112
f 97/134/107 86/136/112 85/130/112
f 653/137/115 102/138/116 103/139/117
f 102/138/116 104/140/118 103/139/117
f 105/141/119 103/139/117 104/140/118
f 105/141/119 104/140/118 106/142/120
f 107/143/121 106/142/120 104/140/118
f 107/143/121 104/140/118 102/138/116
f 108/144/122 109/145/123 110/146/124
f 108/144/122 110/146/124 111/147/125
f 112/148/126 111/147/125 110/146/124
f 112/148/126 110/146/124 113/149/127
f 114/150/128 113/149/127 110/146/124
f 114/150/128 110/146/124 109/145/123
f 115/151/129 116/152/130 117/153/131
f 115/151/129 117/153/131 118/154/132
f 116/155/130 655/156/133 120/157/134
f 116/155/130 120/157/134 117/158/131
f 121/159/135 122/160/136 111/147/125
f 121/159/135 111/147/125 112/148/126
f 122/160/136 123/161/137 108/144/122
f 122/160/136 108/144/122 111/147/125
f 24/26/24 25/27/25 105/141/119
f 25/27/25 103/139/117 105/141/119
f 25/27/25 651/28/26 103/139/117
f 651/28/26 653/137/115 103/139/117
f 105/141/119 106/142/120 113/149/127
f 105/141/119 113/149/127 114/150/128
f 106/142/120 107/143/121 124/162/138
f 106/142/120 124/162/138 125/163/139
f 106/142/120 125/163/139 112/148/126
f 106/142/120 112/148/126 113/149/127
f 29/31/29 30/32/30 109/145/123
f 29/31/29 109/145/123 108/144/122
f 30/32/30 31/33/31 114/150/128
f 30/32/30 114/150/128 109/145/123
f 107/143/121 102/164/116 115/151/129
f 102/164/116 116/152/130 115/151/129
f 126/165/140 127/166/140 128/167/140
f 126/165/141 128/167/141 129/168/141
f 36/39/34 130/169/142 120/157/134
f 36/39/34 120/157/134 37/40/35
f 131/170/143 132/171/144 133/172/145
f 131/170/143 133/172/145 134/173/145
f 131/170/143 134/173/145 44/47/39
f 131/170/143 44/47/39 41/44/39
f 105/141/119 114/150/128 24/26/24
f 114/150/128 31/33/31 24/26/24
f 125/163/139 124/162/138 135/174/146
f 125/163/139 135/174/146 136/175/147
f 137/176/148 138/177/148 139/178/148
f 138/177/148 140/179/149 139/178/148
f 126/165/150 121/159/135 141/180/151
f 121/159/135 112/148/126 141/180/151
f 141/180/151 112/148/126 142/181/152
f 112/148/126 125/163/139 142/181/152
f 139/178/153 107/143/121 115/151/129
f 139/178/153 115/151/129 137/176/154
f 129/168/155 136/175/147 121/159/135
f 129/168/155 121/159/135 126/165/150
f 142/181/152 125/163/139 136/175/147
f 142/181/152 136/175/147 129/168/155
f 137/176/154 115/151/129 143/182/156
f 115/151/129 135/174/146 143/182/156
f 144/183/157 124/162/138 107/143/121
f 144/183/157 107/143/121 139/178/153
f 143/182/156 135/174/146 144/183/157
f 135/174/146 124/162/138 144/183/157
f 1/184/158 20/185/159 660/185/160 656/184/161
f 20/185/159 654/186/162 657/186/163 660/185/160
f 131/170/164 108/144/122 145/187/165
f 108/144/122 123/161/137 145/187/165
f 41/44/62 29/31/29 108/144/122
f 41/44/62 108/144/122 131/170/164
f 145/188/165 123/189/137 57/63/63
f 123/189/137 58/65/64 57/63/63
f 57/63/65 62/69/65 146/190/166
f 57/63/65 146/190/166 147/191/166
f 57/63/65 147/191/166 148/192/166
f 57/63/65 148/192/166 145/188/166
f 129/168/167 128/167/167 142/181/167
f 128/167/167 149/193/167 142/181/167
f 143/182/168 150/194/168 138/177/168
f 143/182/168 138/177/168 137/176/168
f 139/178/169 140/179/169 144/183/169
f 140/179/169 151/195/169 144/183/169
f 144/183/170 151/195/170 150/194/170
f 144/183/170 150/194/170 143/182/170
f 141/180/171 152/196/172 127/166/173
f 141/180/174 127/166/173 126/165/173
f 142/181/175 149/193/176 152/196/172
f 142/181/175 152/196/172 141/180/171
f 102/197/116 653/137/115 655/156/133
f 102/197/116 655/156/133 116/155/130
f 131/170/143 145/187/177 148/198/178
f 131/170/143 148/198/178 153/199/177
f 132/171/144 131/170/143 153/199/177
f 154/200/177 132/171/144 153/199/177
f 69/78/79 71/80/81 155/201/179
f 156/202/180 155/201/179 71/80/81
f 156/202/180 71/80/81 73/82/83
f 157/203/181 156/202/180 73/82/83
f 157/203/181 73/82/83 75/84/85
f 58/65/64 123/189/137 75/84/85
f 123/189/137 157/203/181 75/84/85
f 123/204/137 122/205/136 158/206/182
f 123/204/137 158/206/182 157/207/181
f 159/208/183 156/209/180 158/206/182
f 156/209/180 157/207/181 158/206/182
f 160/210/184 155/211/179 159/208/183
f 155/211/179 156/209/180 159/208/183
f 79/93/89 69/95/79 161/212/185
f 69/95/79 155/211/179 161/212/185
f 161/212/185 155/211/179 162/213/186
f 155/211/179 160/210/184 162/213/186
f 121/214/135 163/215/187 158/206/182
f 121/214/135 158/206/182 122/205/136
f 158/206/182 163/215/187 159/208/183
f 163/215/187 164/216/188 159/208/183
f 159/208/183 164/216/188 165/217/189
f 159/208/183 165/217/189 160/210/184
f 166/218/190 162/213/186 160/210/184
f 166/218/190 160/210/184 165/217/189
f 166/219/190 165/220/189 167/221/191
f 165/220/189 168/222/192 167/221/191
f 164/223/188 169/224/193 168/222/192
f 164/223/188 168/222/192 165/220/189
f 164/223/188 163/225/187 169/224/193
f 163/225/187 170/226/194 169/224/193
f 121/159/135 171/227/195 163/225/187
f 171/227/195 170/226/194 163/225/187
f 121/159/135 136/175/147 172/228/196
f 121/159/135 172/228/196 171/227/195
f 173/229/197 174/230/198 175/231/199
f 174/230/198 172/228/196 175/231/199
f 176/232/200 173/229/197 118/154/132
f 173/229/197 175/231/199 118/154/132
f 168/222/192 177/233/201 167/221/191
f 172/228/196 136/175/147 135/174/146
f 172/228/196 135/174/146 175/231/199
f 169/224/193 178/234/202 177/233/201
f 169/224/193 177/233/201 168/222/192
f 175/231/199 135/174/146 118/154/132
f 135/174/146 115/151/129 118/154/132
f 170/226/194 179/235/203 169/224/193
f 179/235/203 178/234/202 169/224/193
f 171/227/195 179/235/203 170/226/194
f 171/227/195 172/228/196 174/230/198
f 179/235/203 171/227/195 174/230/198
f 180/236/204 179/235/203 174/230/198
f 120/157/134 655/156/133 55/120/110
f 120/157/134 55/120/110 37/40/35
f 120/157/134 130/169/142 181/237/205
f 120/157/134 181/237/205 117/158/131
f 117/153/131 181/238/205 118/154/132
f 181/238/205 176/232/200 118/154/132
f 176/239/200 181/240/206 130/241/206
f 173/242/197 176/239/200 130/241/206
f 174/243/198 173/242/197 130/241/206
f 180/244/204 174/243/198 130/241/206
f 179/245/203 180/244/204 130/241/206
f 178/246/202 179/245/203 130/241/206
f 178/246/202 130/241/206 36/126/113
f 177/247/201 178/246/202 36/126/113
f 167/248/206 177/247/201 36/126/113
f 166/249/206 167/248/206 36/126/113
f 162/250/206 166/249/206 36/126/113
f 161/251/206 162/250/206 36/126/113
f 79/127/114 161/251/206 36/126/113
f 182/252/207 183/253/207 184/254/207
f 182/252/208 185/255/208 183/253/208
f 186/256/209 187/257/209 188/258/209
f 186/256/210 189/259/210 187/257/210
f 190/260/211 191/261/211 192/262/211
f 190/260/212 193/263/212 191/261/212
f 194/264/213 195/265/213 196/266/213
f 197/267/214 198/268/214 199/269/214
f 199/269/215 200/270/215 201/271/215
f 202/272/216 203/273/216 204/274/216
f 205/275/217 206/276/218 207/277/219
f 208/278/220 209/279/221 210/280/222
f 202/272/223 209/279/221 208/278/220
f 211/281/224 212/282/225 213/283/226
f 197/267/227 214/284/228 215/285/229
f 199/269/230 214/284/228 197/267/227
f 199/269/230 216/286/231 214/284/228
f 217/287/232 218/288/232 219/289/232
f 220/290/233 221/291/233 222/292/233
f 223/293/234 224/294/234 225/295/234
f 194/296/235 226/297/235 195/298/235
f 227/299/236 228/300/236 193/263/236
f 193/263/237 228/300/237 191/261/237
f 229/301/238 230/302/238 185/255/238
f 183/253/239 231/303/239 232/304/239
f 233/305/240 234/306/240 235/307/240
f 220/290/241 236/308/241 221/291/241
f 237/309/242 214/310/242 238/311/242
f 239/312/243 215/313/243 240/314/243
f 241/315/244 242/316/244 243/317/244
f 244/318/245 245/319/245 246/320/245
f 247/321/246 248/322/246 249/323/246
f 250/324/247 209/325/247 251/326/247
f 252/327/232 253/328/232 254/329/232
f 255/330/230 256/331/229 257/332/227
f 257/332/227 256/331/229 258/333/248
f 252/327/249 259/334/250 260/335/251
f 252/327/249 260/335/251 261/336/252
f 262/337/253 263/338/253 264/339/253
f 262/337/254 264/339/254 265/340/254
f 266/341/255 267/342/256 268/343/257
f 268/343/257 267/342/256 269/344/258
f 270/345/259 271/346/260 272/347/261
f 257/332/262 273/348/262 255/330/262
f 270/345/263 274/349/263 275/350/263
f 276/351/264 277/352/264 278/353/264
f 279/354/265 280/355/265 281/356/265
f 282/357/266 283/358/266 284/359/266
f 282/357/267 284/359/267 285/360/267
f 286/361/268 287/362/268 288/363/268
f 289/364/269 290/365/269 291/366/269
f 291/366/270 290/365/270 292/367/270
f 293/368/271 294/369/271 295/370/271
f 295/370/272 294/369/272 296/371/272
f 297/372/273 298/373/273 299/374/273
f 227/299/274 300/375/274 195/265/274
f 300/375/274 196/266/275 195/265/274
f 301/376/276 302/377/276 303/378/276
f 278/353/277 304/379/277 280/355/277
f 280/355/278 305/380/278 283/358/278
f 286/361/279 306/381/279 287/362/279
f 307/382/280 308/383/280 289/364/280
f 289/364/281 308/383/281 290/365/281
f 294/369/282 309/384/282 298/373/282
f 310/385/283 256/386/283 311/387/283
f 312/388/284 258/389/284 313/390/284
f 314/391/285 260/392/285 315/393/285
f 316/394/286 264/395/286 317/396/286
f 318/397/287 319/398/287 320/399/287
f 321/400/288 271/401/288 322/402/288
f 323/403/289 324/404/289 325/405/289
f 232/304/290 184/254/290 183/253/290
f 188/258/291 187/257/291 229/301/291
f 326/406/292 192/262/292 191/261/292
f 300/375/293 227/299/293 193/263/293
f 327/407/294 328/408/295 329/409/294
f 328/408/295 330/410/294 329/409/294
f 331/411/296 197/267/296 219/289/297
f 331/411/296 219/289/297 218/288/298
f 332/412/299 211/281/300 327/407/301
f 211/281/300 328/408/299 327/407/301
f 333/413/302 202/272/302 334/414/302
f 202/272/302 208/278/302 334/414/302
f 335/415/303 336/416/304 211/281/303
f 335/415/303 211/281/303 332/412/304
f 197/267/305 331/411/305 198/268/305
f 202/272/306 333/413/306 203/273/306
f 337/417/307 205/275/307 200/270/307
f 205/275/307 201/271/307 200/270/307
f 199/269/308 198/268/308 200/270/308
f 338/418/309 217/287/309 335/415/309
f 217/287/309 336/416/309 335/415/309
f 204/274/310 203/273/310 339/419/310
f 329/409/311 330/410/312 339/419/313
f 330/410/312 204/274/311 339/419/313
f 340/420/314 341/421/314 337/417/314
f 341/421/314 205/275/314 337/417/314
f 334/414/315 208/278/315 340/420/316
f 208/278/315 341/421/315 340/420/316
f 217/287/317 338/418/317 218/288/317
f 337/417/318 200/270/318 198/268/318
f 340/420/318 337/417/318 198/268/318
f 334/414/318 340/420/318 198/268/318
f 333/413/318 334/414/318 198/268/318
f 203/273/318 333/413/318 198/268/318
f 339/419/318 203/273/318 198/268/318
f 329/409/318 339/419/318 198/268/318
f 327/407/318 329/409/318 198/268/318
f 332/412/318 327/407/318 198/268/318
f 335/415/318 332/412/318 198/268/318
f 338/418/318 335/415/318 198/268/318
f 218/288/318 338/418/318 198/268/318
f 331/411/318 218/288/318 198/268/318
f 216/286/231 199/269/230 201/271/319
f 216/286/231 201/271/319 207/277/219
f 210/280/222 206/276/218 341/421/320
f 210/280/222 341/421/320 208/278/220
f 201/271/319 205/275/217 207/277/219
f 205/275/217 341/421/320 206/276/218
f 342/422/321 202/272/223 204/274/322
f 342/422/321 204/274/322 248/423/323
f 202/272/223 342/422/321 209/279/221
f 248/423/323 204/274/322 343/424/324
f 204/274/322 330/410/324 343/424/324
f 343/424/324 330/410/324 328/408/325
f 343/424/324 328/408/325 213/283/226
f 212/282/225 211/281/224 336/416/251
f 212/282/225 336/416/251 245/425/326
f 328/408/325 211/281/224 213/283/226
f 245/425/326 336/416/251 242/426/326
f 336/416/251 217/287/327 242/426/326
f 215/285/229 242/426/326 219/289/229
f 242/426/326 217/287/327 219/289/229
f 219/289/229 197/267/227 215/285/229
f 238/311/328 344/427/328 196/266/328
f 344/427/328 194/264/328 196/266/328
f 234/428/329 345/429/329 346/430/330
f 236/431/330 234/428/329 346/430/330
f 347/432/331 236/431/330 346/430/330
f 228/433/332 347/432/331 346/430/330
f 348/434/333 228/433/332 346/430/330
f 349/435/334 348/434/333 346/430/330
f 230/436/332 349/435/334 346/430/330
f 231/437/329 230/436/332 346/430/330
f 350/438/335 225/295/335 233/305/335
f 350/438/336 223/293/336 225/295/336
f 222/292/337 221/291/337 226/297/337
f 344/439/338 351/440/338 194/296/338
f 351/440/338 226/297/338 194/296/338
f 195/298/339 226/297/339 347/441/339
f 347/442/340 228/300/340 195/265/340
f 228/300/340 227/299/340 195/265/340
f 237/309/341 238/311/341 196/266/341
f 237/309/341 196/266/341 300/375/341
f 240/314/342 237/309/342 193/263/342
f 237/309/342 300/375/343 193/263/342
f 239/312/344 240/314/344 190/260/344
f 240/314/344 193/263/344 190/260/344
f 243/317/345 239/312/345 190/260/345
f 243/317/345 190/260/345 192/262/345
f 191/261/346 228/300/346 348/443/346
f 241/315/347 243/317/347 192/262/347
f 241/315/347 192/262/347 326/406/347
f 326/406/348 191/261/348 348/443/348
f 349/444/349 189/259/349 326/406/350
f 349/444/349 326/406/350 348/443/349
f 189/259/351 246/320/351 241/315/351
f 189/259/351 241/315/351 326/406/351
f 244/318/352 246/320/352 189/259/352
f 244/318/352 189/259/352 186/256/352
f 187/257/353 189/259/353 349/444/353
f 352/445/354 244/318/354 186/256/354
f 352/445/354 186/256/354 188/258/354
f 230/302/355 229/301/355 187/257/355
f 230/302/355 187/257/355 349/444/355
f 353/446/356 352/445/356 229/301/356
f 352/445/356 188/258/356 229/301/356
f 354/447/357 353/446/357 185/255/357
f 353/446/357 229/301/357 185/255/357
f 230/302/358 231/303/358 183/253/358
f 230/302/358 183/253/358 185/255/358
f 182/252/359 355/448/359 354/447/359
f 182/252/359 354/447/359 185/255/359
f 184/254/360 356/449/360 182/252/360
f 356/449/360 355/448/360 182/252/360
f 249/323/361 356/449/362 232/304/362
f 356/449/362 184/254/362 232/304/362
f 231/303/363 346/450/363 232/304/363
f 346/450/363 357/451/363 232/304/363
f 357/451/364 247/321/364 232/304/364
f 247/321/364 249/323/364 232/304/364
f 224/294/365 358/452/365 357/451/365
f 358/452/365 247/321/365 357/451/365
f 224/294/366 357/451/366 346/450/366
f 346/450/367 345/453/367 224/294/367
f 345/453/367 225/295/367 224/294/367
f 223/293/368 251/326/368 224/294/368
f 251/326/368 358/452/368 224/294/368
f 350/438/369 250/324/369 223/293/369
f 250/324/369 251/326/369 223/293/369
f 234/306/370 233/305/370 345/453/370
f 233/305/370 225/295/370 345/453/370
f 233/305/371 359/454/371 250/324/371
f 233/305/371 250/324/371 350/438/371
f 360/455/372 359/454/372 233/305/372
f 360/455/372 233/305/372 235/307/372
f 236/308/373 220/290/373 234/306/373
f 220/290/373 235/307/373 234/306/373
f 361/456/374 360/455/374 220/290/374
f 360/455/374 235/307/374 220/290/374
f 362/457/375 361/456/375 222/292/375
f 361/456/375 220/290/375 222/292/375
f 347/441/376 226/297/376 221/291/376
f 347/441/376 221/291/376 236/308/377
f 351/440/378 362/457/378 226/297/378
f 362/457/378 222/292/378 226/297/378
f 216/458/379 207/459/380 344/439/379
f 207/459/380 351/440/380 344/439/379
f 216/460/381 344/427/381 214/310/381
f 344/427/381 238/311/381 214/310/381
f 215/313/382 214/310/382 237/309/382
f 215/313/382 237/309/382 240/314/382
f 215/313/383 239/312/383 242/316/383
f 239/312/383 243/317/383 242/316/383
f 242/316/384 241/315/384 246/320/384
f 242/316/384 246/320/384 245/319/384
f 212/461/385 245/319/385 244/318/385
f 212/461/385 244/318/385 352/445/385
f 212/461/386 352/445/386 213/462/386
f 352/445/386 353/446/386 213/462/386
f 343/463/387 213/462/388 355/448/389
f 213/462/388 354/447/387 355/448/389
f 353/446/390 354/447/390 213/462/390
f 343/463/391 356/449/391 248/322/391
f 356/449/391 249/323/391 248/322/391
f 355/448/392 356/449/392 343/463/392
f 248/322/393 247/321/393 358/452/393
f 248/322/393 358/452/393 342/464/393
f 342/464/394 358/452/394 209/325/394
f 358/452/394 251/326/394 209/325/394
f 210/465/395 209/325/395 359/454/395
f 209/325/395 250/324/395 359/454/395
f 206/466/396 210/465/396 359/454/396
f 206/466/396 359/454/396 360/455/396
f 207/459/397 206/466/397 362/457/398
f 206/466/397 361/456/397 362/457/398
f 360/455/399 361/456/399 206/466/399
f 362/457/400 351/440/400 207/459/400
f 363/467/327 256/331/229 255/330/230
f 363/467/327 255/330/230 364/468/326
f 306/469/401 365/470/401 305/471/402
f 366/472/401 306/469/401 305/471/402
f 308/473/401 366/472/401 305/471/402
f 367/474/401 308/473/401 305/471/402
f 309/475/401 367/474/401 305/471/402
f 368/476/401 309/475/401 305/471/402
f 369/477/401 368/476/401 305/471/402
f 304/478/403 369/477/401 305/471/402
f 259/334/250 252/327/249 254/329/404
f 259/334/250 254/329/404 258/333/248
f 254/329/404 257/332/227 258/333/248
f 370/479/252 371/480/405 372/481/406
f 370/479/252 372/481/406 261/336/252
f 261/336/252 260/335/251 370/479/252
f 371/480/407 263/338/407 372/481/407
f 263/338/407 262/337/407 372/481/407
f 267/342/408 266/341/408 373/482/408
f 266/341/408 265/340/408 373/482/408
f 265/340/409 264/339/409 373/482/409
f 269/344/258 319/483/258 275/350/410
f 269/344/258 275/350/410 268/343/257
f 270/345/259 275/350/410 319/483/258
f 270/345/259 319/483/258 271/346/260
f 272/347/261 271/346/260 324/484/411
f 364/468/326 272/347/261 324/484/411
f 364/468/326 324/484/411 363/467/327
f 374/485/412 262/337/412 375/486/412
f 262/337/412 265/340/412 375/486/412
f 375/486/318 376/487/318 377/488/318
f 374/485/318 375/486/318 377/488/318
f 378/489/318 374/485/318 377/488/318
f 379/490/318 378/489/318 377/488/318
f 380/491/318 379/490/318 377/488/318
f 253/328/318 380/491/318 377/488/318
f 381/492/318 253/328/318 377/488/318
f 273/348/318 381/492/318 377/488/318
f 382/493/318 273/348/318 377/488/318
f 383/494/318 382/493/318 377/488/318
f 384/495/318 383/494/318 377/488/318
f 274/349/318 384/495/318 377/488/318
f 270/345/413 384/495/413 274/349/413
f 384/495/414 270/345/414 383/494/414
f 270/345/414 272/347/414 383/494/414
f 252/327/317 380/491/317 253/328/317
f 380/491/309 252/327/309 379/490/309
f 252/327/309 261/336/309 379/490/309
f 375/486/415 265/340/415 376/487/416
f 265/340/415 266/341/415 376/487/416
f 383/494/417 272/347/417 364/468/417
f 383/494/417 364/468/417 382/493/417
f 382/493/418 364/468/418 273/348/418
f 364/468/418 255/330/418 273/348/418
f 376/487/419 266/341/420 377/488/419
f 266/341/420 268/343/419 377/488/419
f 379/490/421 261/336/421 378/489/421
f 261/336/421 372/481/421 378/489/421
f 377/488/422 268/343/422 274/349/422
f 268/343/422 275/350/422 274/349/422
f 257/332/423 381/492/423 273/348/423
f 374/485/424 378/489/424 262/337/424
f 378/489/424 372/481/424 262/337/424
f 381/492/296 257/332/296 254/329/298
f 381/492/296 254/329/298 253/328/298
f 278/353/425 280/355/425 276/351/425
f 280/355/425 279/354/425 276/351/425
f 385/496/426 303/497/426 277/352/426
f 311/387/427 386/498/427 277/352/427
f 386/498/427 385/496/427 277/352/427
f 281/356/428 280/355/428 283/358/428
f 285/360/429 284/359/429 286/361/429
f 288/363/430 287/362/430 387/499/430
f 292/367/431 290/365/431 293/368/431
f 296/371/432 294/369/432 298/373/432
f 388/500/433 297/372/433 299/374/433
f 302/377/434 388/500/434 299/374/434
f 385/501/435 301/376/435 303/378/435
f 304/379/436 277/352/436 303/497/436
f 304/379/436 303/497/436 369/502/436
f 386/503/437 323/403/438 385/501/437
f 323/403/438 301/376/437 385/501/437
f 310/385/439 311/387/439 276/351/439
f 311/387/439 277/352/439 276/351/439
f 278/353/440 277/352/440 304/379/440
f 313/390/441 310/385/441 276/351/441
f 313/390/441 276/351/441 279/354/441
f 312/388/442 313/390/443 281/356/444
f 313/390/443 279/354/442 281/356/444
f 280/355/445 304/379/445 305/380/445
f 389/504/446 312/388/446 283/358/446
f 312/388/446 281/356/446 283/358/446
f 305/380/447 365/505/447 284/359/447
f 305/380/447 284/359/447 283/358/447
f 315/393/448 389/504/448 282/357/448
f 389/504/448 283/358/448 282/357/448
f 314/391/449 315/393/449 282/357/449
f 314/391/449 282/357/449 285/360/449
f 365/505/450 306/381/450 286/361/450
f 365/505/450 286/361/450 284/359/450
f 390/506/451 314/391/451 285/360/451
f 390/506/451 285/360/451 286/361/451
f 288/363/452 391/507/452 286/361/452
f 391/507/452 390/506/452 286/361/452
f 366/508/453 387/499/453 287/362/453
f 366/508/453 287/362/453 306/381/453
f 392/509/454 391/507/454 387/499/454
f 391/507/454 288/363/454 387/499/454
f 393/510/455 392/509/455 394/511/455
f 392/509/455 387/499/455 394/511/455
f 394/511/456 387/499/456 366/508/456
f 366/508/457 308/383/457 307/382/457
f 366/508/457 307/382/457 394/511/457
f 317/396/458 393/510/458 307/382/458
f 393/510/458 394/511/458 307/382/458
f 289/364/459 316/394/459 307/382/459
f 316/394/459 317/396/459 307/382/459
f 291/366/460 395/512/460 289/364/460
f 395/512/460 316/394/460 289/364/460
f 292/367/461 396/513/461 395/512/461
f 292/367/461 395/512/461 291/366/461
f 290/365/462 308/383/462 367/514/462
f 397/515/463 396/513/463 292/367/463
f 397/515/463 292/367/463 293/368/463
f 293/368/464 290/365/464 367/514/464
f 295/370/465 398/516/465 293/368/465
f 398/516/465 397/515/465 293/368/465
f 294/369/466 293/368/466 367/514/466
f 296/371/467 320/399/467 398/516/467
f 296/371/467 398/516/467 295/370/467
f 294/369/468 367/514/468 309/384/468
f 298/373/469 318/397/469 296/371/469
f 318/397/469 320/399/469 296/371/469
f 309/384/470 368/517/470 299/374/470
f 309/384/470 299/374/470 298/373/470
f 297/372/471 322/402/471 298/373/471
f 322/402/471 318/397/471 298/373/471
f 321/400/472 322/402/472 297/372/472
f 321/400/472 297/372/472 388/500/472
f 368/517/473 369/518/473 299/374/473
f 369/518/473 302/377/473 299/374/473
f 325/405/474 321/400/474 302/377/474
f 321/400/474 388/500/474 302/377/474
f 323/403/475 325/405/475 301/376/475
f 325/405/475 302/377/475 301/376/475
f 303/378/476 302/377/476 369/518/476
f 363/519/477 324/404/477 386/503/477
f 324/404/477 323/403/477 386/503/477
f 256/386/478 363/520/478 386/498/478
f 256/386/478 386/498/478 311/387/478
f 258/389/479 256/386/479 310/385/479
f 258/389/479 310/385/479 313/390/479
f 259/521/480 258/389/480 389/504/480
f 258/389/480 312/388/480 389/504/480
f 259/521/481 389/504/481 260/392/481
f 389/504/481 315/393/481 260/392/481
f 370/522/482 260/392/482 314/391/482
f 370/522/482 314/391/482 390/506/482
f 370/522/483 390/506/483 391/507/483
f 370/522/483 391/507/483 371/523/483
f 263/524/484 371/523/484 392/509/484
f 263/524/484 392/509/484 393/510/484
f 391/507/485 392/509/485 371/523/485
f 264/395/486 263/524/486 393/510/486
f 264/395/486 393/510/486 317/396/486
f 264/395/487 316/394/487 395/512/487
f 264/395/487 395/512/487 373/525/487
f 373/525/488 395/512/488 396/513/488
f 373/525/488 396/513/488 267/526/488
f 269/527/489 267/526/490 398/516/491
f 267/526/490 397/515/490 398/516/491
f 396/513/492 397/515/492 267/526/492
f 269/527/493 398/516/493 319/398/493
f 398/516/493 320/399/493 319/398/493
f 319/398/494 318/397/494 322/402/494
f 319/398/494 322/402/494 271/401/494
f 271/401/495 321/400/495 324/404/495
f 321/400/495 325/405/495 324/404/495
f 399/528/496 400/529/496 401/530/496
f 399/528/497 401/530/497 402/531/497
f 403/532/498 404/533/498 405/534/498
f 403/532/499 405/534/499 406/535/499
f 407/536/500 408/537/500 409/538/500
f 407/536/501 409/538/501 410/539/501
f 411/540/502 412/541/502 413/542/502
f 414/543/503 415/544/503 416/545/503
f 415/544/504 417/546/504 418/547/504
f 419/548/505 420/549/505 421/550/505
f 422/551/506 423/552/507 424/553/508
f 425/554/509 426/555/510 427/556/511
f 419/548/512 425/554/509 427/556/511
f 428/557/513 429/558/514 430/559/515
f 414/543/516 431/560/517 432/561/518
f 415/544/403 414/543/516 432/561/518
f 415/544/403 432/561/518 433/562/519
f 434/563/520 435/564/520 436/565/520
f 437/566/521 438/567/521 439/568/521
f 440/569/522 441/570/522 442/571/522
f 411/572/523 413/573/523 443/574/523
f 444/575/524 410/539/524 445/576/524
f 410/539/525 409/538/525 445/576/525
f 446/577/526 402/531/526 447/578/526
f 401/530/527 448/579/527 449/580/527
f 450/581/528 451/582/528 452/583/528
f 437/566/529 439/568/529 453/584/529
f 454/585/530 455/586/530 432/587/530
f 456/588/531 457/589/531 431/590/531
f 458/591/532 459/592/532 460/593/532
f 461/594/533 462/595/533 463/596/533
f 464/597/534 465/598/534 466/599/534
f 467/600/535 468/601/535 427/602/535
f 469/603/520 470/604/520 471/605/520
f 472/606/403 473/607/516 474/608/517
f 473/607/516 475/609/402 474/608/517
f 469/603/536 476/610/537 477/611/401
f 469/603/536 478/612/538 476/610/537
f 479/613/539 480/614/539 481/615/539
f 479/613/540 482/616/540 480/614/540
f 483/617/541 484/618/542 485/619/543
f 484/618/542 486/620/544 485/619/543
f 487/621/545 488/622/546 489/623/547
f 473/607/548 472/606/548 490/624/548
f 487/621/549 491/625/549 492/626/549
f 493/627/550 494/628/550 495/629/550
f 496/630/551 497/631/551 498/632/551
f 499/633/552 500/634/552 501/635/552
f 499/633/553 502/636/553 500/634/553
f 503/637/554 504/638/554 505/639/554
f 506/640/555 507/641/555 508/642/555
f 507/641/556 509/643/556 508/642/556
f 510/644/557 511/645/557 512/646/557
f 511/645/558 513/647/558 512/646/558
f 514/648/559 515/649/559 516/650/559
f 444/575/560 413/542/560 517/651/560
f 413/542/560 412/541/561 517/651/560
f 518/652/562 519/653/562 520/654/562
f 494/628/563 498/632/563 521/655/563
f 498/632/564 501/635/564 522/656/564
f 503/637/565 505/639/565 523/657/565
f 524/658/566 506/640/566 525/659/566
f 506/640/567 508/642/567 525/659/567
f 512/646/568 516/650/568 526/660/568
f 527/661/569 528/662/569 474/663/569
f 529/664/570 530/665/570 475/666/570
f 531/667/571 532/668/571 476/669/571
f 533/670/572 534/671/572 480/672/572
f 535/673/573 536/674/573 537/675/573
f 538/676/574 539/677/574 489/678/574
f 540/679/575 541/680/575 542/681/575
f 448/579/576 401/530/576 400/529/576
f 404/533/577 446/577/577 405/534/577
f 543/682/578 409/538/578 408/537/578
f 517/651/579 410/539/579 444/575/579
f 544/683/580 545/684/580 546/685/581
f 545/684/580 547/686/580 546/685/581
f 548/687/296 436/565/298 435/564/297
f 548/687/296 435/564/297 414/543/296
f 549/688/582 544/683/583 428/557/584
f 544/683/583 546/685/582 428/557/584
f 550/689/585 551/690/585 419/548/585
f 551/690/585 425/554/585 419/548/585
f 552/691/303 549/688/304 428/557/303
f 552/691/303 428/557/303 553/692/304
f 414/543/586 416/545/586 548/687/586
f 419/548/587 421/550/587 550/689/587
f 554/693/588 418/547/588 422/551/588
f 418/547/588 417/546/588 422/551/588
f 415/544/589 418/547/589 416/545/589
f 555/694/590 552/691/590 434/563/590
f 552/691/590 553/692/590 434/563/590
f 420/549/591 556/695/591 421/550/591
f 545/684/592 556/695/593 547/686/594
f 556/695/593 420/549/592 547/686/594
f 557/696/595 554/693/595 558/697/596
f 554/693/595 422/551/595 558/697/596
f 551/690/597 557/696/598 425/554/597
f 557/696/598 558/697/597 425/554/597
f 434/563/599 436/565/599 555/694/599
f 416/545/600 418/547/600 554/693/600
f 548/687/600 416/545/600 554/693/600
f 436/565/600 548/687/600 554/693/600
f 555/694/600 436/565/600 554/693/600
f 552/691/600 555/694/600 554/693/600
f 549/688/600 552/691/600 554/693/600
f 544/683/600 549/688/600 554/693/600
f 545/684/600 544/683/600 554/693/600
f 556/695/600 545/684/600 554/693/600
f 421/550/600 556/695/600 554/693/600
f 550/689/600 421/550/600 554/693/600
f 551/690/600 550/689/600 554/693/600
f 557/696/600 551/690/600 554/693/600
f 433/562/519 423/552/507 417/546/601
f 433/562/519 417/546/601 415/544/403
f 426/555/510 425/554/509 558/697/602
f 426/555/510 558/697/602 424/553/508
f 417/546/601 423/552/507 422/551/506
f 422/551/506 424/553/508 558/697/602
f 559/698/603 466/699/604 420/549/605
f 559/698/603 420/549/605 419/548/512
f 419/548/512 427/556/511 559/698/603
f 466/699/604 560/700/606 420/549/605
f 560/700/606 547/686/606 420/549/605
f 560/700/606 429/558/514 546/685/607
f 560/700/606 546/685/607 547/686/606
f 430/559/515 463/701/608 553/692/537
f 430/559/515 553/692/537 428/557/513
f 546/685/607 429/558/514 428/557/513
f 463/701/608 460/702/608 553/692/537
f 460/702/608 434/563/609 553/692/537
f 431/560/517 435/564/517 460/702/608
f 435/564/517 434/563/609 460/702/608
f 435/564/517 431/560/517 414/543/516
f 455/586/610 412/541/610 561/703/610
f 412/541/610 411/540/610 561/703/610
f 562/704/611 563/705/611 452/706/612
f 449/707/613 562/704/611 452/706/612
f 447/708/614 449/707/613 452/706/612
f 564/709/613 447/708/614 452/706/612
f 565/710/615 564/709/613 452/706/612
f 445/711/611 565/710/615 452/706/612
f 566/712/611 445/711/611 452/706/612
f 453/713/611 566/712/611 452/706/612
f 567/714/616 450/581/616 441/570/616
f 567/714/617 441/570/617 440/569/617
f 438/567/618 443/574/618 439/568/618
f 561/715/619 411/572/619 568/716/619
f 411/572/619 443/574/619 568/716/619
f 413/573/620 566/717/620 443/574/620
f 566/718/621 413/542/621 445/576/621
f 413/542/621 444/575/621 445/576/621
f 454/585/622 517/651/622 412/541/622
f 454/585/622 412/541/622 455/586/622
f 457/589/623 410/539/623 454/585/623
f 410/539/623 517/651/623 454/585/623
f 456/588/624 407/536/624 457/589/624
f 407/536/624 410/539/624 457/589/624
f 459/592/625 408/537/625 407/536/625
f 459/592/625 407/536/625 456/588/625
f 409/538/626 565/719/626 445/576/626
f 458/591/627 543/682/627 408/537/627
f 458/591/627 408/537/627 459/592/627
f 543/682/628 565/719/628 409/538/628
f 564/720/629 565/719/629 543/682/630
f 564/720/629 543/682/630 406/535/629
f 406/535/631 543/682/631 458/591/631
f 406/535/631 458/591/631 462/595/631
f 461/594/632 403/532/632 406/535/632
f 461/594/632 406/535/632 462/595/632
f 405/534/633 564/720/633 406/535/633
f 569/721/634 404/533/634 403/532/634
f 569/721/634 403/532/634 461/594/634
f 447/578/635 564/720/635 405/534/635
f 447/578/635 405/534/635 446/577/635
f 570/722/636 446/577/636 569/721/636
f 446/577/636 404/533/636 569/721/636
f 571/723/637 402/531/637 570/722/637
f 402/531/637 446/577/637 570/722/637
f 447/578/638 402/531/638 401/530/638
f 447/578/638 401/530/638 449/580/639
f 399/528/640 402/531/640 571/723/640
f 399/528/640 571/723/640 572/724/640
f 400/529/641 399/528/641 573/725/641
f 399/528/641 572/724/641 573/725/641
f 465/598/642 448/579/643 573/725/643
f 448/579/643 400/529/643 573/725/643
f 449/580/644 448/579/644 562/726/644
f 448/579/644 574/727/644 562/726/644
f 574/727/645 448/579/645 464/597/645
f 448/579/645 465/598/645 464/597/645
f 442/571/646 574/727/646 575/728/646
f 574/727/646 464/597/646 575/728/646
f 442/571/647 562/726/647 574/727/647
f 562/726/648 442/571/648 563/729/648
f 442/571/648 441/570/648 563/729/648
f 440/569/649 442/571/649 468/601/649
f 442/571/649 575/728/649 468/601/649
f 567/714/650 440/569/650 467/600/650
f 440/569/650 468/601/650 467/600/650
f 452/583/651 563/729/651 450/581/651
f 563/729/651 441/570/651 450/581/651
f 450/581/652 567/714/652 467/600/652
f 450/581/652 467/600/652 576/730/652
f 577/731/653 451/582/653 450/581/653
f 577/731/653 450/581/653 576/730/653
f 453/584/654 452/583/654 437/566/654
f 452/583/654 451/582/654 437/566/654
f 578/732/655 437/566/655 577/731/655
f 437/566/655 451/582/655 577/731/655
f 579/733/656 438/567/656 578/732/656
f 438/567/656 437/566/656 578/732/656
f 566/717/657 453/584/658 439/568/657
f 566/717/657 439/568/657 443/574/657
f 568/716/659 443/574/659 579/733/659
f 443/574/659 438/567/659 579/733/659
f 433/734/660 561/715/660 423/735/661
f 561/715/660 568/716/661 423/735/661
f 433/736/662 432/587/662 561/703/662
f 432/587/662 455/586/662 561/703/662
f 431/590/663 457/589/663 454/585/663
f 431/590/663 454/585/663 432/587/663
f 431/590/664 460/593/664 456/588/664
f 460/593/664 459/592/664 456/588/664
f 460/593/665 463/596/665 462/595/665
f 460/593/665 462/595/665 458/591/665
f 430/737/666 569/721/666 461/594/666
f 430/737/666 461/594/666 463/596/666
f 430/737/667 429/738/667 569/721/667
f 429/738/667 570/722/667 569/721/667
f 560/739/668 572/724/669 429/738/670
f 572/724/669 571/723/668 429/738/670
f 570/722/671 429/738/671 571/723/671
f 560/739/672 466/599/672 573/725/672
f 466/599/672 465/598/672 573/725/672
f 572/724/673 560/739/673 573/725/673
f 466/599/674 559/740/674 575/728/674
f 466/599/674 575/728/674 464/597/674
f 559/740/675 427/602/675 575/728/675
f 427/602/675 468/601/675 575/728/675
f 426/741/676 576/730/676 427/602/676
f 576/730/676 467/600/676 427/602/676
f 424/742/677 577/731/677 576/730/677
f 424/742/677 576/730/677 426/741/677
f 423/735/678 579/733/678 424/742/678
f 579/733/678 578/732/678 424/742/678
f 577/731/679 424/742/679 578/732/679
f 579/733/680 423/735/680 568/716/680
f 580/743/609 581/744/608 472/606/403
f 580/743/609 472/606/403 474/608/517
f 522/745/251 582/746/250 523/747/249
f 521/748/681 522/745/251 523/747/249
f 583/749/250 521/748/681 523/747/249
f 584/750/250 583/749/250 523/747/249
f 526/751/250 584/750/250 523/747/249
f 585/752/250 526/751/250 523/747/249
f 525/753/250 585/752/250 523/747/249
f 586/754/250 525/753/250 523/747/249
f 477/611/401 475/609/402 470/604/682
f 477/611/401 470/604/682 469/603/536
f 470/604/682 475/609/402 473/607/516
f 587/755/538 478/612/538 588/756/683
f 587/755/538 588/756/683 589/757/684
f 478/612/538 587/755/538 476/610/537
f 589/757/685 588/756/685 481/615/685
f 588/756/685 479/613/685 481/615/685
f 485/619/686 590/758/686 483/617/686
f 590/758/686 482/616/686 483/617/686
f 482/616/687 590/758/687 480/614/687
f 486/620/544 484/618/542 491/625/688
f 486/620/544 491/625/688 537/759/544
f 487/621/545 537/759/544 491/625/688
f 487/621/545 489/623/547 537/759/544
f 488/622/546 542/760/689 489/623/547
f 581/744/608 542/760/689 488/622/546
f 581/744/608 580/743/609 542/760/689
f 591/761/690 592/762/690 479/613/690
f 592/762/690 482/616/690 479/613/690
f 593/763/600 594/764/600 592/762/600
f 492/626/600 593/763/600 592/762/600
f 595/765/600 492/626/600 592/762/600
f 596/766/600 595/765/600 592/762/600
f 597/767/600 596/766/600 592/762/600
f 490/624/600 597/767/600 592/762/600
f 598/768/600 490/624/600 592/762/600
f 471/605/600 598/768/600 592/762/600
f 599/769/600 471/605/600 592/762/600
f 600/770/600 599/769/600 592/762/600
f 601/771/600 600/770/600 592/762/600
f 591/761/600 601/771/600 592/762/600
f 487/621/691 492/626/691 595/765/691
f 595/765/692 596/766/692 487/621/692
f 596/766/692 488/622/692 487/621/692
f 469/603/599 471/605/599 599/769/599
f 599/769/590 600/770/590 469/603/590
f 600/770/590 478/612/590 469/603/590
f 592/762/693 594/764/694 482/616/693
f 594/764/694 483/617/693 482/616/693
f 596/766/417 597/767/417 581/744/417
f 596/766/417 581/744/417 488/622/417
f 597/767/695 490/624/695 581/744/695
f 490/624/695 472/606/695 581/744/695
f 594/764/696 593/763/696 483/617/697
f 593/763/696 484/618/696 483/617/697
f 600/770/698 601/771/698 478/612/698
f 601/771/698 588/756/698 478/612/698
f 593/763/699 492/626/699 484/618/699
f 492/626/699 491/625/699 484/618/699
f 473/607/700 490/624/700 598/768/700
f 591/761/701 479/613/701 601/771/701
f 479/613/701 588/756/701 601/771/701
f 598/768/296 471/605/298 470/604/298
f 598/768/296 470/604/298 473/607/296
f 494/628/702 493/627/702 498/632/702
f 493/627/702 496/630/702 498/632/702
f 602/772/703 495/629/703 519/773/703
f 528/662/704 495/629/704 603/774/704
f 495/629/704 602/772/704 603/774/704
f 497/631/705 501/635/705 498/632/705
f 502/636/706 503/637/706 500/634/706
f 504/638/707 604/775/707 505/639/707
f 509/643/708 510/644/708 508/642/708
f 513/647/709 516/650/709 512/646/709
f 605/776/710 515/649/710 514/648/710
f 520/654/711 515/649/711 605/776/711
f 602/777/712 519/653/712 518/652/712
f 521/655/713 583/778/713 519/773/713
f 521/655/713 519/773/713 495/629/713
f 603/779/714 602/777/714 540/679/715
f 602/777/714 518/652/714 540/679/715
f 527/661/716 493/627/716 528/662/716
f 493/627/716 495/629/716 528/662/716
f 494/628/717 521/655/717 495/629/717
f 530/665/718 496/630/718 493/627/718
f 530/665/718 493/627/718 527/661/718
f 529/664/719 497/631/720 530/665/721
f 497/631/720 496/630/719 530/665/721
f 498/632/722 522/656/722 521/655/722
f 606/780/723 501/635/723 529/664/723
f 501/635/723 497/631/723 529/664/723
f 522/656/724 501/635/724 500/634/724
f 522/656/724 500/634/724 582/781/724
f 532/668/725 499/633/725 606/780/725
f 499/633/725 501/635/725 606/780/725
f 531/667/726 502/636/726 499/633/726
f 531/667/726 499/633/726 532/668/726
f 582/781/727 500/634/727 503/637/727
f 582/781/727 503/637/727 523/657/727
f 607/782/728 503/637/728 502/636/728
f 607/782/728 502/636/728 531/667/728
f 504/638/729 503/637/729 608/783/729
f 503/637/729 607/782/729 608/783/729
f 586/784/730 523/657/730 505/639/730
f 586/784/730 505/639/730 604/775/730
f 609/785/731 604/775/731 608/783/731
f 604/775/731 504/638/731 608/783/731
f 610/786/732 611/787/732 609/785/732
f 611/787/732 604/775/732 609/785/732
f 611/787/733 586/784/733 604/775/733
f 586/784/734 611/787/734 524/658/734
f 586/784/734 524/658/734 525/659/734
f 534/671/735 524/658/735 610/786/735
f 524/658/735 611/787/735 610/786/735
f 506/640/736 524/658/736 533/670/736
f 524/658/736 534/671/736 533/670/736
f 507/641/737 506/640/737 612/788/737
f 506/640/737 533/670/737 612/788/737
f 509/643/738 507/641/738 612/788/738
f 509/643/738 612/788/738 613/789/738
f 508/642/739 585/790/739 525/659/739
f 614/791/740 510/644/740 509/643/740
f 614/791/740 509/643/740 613/789/740
f 510/644/741 585/790/741 508/642/741
f 511/645/742 510/644/742 615/792/742
f 510/644/742 614/791/742 615/792/742
f 512/646/743 585/790/743 510/644/743
f 513/647/744 511/645/744 615/792/744
f 513/647/744 615/792/744 536/674/744
f 512/646/745 526/660/745 585/790/745
f 516/650/746 513/647/746 535/673/746
f 513/647/746 536/674/746 535/673/746
f 526/660/747 516/650/747 515/649/747
f 526/660/747 515/649/747 584/793/747
f 514/648/748 516/650/748 539/677/748
f 516/650/748 535/673/748 539/677/748
f 538/676/749 605/776/749 514/648/749
f 538/676/749 514/648/749 539/677/749
f 584/793/750 515/649/750 583/794/750
f 515/649/750 520/654/750 583/794/750
f 541/680/751 520/654/751 538/676/751
f 520/654/751 605/776/751 538/676/751
f 540/679/752 518/652/752 541/680/752
f 518/652/752 520/654/752 541/680/752
f 519/653/753 583/794/753 520/654/753
f 580/795/754 603/779/754 542/681/754
f 603/779/754 540/679/754 542/681/754
f 474/663/755 528/662/755 603/774/755
f 474/663/755 603/774/755 580/796/755
f 475/666/756 530/665/756 527/661/756
f 475/666/756 527/661/756 474/663/756
f 477/797/757 606/780/757 475/666/757
f 606/780/757 529/664/757 475/666/757
f 477/797/758 476/669/758 606/780/758
f 476/669/758 532/668/758 606/780/758
f 587/798/759 607/782/759 531/667/759
f 587/798/759 531/667/759 476/669/759
f 587/798/760 589/799/760 608/783/760
f 587/798/760 608/783/760 607/782/760
f 481/800/761 610/786/761 609/785/761
f 481/800/761 609/785/761 589/799/761
f 608/783/762 589/799/762 609/785/762
f 480/672/763 534/671/763 610/786/763
f 480/672/763 610/786/763 481/800/763
f 480/672/764 590/801/764 612/788/764
f 480/672/764 612/788/764 533/670/764
f 590/801/765 485/802/765 613/789/765
f 590/801/765 613/789/765 612/788/765
f 486/803/766 615/792/767 485/802/768
f 615/792/767 614/791/767 485/802/768
f 613/789/769 485/802/769 614/791/769
f 486/803/770 537/675/770 615/792/770
f 537/675/770 536/674/770 615/792/770
f 537/675/771 489/678/771 539/677/771
f 537/675/771 539/677/771 535/673/771
f 489/678/772 542/681/772 538/676/772
f 542/681/772 541/680/772 538/676/772
f 616/804/773 617/805/774 618/806/775
f 619/807/776 620/808/777 621/809/778
f 619/807/776 621/809/778 622/810/779
f 621/809/778 623/811/780 622/810/779
f 624/812/781 625/813/782 626/814/782
f 626/814/782 619/807/776 624/812/781
f 619/807/776 622/810/779 624/812/781
f 623/811/780 627/815/783 628/816/784
f 622/810/779 623/811/780 628/816/784
f 616/804/773 628/816/784 629/817/785
f 629/817/785 628/816/784 627/815/783
f 630/818/786 631/819/787 632/820/786
f 631/819/787 616/804/773 618/806/775
f 632/820/786 631/819/787 618/806/775
f 633/821/788 618/806/775 617/805/774
f 629/817/785 617/805/774 616/804/773
f 634/822/789 636/824/790 635/823/790
f 635/823/790 636/824/790 637/825/789
f 638/826/791 639/827/791 640/828/791
f 638/826/791 640/828/791 641/829/791
f 642/830/792 643/831/792 644/832/792
f 642/830/792 644/832/792 645/833/792
f 646/834/793 648/836/794 647/835/793
f 647/835/793 648/836/794 649/837/793
f 1/184/158 26/59/55 651/28/26 650/1/1
f 20/185/159 1/184/158 650/1/1 652/22/20
f 26/59/55 101/58/54 653/137/115 651/28/26
f 654/186/162 20/185/159 652/22/20 55/120/110
f 101/58/54 119/60/58 655/156/133 653/137/115
f 119/60/58 654/186/162 55/120/110 655/156/133
f 26/59/55 1/184/158 656/184/161 658/59/56
f 654/186/162 119/60/58 661/60/59 657/186/163
usemtl Material.005
f 656/184/161 660/185/160 657/186/163
f 656/184/161 657/186/163 658/59/56
f 659/58/57 658/59/56 657/186/163
f 659/58/57 657/186/163 661/60/59
